rgi_id,lon,lat,area_km2
RGI2000-v7.0-G-15-01964,80.54344693588295,30.439262499999998,0.307008132652892
RGI2000-v7.0-G-15-01965,80.54395364315883,30.4345135,0.20341064862383
RGI2000-v7.0-G-15-01966,80.54528483088828,30.424868,7.20641261944222
RGI2000-v7.0-G-15-01997,80.65805415823328,30.409939,0.191924793355984
RGI2000-v7.0-G-15-01998,80.67398805423804,30.404167,3.749536284335092
RGI2000-v7.0-G-15-01999,80.68225433912019,30.39248,0.813982832691272
RGI2000-v7.0-G-15-02000,80.68496381665537,30.38722,0.039005040601193
RGI2000-v7.0-G-15-02001,80.693544264933,30.402213,0.479709345831788
RGI2000-v7.0-G-15-02002,80.7040229052123,30.408,1.574928758166665
RGI2000-v7.0-G-15-02003,80.70483020582559,30.4155795,0.112874043954023
RGI2000-v7.0-G-15-02018,80.763250721718,30.371506,0.062537490686807
RGI2000-v7.0-G-15-02019,80.76822459137165,30.366488500000003,0.032611749620707
RGI2000-v7.0-G-15-02020,80.7607757790224,30.362941,0.700762414704908
RGI2000-v7.0-G-15-02021,80.77111893854166,30.356945500000002,0.580611541569645
RGI2000-v7.0-G-15-02022,80.771501,30.347013500000003,0.06555488741081
RGI2000-v7.0-G-15-02023,80.77656197025172,30.3439555,1.842274881530225
RGI2000-v7.0-G-15-02024,80.80056221546005,30.33239,0.128519915882469
RGI2000-v7.0-G-15-02025,80.8027547746479,30.323369,0.084742732682361
RGI2000-v7.0-G-15-02026,80.79697791563471,30.323572,0.268376650027813
RGI2000-v7.0-G-15-02027,80.79908626836158,30.3136645,0.268634790188328
RGI2000-v7.0-G-15-02028,80.81112729237287,30.303072,0.103685075291643
RGI2000-v7.0-G-15-02029,80.81804291644112,30.3099025,2.554520992318285
RGI2000-v7.0-G-15-02030,80.83188535954642,30.3084115,0.551734410728258
RGI2000-v7.0-G-15-02050,80.9128802809052,30.2915925,0.070774249596104
RGI2000-v7.0-G-15-02051,80.91101298891212,30.296194,0.446241996204008
RGI2000-v7.0-G-15-02052,80.9192381529484,30.284097,0.056083195599887
RGI2000-v7.0-G-15-02053,80.92782602569217,30.275244,0.218286878879696
RGI2000-v7.0-G-15-02055,80.94293589137052,30.268183999999998,0.02329903904936
RGI2000-v7.0-G-15-02056,80.96279700854701,30.265875,0.08409759102798
RGI2000-v7.0-G-15-02057,80.96895439904326,30.2717655,0.192010110646051
RGI2000-v7.0-G-15-02058,80.89575657830312,30.304125,0.388114380679925
RGI2000-v7.0-G-15-02059,80.88612594961948,30.302913,0.264636344084419
RGI2000-v7.0-G-15-02060,80.88074866504812,30.3022585,0.059249203457551
RGI2000-v7.0-G-15-02061,80.85038697610037,30.2946685,0.118819504791246
RGI2000-v7.0-G-15-02062,80.84692264647578,30.290875,0.109428820347815
RGI2000-v7.0-G-15-02063,80.84547347245277,30.2872335,0.026562533498149
RGI2000-v7.0-G-15-02064,80.85008097026432,30.2847355,0.321863824110597
RGI2000-v7.0-G-15-02065,80.83988918472244,30.277849,0.61157372472576
RGI2000-v7.0-G-15-02066,80.83111770971303,30.269921,0.042942789821745
RGI2000-v7.0-G-15-02067,80.84905348478226,30.263019,0.185648702663727
RGI2000-v7.0-G-15-02068,80.85645619945845,30.260303,0.424080011978192
RGI2000-v7.0-G-15-02069,80.85583689492552,30.267508499999998,0.244224476663014
RGI2000-v7.0-G-15-02070,80.87446057794227,30.265559000000003,0.04152103100613
RGI2000-v7.0-G-15-02071,80.85640588347458,30.2510785,0.222755998850601
RGI2000-v7.0-G-15-02072,80.86896614403736,30.238598,0.088660095665519
RGI2000-v7.0-G-15-02073,80.83868772617637,30.293067999999998,1.016862146414535
RGI2000-v7.0-G-15-02074,80.84830955602538,30.3053635,2.796743491019093
RGI2000-v7.0-G-15-02083,80.75274673092999,30.373393,0.475129223825442
RGI2000-v7.0-G-15-02084,80.74869709220835,30.366315,0.259754374773517
RGI2000-v7.0-G-15-02085,80.74185030724549,30.3803025,0.482603850912843
RGI2000-v7.0-G-15-02086,80.73778210891561,30.3902335,0.149235729066162
RGI2000-v7.0-G-15-02087,80.73527624189815,30.3969095,0.062666796542844
RGI2000-v7.0-G-15-02121,80.9236670870923,30.1740695,0.148471415424432
RGI2000-v7.0-G-15-02122,80.928752519635,30.1782225,0.271453892569415
RGI2000-v7.0-G-15-02123,80.93755797620868,30.1807905,0.027729033111303
RGI2000-v7.0-G-15-02124,80.9419165,30.180414,0.079621386619172
RGI2000-v7.0-G-15-02125,80.939442625,30.190706499999997,0.294518990643569
RGI2000-v7.0-G-15-02126,80.95011704394994,30.193496500000002,0.463586619062022
RGI2000-v7.0-G-15-02127,80.9579413758301,30.187598,0.173396542467313
RGI2000-v7.0-G-15-02128,80.9645018510128,30.1894415,0.079422371352723
RGI2000-v7.0-G-15-02129,80.95184771039776,30.173732,0.887519046325039
RGI2000-v7.0-G-15-02130,80.93194105147079,30.1665585,0.229192222188628
RGI2000-v7.0-G-15-02131,80.92324597308811,30.192086000000003,1.155906429690409
RGI2000-v7.0-G-15-02132,80.99465995251572,30.1899375,0.143613892019737
RGI2000-v7.0-G-15-02133,81.02738594824042,30.197825,0.248153755295964
RGI2000-v7.0-G-15-02134,81.04371541500925,30.182025000000003,0.12043743916921
RGI2000-v7.0-G-15-02135,81.04005368167817,30.175312,0.152149089472102
RGI2000-v7.0-G-15-02136,81.04803883583182,30.1689145,1.537026997170748
RGI2000-v7.0-G-15-02137,81.05718905465358,30.1563975,0.258532188719356
RGI2000-v7.0-G-15-02138,81.06446851093384,30.155694,0.244782090116466
RGI2000-v7.0-G-15-02139,81.07544062433035,30.145847500000002,1.782331876842567
RGI2000-v7.0-G-15-02141,81.08283465925366,30.1371835,0.112644045491601
RGI2000-v7.0-G-15-02145,81.08491275295711,30.1131545,0.308485878838543
RGI2000-v7.0-G-15-02146,81.0723877614536,30.120655499999998,0.175072102523889
RGI2000-v7.0-G-15-02147,81.07323609601293,30.1283805,0.424084134124271
RGI2000-v7.0-G-15-02148,81.067535132011,30.1107825,3.583280102972296
RGI2000-v7.0-G-15-02149,81.07778450676423,30.097395499999998,0.188570524128741
RGI2000-v7.0-G-15-02150,81.08285674619006,30.095967,0.034684567629406
RGI2000-v7.0-G-15-02151,81.09007346168309,30.093030499999998,0.380626762335083
RGI2000-v7.0-G-15-02152,81.08887334859155,30.0821015,2.825618214973193
RGI2000-v7.0-G-15-02153,81.10288449947049,30.091403,0.07056302765268
RGI2000-v7.0-G-15-02157,81.08809754166357,30.057705,8.16898980486267
RGI2000-v7.0-G-15-02158,81.07985338099276,30.0505765,0.215940911085774
RGI2000-v7.0-G-15-02159,81.07238152139725,30.043989,0.059757882192461
RGI2000-v7.0-G-15-02160,81.07272186053368,30.038752000000002,0.130913793667518
RGI2000-v7.0-G-15-02161,81.07364971866939,30.0341415,0.262577491923463
RGI2000-v7.0-G-15-02162,81.06398477736501,30.032601,0.210949441250037
RGI2000-v7.0-G-15-02163,81.06421428382663,30.0241195,0.37224504517926
RGI2000-v7.0-G-15-02164,81.05447851651822,30.027352999999998,0.033963806817552
RGI2000-v7.0-G-15-02165,81.05213393945583,30.018054499999998,0.733504932634234
RGI2000-v7.0-G-15-02166,81.04956850803558,30.010649,0.425283559544015
RGI2000-v7.0-G-15-02167,81.04508663704107,30.00488,0.129258824523631
RGI2000-v7.0-G-15-02168,81.045500446716,29.998948,0.339027709071031
RGI2000-v7.0-G-15-02169,81.0274435665909,30.0104245,0.218622246956073
RGI2000-v7.0-G-15-02170,81.01310442490119,30.020335,5.803181907218472
RGI2000-v7.0-G-15-02171,80.98975224750367,30.0018165,0.197947361214549
RGI2000-v7.0-G-15-02172,80.97769185619907,30.004294,0.026118636999692
RGI2000-v7.0-G-15-02173,80.96894288452916,30.0020235,0.573250303334001
RGI2000-v7.0-G-15-02174,80.95931765406468,30.001396,0.630498987031747
RGI2000-v7.0-G-15-02175,80.949595,29.996549,0.059823143212396
RGI2000-v7.0-G-15-02176,80.94456403886011,30.0029825,0.347946153813718
RGI2000-v7.0-G-15-02177,80.94796233312059,29.987476,0.787723830966174
RGI2000-v7.0-G-15-02178,80.93308130101875,29.98921,0.078671153137815
RGI2000-v7.0-G-15-02179,80.92983709804778,29.992821499999998,1.050335576149612
RGI2000-v7.0-G-15-02180,80.92116692721518,29.98736,0.148373355918224
RGI2000-v7.0-G-15-02181,80.91585526785715,29.996913499999998,0.524146989961007
RGI2000-v7.0-G-15-02182,80.90399385882358,29.9998365,0.184165567606232
RGI2000-v7.0-G-15-02183,80.88995659841493,30.000128500000002,0.441518487191471
RGI2000-v7.0-G-15-02184,80.87825681989247,29.996809499999998,0.981157020649057
RGI2000-v7.0-G-15-02185,80.86792179999715,30.002173499999998,2.040257523450204
RGI2000-v7.0-G-15-02186,80.87808879979676,30.0151245,0.129594460998465
RGI2000-v7.0-G-15-02187,80.87015831120115,30.024680500000002,1.751515033693346
RGI2000-v7.0-G-15-02188,80.86048055143263,30.0237985,0.267635252849969
RGI2000-v7.0-G-15-02189,80.85861915447335,30.018901,0.189122555586961
RGI2000-v7.0-G-15-02190,80.85992263515078,30.0313685,1.255769562608081
RGI2000-v7.0-G-15-02191,80.85669355930582,30.037323999999998,0.389823094508515
RGI2000-v7.0-G-15-02192,80.85280575589971,30.035447499999997,0.343537446700622
RGI2000-v7.0-G-15-02193,80.85482689388257,30.044951,0.613270742937741
RGI2000-v7.0-G-15-02194,80.84783390084135,30.0486945,0.093548519664167
RGI2000-v7.0-G-15-02195,80.8535163232755,30.054603999999998,0.642029231977802
RGI2000-v7.0-G-15-02196,80.89819083646287,30.0437915,0.113216578682122
RGI2000-v7.0-G-15-02197,80.91547335220126,30.030016,12.86529234102396
RGI2000-v7.0-G-15-02198,80.92371937820914,30.041766000000003,5.532749880225446
RGI2000-v7.0-G-15-02199,80.93448158488019,30.0469955,0.040672351078077
RGI2000-v7.0-G-15-02200,80.93851323300996,30.033513,0.083082905338195
RGI2000-v7.0-G-15-02201,80.95093099703563,30.036087000000002,5.862032031978619
RGI2000-v7.0-G-15-02202,80.97941489316315,30.035789,4.499577428642719
RGI2000-v7.0-G-15-02203,80.96231407259836,30.0130515,0.1078765847604
RGI2000-v7.0-G-15-02204,80.98143165894737,29.991022,1.721862154240535
RGI2000-v7.0-G-15-02205,80.99462348797363,29.98355,0.147220505015209
RGI2000-v7.0-G-15-02206,80.99078025200004,29.975306,1.145124979940592
RGI2000-v7.0-G-15-02207,81.0040133276724,29.971603,0.053678678059678
RGI2000-v7.0-G-15-02208,81.01222810454443,29.9674625,4.17375147773411
RGI2000-v7.0-G-15-02209,81.01693145227765,29.980438,0.202084954230728
RGI2000-v7.0-G-15-02210,81.00441308510011,29.950684000000003,1.044775637170858
RGI2000-v7.0-G-15-02211,80.99951320369526,29.944996,0.219376398166367
RGI2000-v7.0-G-15-02212,80.99125422076148,29.940238,1.657925482028946
RGI2000-v7.0-G-15-02213,80.98239029734043,29.9365275,0.919465210391419
RGI2000-v7.0-G-15-02214,80.9769425199982,29.9346125,0.185428655916226
RGI2000-v7.0-G-15-02215,80.9710815752841,29.9344955,0.098823263117866
RGI2000-v7.0-G-15-02216,80.975865,29.926352,0.089210905176813
RGI2000-v7.0-G-15-02217,80.9865930392094,29.922402499999997,0.066170825411384
RGI2000-v7.0-G-15-02218,80.99429709120638,29.921633,0.405427486591425
RGI2000-v7.0-G-15-02219,81.00114842880546,29.9284075,0.111340693350265
RGI2000-v7.0-G-15-02220,80.99696326160887,29.9328165,0.341643250893148
RGI2000-v7.0-G-15-02221,81.00683141834011,29.9346985,0.173850362204654
RGI2000-v7.0-G-15-02222,81.01021078627626,29.937810499999998,0.393866842149884
RGI2000-v7.0-G-15-02223,81.0119752946602,29.9451825,0.041584808162504
RGI2000-v7.0-G-15-02224,81.02119903539824,29.943139000000002,2.525030169070518
RGI2000-v7.0-G-15-02225,81.03209258766503,29.94335,0.907941244599676
RGI2000-v7.0-G-15-02226,81.03691337936681,29.9487295,0.207932240911865
RGI2000-v7.0-G-15-02227,81.05150900127404,29.9537615,0.87896041378758
RGI2000-v7.0-G-15-02228,81.05403564981368,29.9483275,0.125701835319947
RGI2000-v7.0-G-15-02229,81.05822013773945,29.963163,0.066517728913746
RGI2000-v7.0-G-15-02230,81.06434758802817,29.969315,0.065407739758903
RGI2000-v7.0-G-15-02231,81.08354086620952,30.003696,16.48441633017504
RGI2000-v7.0-G-15-02232,81.11869548074435,29.9995765,2.376916889649362
RGI2000-v7.0-G-15-02233,81.13008976797475,30.0006705,1.840885042047516
RGI2000-v7.0-G-15-02234,81.1419992143951,29.990234,0.05915698577486
RGI2000-v7.0-G-15-02235,81.14162349234098,29.976574499999998,2.926974242185377
RGI2000-v7.0-G-15-02236,81.12944926616237,29.974133000000002,0.116048326642867
RGI2000-v7.0-G-15-02237,81.12183809495842,29.97582,0.178947143121974
RGI2000-v7.0-G-15-02238,81.12016627993995,29.9819715,0.624586609707462
RGI2000-v7.0-G-15-02239,81.117964227324,29.9894645,0.637537185874034
RGI2000-v7.0-G-15-02240,81.11840698505375,29.965691999999997,1.178331589712147
RGI2000-v7.0-G-15-02241,81.1151305948971,29.9613815,1.605577241889103
RGI2000-v7.0-G-15-02242,81.1152783470969,29.9500495,0.242107952914334
RGI2000-v7.0-G-15-02243,81.13731387975633,29.947907,2.323526276025981
RGI2000-v7.0-G-15-02244,81.13835658284023,29.936790000000002,0.223907363392582
RGI2000-v7.0-G-15-02245,81.13766714312976,29.961161,2.209473704602226
RGI2000-v7.0-G-15-02246,81.17365842303533,29.96814,0.078628894816543
RGI2000-v7.0-G-15-02247,81.18413288862124,30.008558999999998,0.167103220771929
RGI2000-v7.0-G-15-02249,81.1977583569688,30.013089,1.270642162523494
RGI2000-v7.0-G-15-02250,81.20098282505285,30.018404500000003,0.025921513297226
RGI2000-v7.0-G-15-02254,81.21749261723983,30.00124,0.218073320520755
RGI2000-v7.0-G-15-02256,81.25018235524132,30.027978500000003,0.066645523264446
RGI2000-v7.0-G-15-02257,81.24671643224056,30.02894,0.030302764384288
RGI2000-v7.0-G-15-02258,81.2752937296773,30.047384,0.091456756372765
RGI2000-v7.0-G-15-02259,81.28225540095629,30.045322499999997,0.119179029785453
RGI2000-v7.0-G-15-02260,81.28942544635194,30.0387765,0.073875638927643
RGI2000-v7.0-G-15-02261,81.30593961321176,30.034934,0.237506878329143
RGI2000-v7.0-G-15-02262,81.31318049445184,30.034129999999998,0.163028303850415
RGI2000-v7.0-G-15-02263,81.3112015136291,30.0397075,0.306973862602955
RGI2000-v7.0-G-15-02264,81.32670245194569,30.0303775,0.197254594784993
RGI2000-v7.0-G-15-02265,81.33147046413282,30.021368,0.405771577685553
RGI2000-v7.0-G-15-02266,81.31837811163342,30.018128,0.205186885039637
RGI2000-v7.0-G-15-02267,81.3519158525641,30.0196545,0.159763452069309
RGI2000-v7.0-G-15-02268,81.3617048622232,30.016216999999997,0.505384766191314
RGI2000-v7.0-G-15-02269,81.37948949857073,30.011312,0.077238765185645
RGI2000-v7.0-G-15-02270,81.39143538585729,29.933503,0.127367978058675
RGI2000-v7.0-G-15-02271,81.38832878125825,29.9309985,0.159079857823802
RGI2000-v7.0-G-15-02272,81.3930749466408,29.9183935,0.019221328603098
RGI2000-v7.0-G-15-02273,81.39507217906022,29.915518499999997,0.038379545113264
RGI2000-v7.0-G-15-02274,81.40770763647137,29.910149500000003,0.1829957609694
RGI2000-v7.0-G-15-02275,81.41066241342632,29.919289,0.390154768067651
RGI2000-v7.0-G-15-02276,81.42936744502705,29.922490500000002,2.292093938306405
RGI2000-v7.0-G-15-02277,81.44484164009216,29.918522,1.432570036588626
RGI2000-v7.0-G-15-02278,81.45292522433036,29.924376000000002,0.57568680829233
RGI2000-v7.0-G-15-02279,81.45716236477489,29.9196505,0.195758525385717
RGI2000-v7.0-G-15-02280,81.46364261363637,29.921168,0.105335217214633
RGI2000-v7.0-G-15-02281,81.46656214795439,29.9309835,0.098899340799527
RGI2000-v7.0-G-15-02282,81.47955397328931,29.921774999999997,13.880726388115262
RGI2000-v7.0-G-15-02283,81.4951015,29.9327915,0.042045969286893
RGI2000-v7.0-G-15-02284,81.50409400000001,29.936537,0.199649570539343
RGI2000-v7.0-G-15-02285,81.50810903270195,29.9359675,0.133612649247653
RGI2000-v7.0-G-15-02286,81.51238844744466,29.938578,0.275390142412064
RGI2000-v7.0-G-15-02287,81.52034399554269,29.9279115,0.309078418597336
RGI2000-v7.0-G-15-02288,81.52723715105263,29.935377000000003,1.102712735352933
RGI2000-v7.0-G-15-02289,81.53548750606232,29.936404500000002,0.099540573322105
RGI2000-v7.0-G-15-02290,81.54728793688845,29.932885,0.103515089769921
RGI2000-v7.0-G-15-02291,81.52433981272281,29.9163235,3.287082116850188
RGI2000-v7.0-G-15-02292,81.50952517420339,29.9181935,0.174689111582588
RGI2000-v7.0-G-15-02293,81.50632051559197,29.923818,1.227794315562687
RGI2000-v7.0-G-15-02294,81.51293303762105,29.9516985,0.263088598621344
RGI2000-v7.0-G-15-02295,81.49647576227773,30.004144500000002,0.125553489655145
RGI2000-v7.0-G-15-02296,81.5083539702783,30.014739499999997,0.674081421522706
RGI2000-v7.0-G-15-02297,81.52124365906661,30.008252,0.067810514488158
RGI2000-v7.0-G-15-02298,81.52495447809798,30.013081,0.336290849798568
RGI2000-v7.0-G-15-02299,81.53075629530201,30.004440000000002,0.043633863261117
RGI2000-v7.0-G-15-02300,81.536947,30.0112205,0.202603365319335
RGI2000-v7.0-G-15-02301,81.54245891646254,30.000565,0.220228700464988
RGI2000-v7.0-G-15-02302,81.4774094670542,30.002843,0.044499341264525
RGI2000-v7.0-G-15-02303,81.44809904187308,29.9018985,2.137357273792543
RGI2000-v7.0-G-15-02304,81.44980359468445,29.88646,0.040434921560646
RGI2000-v7.0-G-15-02305,81.4399401912634,29.884902500000003,4.463984148756317
RGI2000-v7.0-G-15-02306,81.42905215541921,29.893517000000003,0.560805648824208
RGI2000-v7.0-G-15-02307,81.42815850505998,29.899624000000003,0.042521486531707
RGI2000-v7.0-G-15-02308,81.42467171554797,29.8654175,0.202333103158954
RGI2000-v7.0-G-15-02309,81.42013969746203,29.864200500000003,0.10362030159289
RGI2000-v7.0-G-15-02310,81.42810493109756,29.8558555,0.505062785050134
RGI2000-v7.0-G-15-02311,81.4250539028827,29.849621499999998,0.172760485664432
RGI2000-v7.0-G-15-02312,81.41817467021491,29.844770500000003,0.159647696114392
RGI2000-v7.0-G-15-02313,81.41350427630915,29.8463125,0.175804990657157
RGI2000-v7.0-G-15-02314,81.41247404924242,29.853713499999998,0.483222507073272
RGI2000-v7.0-G-15-02315,81.40397931527161,29.849512500000003,0.120534402438042
RGI2000-v7.0-G-15-02316,81.39030320046658,29.854806,0.164689394303157
RGI2000-v7.0-G-15-02317,81.38934713405646,29.859807,0.104867705192581
RGI2000-v7.0-G-15-02318,81.38214647839183,29.8751605,0.163724491614672
RGI2000-v7.0-G-15-02319,81.37396005088081,29.8733925,2.826754811979163
RGI2000-v7.0-G-15-02320,81.36385695145725,29.872496499999997,0.118449301194505
RGI2000-v7.0-G-15-02321,81.36050652007964,29.877947,0.285587606643797
RGI2000-v7.0-G-15-02322,81.3576293741398,29.8667925,0.323157892779211
RGI2000-v7.0-G-15-02323,81.3644199580315,29.8608245,0.330109824725999
RGI2000-v7.0-G-15-02324,81.36053395833332,29.853595,0.200445172289863
RGI2000-v7.0-G-15-02325,81.35146199693938,29.854475,0.105047482881075
RGI2000-v7.0-G-15-02326,81.34929801726791,29.859621500000003,0.055524762878935
RGI2000-v7.0-G-15-02327,81.34290896440083,29.866944,0.472578815333037
RGI2000-v7.0-G-15-02328,81.3370237297593,29.878402,0.065310096905214
RGI2000-v7.0-G-15-02329,81.34563130494965,29.881334000000003,0.429235843444528
RGI2000-v7.0-G-15-02330,81.37312021294218,29.847143,1.97844143904537
RGI2000-v7.0-G-15-02331,81.37227025494266,29.834888,2.116441529714031
RGI2000-v7.0-G-15-02332,81.37187809563994,29.820616,0.795586059035357
RGI2000-v7.0-G-15-02333,81.37748793843505,29.815825,0.046020680943353
RGI2000-v7.0-G-15-02334,81.38435316245156,29.8170905,0.161625208071863
RGI2000-v7.0-G-15-02335,81.38293113621438,29.8228525,0.530244648464516
RGI2000-v7.0-G-15-02336,81.38922221108442,29.8338445,0.537851727871945
RGI2000-v7.0-G-15-02337,81.39233557877358,29.811009499999997,0.170409160586401
RGI2000-v7.0-G-15-02338,81.39748824174009,29.8073335,0.042696473627028
RGI2000-v7.0-G-15-02339,81.40300121613546,29.8024165,0.072329825274587
RGI2000-v7.0-G-15-02340,81.40751824221613,29.8050865,0.22213275729304
RGI2000-v7.0-G-15-02341,81.3974997597396,29.799252,0.10334897282364
RGI2000-v7.0-G-15-02342,81.39167782471264,29.801814999999998,0.030788385709187
RGI2000-v7.0-G-15-02343,81.38838194063612,29.806319000000002,0.172923324108058
RGI2000-v7.0-G-15-02344,81.38387004248554,29.807609999999997,0.094432414267721
RGI2000-v7.0-G-15-02345,81.35034901882415,29.8010855,0.152615461015742
RGI2000-v7.0-G-15-02346,81.34769038095237,29.7948595,0.158163779507498
RGI2000-v7.0-G-15-02347,81.33888769391635,29.795401,0.262810513020454
RGI2000-v7.0-G-15-02348,81.3337893993604,29.8024535,0.169076793188907
RGI2000-v7.0-G-15-02349,81.3282985,29.8050725,0.27908221589911
RGI2000-v7.0-G-15-02350,81.32250032502107,29.801095,0.067167283574087
RGI2000-v7.0-G-15-02351,81.31629910193169,29.803348,0.077357077883155
RGI2000-v7.0-G-15-02352,81.30466155812749,29.806105000000002,0.050938971677637
RGI2000-v7.0-G-15-02353,81.29210173435169,29.819086,0.078614049859185
RGI2000-v7.0-G-15-02354,81.3396301356245,29.8077075,1.146769457466171
RGI2000-v7.0-G-15-02355,81.3457843356579,29.8081665,0.247368673355095
RGI2000-v7.0-G-15-02356,81.43512468748929,29.859796,0.291435547261222
RGI2000-v7.0-G-15-02357,81.4746123537169,29.8572865,1.091508063379227
RGI2000-v7.0-G-15-02358,81.4739427844772,29.869125500000003,5.534714393180986
RGI2000-v7.0-G-15-02359,81.49518514981132,29.8588595,0.884299424758609
RGI2000-v7.0-G-15-02360,81.48898969186047,29.8497695,0.129947582337632
RGI2000-v7.0-G-15-02361,81.48569667005303,29.8466155,0.320964981923002
RGI2000-v7.0-G-15-02362,81.47570721432487,29.840639,0.112805724650233
RGI2000-v7.0-G-15-02363,81.46173284492872,29.819175,0.182400670810223
RGI2000-v7.0-G-15-02364,81.45753621144522,29.813496,0.051078980024295
RGI2000-v7.0-G-15-02365,81.49811620274762,29.7789175,0.080583428216948
RGI2000-v7.0-G-15-02366,81.49648964126462,29.773984499999997,1.125369815790754
RGI2000-v7.0-G-15-02367,81.49082761740138,29.769168999999998,0.264425822766161
RGI2000-v7.0-G-15-02368,81.50415698767304,29.757621999999998,2.285917267198018
RGI2000-v7.0-G-15-02369,81.49650547521146,29.753463,0.445033988467567
RGI2000-v7.0-G-15-02370,81.50065108253013,29.745714999999997,0.538812134039935
RGI2000-v7.0-G-15-02371,81.50511169456263,29.742297,0.374397905435731
RGI2000-v7.0-G-15-02372,81.50741808667621,29.7359185,0.038281905083734
RGI2000-v7.0-G-15-02373,81.50878233236715,29.728233,0.343593677995841
RGI2000-v7.0-G-15-02374,81.510242,29.7227715,0.456946522204075
RGI2000-v7.0-G-15-02375,81.51436326145654,29.719649500000003,0.378233422148126
RGI2000-v7.0-G-15-02376,81.52447180998942,29.718232,0.566891402211308
RGI2000-v7.0-G-15-02377,81.53621686734411,29.7143305,0.181331508557475
RGI2000-v7.0-G-15-02378,81.51931309458749,29.701805,1.708384356256763
RGI2000-v7.0-G-15-02379,81.51256866225165,29.700466,0.044098334649068
RGI2000-v7.0-G-15-02380,81.5092157990954,29.7049295,0.502275391511282
RGI2000-v7.0-G-15-02381,81.51211024718856,29.7104875,1.236586751732237
RGI2000-v7.0-G-15-02382,81.51186886032953,29.6934325,0.999089089695152
RGI2000-v7.0-G-15-02383,81.51160483310755,29.6810675,0.549350013729991
RGI2000-v7.0-G-15-02384,81.5061860624578,29.679602,0.185719547614743
RGI2000-v7.0-G-15-02385,81.50170742484045,29.677291500000003,0.400273804433112
RGI2000-v7.0-G-15-02386,81.49963434810788,29.6728755,0.073731995677438
RGI2000-v7.0-G-15-02387,81.50427385236861,29.668251,0.554560681263061
RGI2000-v7.0-G-15-02388,81.49615777896182,29.666342999999998,0.10427183727093
RGI2000-v7.0-G-15-02389,81.49016043750001,29.66648,0.068007470510355
RGI2000-v7.0-G-15-02390,81.48817866150443,29.667937000000002,0.108681839568172
RGI2000-v7.0-G-15-02391,81.48483660682284,29.664282999999998,0.049473111043103
RGI2000-v7.0-G-15-02392,81.48284190247446,29.6642655,0.042044104525835
RGI2000-v7.0-G-15-02393,81.47663129258547,29.6668765,0.333352694697146
RGI2000-v7.0-G-15-02394,81.47367395215053,29.6622805,0.126645613703668
RGI2000-v7.0-G-15-02395,81.47766747425608,29.658942000000003,0.475234659174934
RGI2000-v7.0-G-15-02396,81.46800151895991,29.6622625,0.09214953874788
RGI2000-v7.0-G-15-02397,81.48376965624672,29.671111500000002,0.194989504183584
RGI2000-v7.0-G-15-02398,81.52407711468196,29.6811285,2.217950222529766
RGI2000-v7.0-G-15-02399,81.53524350279329,29.684154,0.436772421735145
RGI2000-v7.0-G-15-02400,81.538373,29.691253,0.350206961930654
RGI2000-v7.0-G-15-02401,81.53303086718785,29.6928135,0.325381569661286
RGI2000-v7.0-G-15-02402,81.54090697456152,29.676491499999997,0.248586599591533
RGI2000-v7.0-G-15-02403,81.53821956346579,29.670506000000003,0.242220527330268
RGI2000-v7.0-G-15-02404,81.54154330172881,29.664844000000002,0.377729066076107
RGI2000-v7.0-G-15-02405,81.5162900748337,29.729810999999998,0.624483044123096
RGI2000-v7.0-G-15-02406,81.51348100463937,29.742188,0.166748045012521
RGI2000-v7.0-G-15-02407,81.52787424372991,29.7437015,1.021068771876874
RGI2000-v7.0-G-15-02408,81.53344139177167,29.746944,0.07531022497457
RGI2000-v7.0-G-15-02409,81.53654485295684,29.7538825,1.094790414974092
RGI2000-v7.0-G-15-02410,81.54415992197453,29.7554855,0.358107114822917
RGI2000-v7.0-G-15-02411,81.54924364734471,29.7572475,0.421737079368759
RGI2000-v7.0-G-15-02412,81.55828992874002,29.754818999999998,1.290182995679709
RGI2000-v7.0-G-15-02413,81.55280574315688,29.7484615,0.830705255691327
RGI2000-v7.0-G-15-02414,81.5575001811635,29.745358500000002,0.079562145905799
RGI2000-v7.0-G-15-02415,81.5612656149292,29.742872,0.297150086603605
RGI2000-v7.0-G-15-02416,81.56454851351351,29.738287999999997,0.201474987706023
RGI2000-v7.0-G-15-02417,81.56210539016394,29.734485,0.026578166956122
RGI2000-v7.0-G-15-02418,81.55390806599327,29.741518,0.049038935480712
RGI2000-v7.0-G-15-02419,81.56389090631578,29.763052000000002,0.561141010587487
RGI2000-v7.0-G-15-02420,81.57271488732684,29.7643075,0.242530553541845
RGI2000-v7.0-G-15-02421,81.57757039699794,29.765478,0.049381276896884
RGI2000-v7.0-G-15-02422,81.58304090312501,29.7668045,0.06621371110571
RGI2000-v7.0-G-15-02423,81.5656580304945,29.7780645,1.078923104155992
RGI2000-v7.0-G-15-02424,81.55954698956357,29.781547,1.2788472091409
RGI2000-v7.0-G-15-02425,81.55774399904524,29.7924795,1.462244024429967
RGI2000-v7.0-G-15-02426,81.55357308498978,29.8012845,1.146027487916217
RGI2000-v7.0-G-15-02427,81.54857001728816,29.802353,0.122113955315667
RGI2000-v7.0-G-15-02428,81.54495357460137,29.810307,0.254431402929544
RGI2000-v7.0-G-15-02429,81.55357659411766,29.810274,0.311755809383811
RGI2000-v7.0-G-15-02430,81.56275609288306,29.812697999999997,0.431488230164766
RGI2000-v7.0-G-15-02431,81.56779376762114,29.816101500000002,0.067692311589011
RGI2000-v7.0-G-15-02432,81.56581631770834,29.822478,0.35074347847042
RGI2000-v7.0-G-15-02433,81.55852458643405,29.8238645,0.044976985099236
RGI2000-v7.0-G-15-02434,81.5565158635083,29.828392,0.218748966202578
RGI2000-v7.0-G-15-02435,81.55669123097172,29.833868,0.506551550563211
RGI2000-v7.0-G-15-02436,81.55695609558576,29.839909499999997,0.152093412755125
RGI2000-v7.0-G-15-02437,81.55709695262715,29.844549,0.338852725874981
RGI2000-v7.0-G-15-02438,81.55808985353028,29.84985,0.51962844418967
RGI2000-v7.0-G-15-02439,81.5695254788072,29.8472225,1.115141625196467
RGI2000-v7.0-G-15-02440,81.56455532403001,29.836060500000002,0.052641895532867
RGI2000-v7.0-G-15-02441,81.57685771601113,29.8578695,0.66984836707486
RGI2000-v7.0-G-15-02442,81.56458984286294,29.8631435,1.140117936645654
RGI2000-v7.0-G-15-02443,81.5489898498397,29.8603375,0.413109423756061
RGI2000-v7.0-G-15-02444,81.5466431631611,29.868031000000002,0.204946674147013
RGI2000-v7.0-G-15-02445,81.55305494044879,29.873089,0.915943454244868
RGI2000-v7.0-G-15-02446,81.5390137314896,29.8742235,0.344891762744801
RGI2000-v7.0-G-15-02447,81.52252643057543,29.8853175,0.052938035300747
RGI2000-v7.0-G-15-02448,81.5192168715206,29.8850795,0.087115743791198
RGI2000-v7.0-G-15-02449,81.51047399322402,29.8740325,6.779765392753814
RGI2000-v7.0-G-15-02450,81.56057869096091,29.901345,7.347577829821965
RGI2000-v7.0-G-15-02451,81.591205,29.9363815,0.028575611261525
RGI2000-v7.0-G-15-02452,81.59576585444596,29.933793,0.017826767968115
RGI2000-v7.0-G-15-02453,81.59738530465117,29.933155,0.022874832645074
RGI2000-v7.0-G-15-02454,81.60154697646053,29.934136000000002,0.072781869629132
RGI2000-v7.0-G-15-02455,81.6890009495425,29.93668,0.467076794339609
RGI2000-v7.0-G-15-02456,81.69584155205905,29.939162,0.336172808890235
RGI2000-v7.0-G-15-02457,81.70654597413558,29.938131499999997,0.230949161617956
RGI2000-v7.0-G-15-02458,81.70715886217529,29.928521,0.023811178641198
RGI2000-v7.0-G-15-02459,81.70576039981563,29.921982,0.534575826992149
RGI2000-v7.0-G-15-02460,81.70330417625622,29.918576,0.182208912878263
RGI2000-v7.0-G-15-02461,81.70999845160716,29.914907499999998,0.026263500224183
RGI2000-v7.0-G-15-02462,81.70984148907104,29.912142,0.029090964103665
RGI2000-v7.0-G-15-02463,81.71205006537656,29.9085645,0.074601947442446
RGI2000-v7.0-G-15-02464,81.71449452372872,29.91489,0.06673442123278
RGI2000-v7.0-G-15-02465,81.72710479582977,29.909681,0.132937190823517
RGI2000-v7.0-G-15-02466,81.72968893249055,29.91489,0.111489349771892
RGI2000-v7.0-G-15-02467,81.73659752783784,29.9111005,0.080969921783424
RGI2000-v7.0-G-15-02468,81.74075275789292,29.9094925,0.044293880674271
RGI2000-v7.0-G-15-02469,81.74744363326445,29.9099805,0.029826861436595
RGI2000-v7.0-G-15-02470,81.6709475409589,29.9874915,0.057919539705135
RGI2000-v7.0-G-15-02471,81.67049553571428,29.991433,0.133823503986374
RGI2000-v7.0-G-15-02472,81.60291801239768,29.8548445,0.042909459368514
RGI2000-v7.0-G-15-02473,81.59764573804972,29.856368,0.089901603936091
RGI2000-v7.0-G-15-02474,81.59320219760812,29.8581765,0.059968520060464
RGI2000-v7.0-G-15-02475,81.5976462357719,29.849971500000002,0.041372053068574
RGI2000-v7.0-G-15-02476,81.53407708273707,29.8126165,0.193021965583659
RGI2000-v7.0-G-15-02477,81.53052351638723,29.813495,0.111871134302908
RGI2000-v7.0-G-15-02478,81.52870499710374,29.81073,0.019630069085483
RGI2000-v7.0-G-15-02479,81.53045166534942,29.807191000000003,0.160415672881326
RGI2000-v7.0-G-15-02480,81.53942082736157,29.799097,0.973170382913891
RGI2000-v7.0-G-15-02481,81.54043366627968,29.790007,0.784204612616354
RGI2000-v7.0-G-15-02482,81.54277785182342,29.780544499999998,1.741851136986274
RGI2000-v7.0-G-15-02483,81.55196990737282,29.769563499999997,0.759072819256728
RGI2000-v7.0-G-15-02484,81.54724245980563,29.765896499999997,0.438300904191747
RGI2000-v7.0-G-15-02485,81.52791348950686,29.7541055,0.092985110603434
RGI2000-v7.0-G-15-02486,81.52042757643312,29.7581615,0.62814955935926
RGI2000-v7.0-G-15-02487,81.51756685886139,29.766350000000003,0.197554857668875
RGI2000-v7.0-G-15-02488,81.5112441221257,29.7723375,0.365106316762367
RGI2000-v7.0-G-15-02489,81.60498139389003,29.7809315,0.11565937212665
RGI2000-v7.0-G-15-02490,81.61036988109807,29.7800455,0.113325026466223
RGI2000-v7.0-G-15-02491,81.60802549470276,29.775846,0.110338038508689
RGI2000-v7.0-G-15-02492,81.61594528888847,29.778879500000002,0.250379480228018
RGI2000-v7.0-G-15-02493,81.31200118694366,29.9455335,0.704761381325487
RGI2000-v7.0-G-15-02494,81.27143134949281,29.9627825,0.268095929932096
RGI2000-v7.0-G-15-02495,81.25052171904477,29.937528999999998,0.017600840752977
RGI2000-v7.0-G-15-02496,81.25614744243421,29.9330625,0.078076268682744
RGI2000-v7.0-G-15-02497,81.25732852351862,29.9294145,0.212072250670174
RGI2000-v7.0-G-15-02498,81.24319166297403,29.931995999999998,0.749693729808336
RGI2000-v7.0-G-15-02499,81.23391068216631,29.9220495,0.797640059562107
RGI2000-v7.0-G-15-02500,81.22747401188784,29.929548500000003,0.58065039478029
RGI2000-v7.0-G-15-02501,81.21683869906133,29.9282385,0.134645747965106
RGI2000-v7.0-G-15-02502,81.22608821545857,29.913133000000002,0.959989706841746
RGI2000-v7.0-G-15-02503,81.24230549575242,29.913962499999997,0.824302179777663
RGI2000-v7.0-G-15-02504,81.24801796768575,29.9128985,0.035661021633793
RGI2000-v7.0-G-15-02505,81.24709034638553,29.908240999999997,0.396683494390806
RGI2000-v7.0-G-15-02506,81.25423684228663,29.9113655,0.027457846248085
RGI2000-v7.0-G-15-02507,81.2574570388025,29.9089485,0.082766575648859
RGI2000-v7.0-G-15-02508,81.25405238067529,29.900948,0.093484872894084
RGI2000-v7.0-G-15-02509,81.26545854871475,29.9160805,0.361623993384054
RGI2000-v7.0-G-15-02510,81.27155913679245,29.9172365,0.124439334645166
RGI2000-v7.0-G-15-02511,81.27277499949071,29.9102665,0.120076187457358
RGI2000-v7.0-G-15-02512,81.21416196861472,29.890006,0.233077173834345
RGI2000-v7.0-G-15-02513,81.21270649402493,29.891911,0.497310551121205
RGI2000-v7.0-G-15-02514,81.20525774250015,29.892161,0.06316876019331
RGI2000-v7.0-G-15-02515,81.1642000854248,29.8463365,0.203606203900127
RGI2000-v7.0-G-15-02516,81.15486870864925,29.845470499999998,0.320813789381598
RGI2000-v7.0-G-15-02517,81.14744494827586,29.843127,0.17704175983809
RGI2000-v7.0-G-15-02518,81.14337933068633,29.843242,0.047921512419231
RGI2000-v7.0-G-15-02519,81.13839842383538,29.8395835,0.300172333247256
RGI2000-v7.0-G-15-02520,81.13054235175439,29.8350565,0.097118935485079
RGI2000-v7.0-G-15-02521,81.1214897319798,29.833195,0.199215112902098
RGI2000-v7.0-G-15-02522,81.12028105133754,29.821267,0.050773955633714
RGI2000-v7.0-G-15-02523,81.1128426082536,29.8182265,1.508543220671556
RGI2000-v7.0-G-15-02524,81.11750932286185,29.809692,0.210369894779085
RGI2000-v7.0-G-15-02525,81.10222805418589,29.8213005,2.090397575117007
RGI2000-v7.0-G-15-02526,81.09423160241212,29.812720499999998,0.043948065334426
RGI2000-v7.0-G-15-02527,81.09591061209221,29.803717,1.707360205621431
RGI2000-v7.0-G-15-02528,81.08366038694592,29.8039415,0.057629869253082
RGI2000-v7.0-G-15-02529,81.0840516508774,29.800726500000003,0.057918000118313
RGI2000-v7.0-G-15-02530,81.0774853249348,29.813768500000002,2.946589051212579
RGI2000-v7.0-G-15-02531,81.08672505372294,29.8316425,0.344340534539977
RGI2000-v7.0-G-15-02532,81.09892433081845,29.837802,1.708708726448609
RGI2000-v7.0-G-15-02533,81.10596260535198,29.8487595,0.112439317287286
RGI2000-v7.0-G-15-02534,81.11024517475619,29.855514,0.06592595646515
RGI2000-v7.0-G-15-02535,81.10420954614324,29.857194,1.718518978536406
RGI2000-v7.0-G-15-02536,81.0954758896264,29.8650375,0.319859999467345
RGI2000-v7.0-G-15-02537,81.08976397732249,29.861911,0.630235298171906
RGI2000-v7.0-G-15-02538,81.08770258914035,29.8548725,0.418138592422997
RGI2000-v7.0-G-15-02539,81.08483316441425,29.8538145,0.082611943043805
RGI2000-v7.0-G-15-02540,81.09156298982863,29.849750999999998,0.03372603699038
RGI2000-v7.0-G-15-02541,81.0779437955029,29.8489615,0.298928330661719
RGI2000-v7.0-G-15-02542,81.06525280113635,29.853496999999997,6.311729658916216
RGI2000-v7.0-G-15-02543,81.05871664463164,29.869806500000003,2.929647526858086
RGI2000-v7.0-G-15-02544,81.0630513803834,29.8834125,1.801023164581131
RGI2000-v7.0-G-15-02545,81.06997023814043,29.8987335,0.424742285007703
RGI2000-v7.0-G-15-02546,81.07427289015119,29.897865000000003,0.727897885156345
RGI2000-v7.0-G-15-02547,81.05116284166667,29.901406,4.286257424683712
RGI2000-v7.0-G-15-02548,81.03682412579958,29.903420500000003,2.080810789381368
RGI2000-v7.0-G-15-02549,81.0263827900641,29.902482,1.019480284244255
RGI2000-v7.0-G-15-02550,81.02586154563875,29.912940499999998,0.845490539979805
RGI2000-v7.0-G-15-02551,81.03357101440382,29.913873000000002,0.230285345838889
RGI2000-v7.0-G-15-02552,81.01572275062031,29.9222595,1.89108651234076
RGI2000-v7.0-G-15-02553,81.01008427694987,29.9158725,0.301649057375817
RGI2000-v7.0-G-15-02554,81.03103845158039,29.8885735,0.91702518802832
RGI2000-v7.0-G-15-02555,81.03565199278614,29.878215,0.618066605430709
RGI2000-v7.0-G-15-02556,81.03980161434109,29.8775315,0.043226667036439
RGI2000-v7.0-G-15-02557,81.0306215,29.869647,0.157096273316859
RGI2000-v7.0-G-15-02558,81.03221755670648,29.864625,0.056952991650948
RGI2000-v7.0-G-15-02559,81.03149129656609,29.8577415,1.918953526985363
RGI2000-v7.0-G-15-02560,81.04323989712668,29.853058500000003,1.247572326752227
RGI2000-v7.0-G-15-02561,81.03519772648107,29.8416865,0.762576110233894
RGI2000-v7.0-G-15-02562,81.03598853245676,29.8340685,0.39634232448181
RGI2000-v7.0-G-15-02563,81.0443250262557,29.835801,0.321705150505736
RGI2000-v7.0-G-15-02564,81.02580586128072,29.837474,0.049500423855059
RGI2000-v7.0-G-15-02565,81.01908029166667,29.852883,1.763847371560914
RGI2000-v7.0-G-15-02566,81.01151670703084,29.8490045,0.035937668074226
RGI2000-v7.0-G-15-02567,80.99608025676946,29.855412,0.114663580265089
RGI2000-v7.0-G-15-02568,80.99884245374872,29.859609,0.158861025884104
RGI2000-v7.0-G-15-02569,81.00068547032716,29.8639145,0.063694960689717
RGI2000-v7.0-G-15-02570,80.9888202129931,29.8610415,0.159455457162066
RGI2000-v7.0-G-15-02571,80.96693626765605,29.866277500000002,0.044841577608558
RGI2000-v7.0-G-15-02572,80.96111271864729,29.866322500000003,0.091985518187709
RGI2000-v7.0-G-15-02573,80.96048174139729,29.862937000000002,0.050979289890339
RGI2000-v7.0-G-15-02574,80.96316038738739,29.860701,0.042381445268013
RGI2000-v7.0-G-15-02575,80.96089654986179,29.8587365,0.030586536417265
RGI2000-v7.0-G-15-02576,80.96015325562774,29.87142,0.026202220459068
RGI2000-v7.0-G-15-02577,80.90686673280702,29.918696,0.06662401009204
RGI2000-v7.0-G-15-02578,80.90306649310344,29.917733,0.066127714720668
RGI2000-v7.0-G-15-02579,80.89916543833758,29.920575999999997,0.114256314222847
RGI2000-v7.0-G-15-02580,80.8892541214804,29.922732,0.381579345557665
RGI2000-v7.0-G-15-02581,80.87445623239518,29.925234,0.440993103162278
RGI2000-v7.0-G-15-02582,80.859872,29.923237,0.444957347440527
RGI2000-v7.0-G-15-02583,80.85819716901138,29.929971000000002,0.057493954615454
RGI2000-v7.0-G-15-02584,80.86006050649351,29.933197,0.551497868171799
RGI2000-v7.0-G-15-02585,80.85377702790025,29.9362695,0.054066923263965
RGI2000-v7.0-G-15-02586,80.84845797378277,29.932809,0.107041659156894
RGI2000-v7.0-G-15-02587,80.84588223133748,29.934952,0.047778295982044
RGI2000-v7.0-G-15-02588,80.84269306462926,29.9415175,0.740877041864162
RGI2000-v7.0-G-15-02589,80.85443342852061,29.9455555,0.160846506544826
RGI2000-v7.0-G-15-02590,80.851752,29.957721,0.724544941616359
RGI2000-v7.0-G-15-02591,80.85908884560102,29.9626875,0.221768440388837
RGI2000-v7.0-G-15-02592,80.86346986423625,29.9727935,0.302801076611554
RGI2000-v7.0-G-15-02593,80.85625076347688,29.982000499999998,0.270506359789298
RGI2000-v7.0-G-15-02594,80.86172460468215,29.985489,0.074882483541269
RGI2000-v7.0-G-15-02595,80.85040989540332,29.9950695,1.11268900660519
RGI2000-v7.0-G-15-02596,80.87912525020562,29.9758025,0.286567013952354
RGI2000-v7.0-G-15-02597,80.88421036032608,29.9716195,0.154676160187815
RGI2000-v7.0-G-15-02598,80.89102477487013,29.9727,0.072885809390576
RGI2000-v7.0-G-15-02599,80.89560870323741,29.9689215,0.025112420361289
RGI2000-v7.0-G-15-02600,80.89597948071358,29.965419,0.031834762907356
RGI2000-v7.0-G-15-02601,80.89057492925784,29.964012,0.047697761665692
RGI2000-v7.0-G-15-02602,80.88931687343586,29.9662785,0.046686867567515
RGI2000-v7.0-G-15-02603,80.8770476897507,29.9668255,2.168876639318659
RGI2000-v7.0-G-15-02604,80.8688515010908,29.951652000000003,1.750660107740962
RGI2000-v7.0-G-15-02605,80.839992513677,29.9554435,0.799159782623898
RGI2000-v7.0-G-15-02606,80.85382883427715,29.929882,0.121161461686157
RGI2000-v7.0-G-15-02607,80.81631274789474,29.9352245,0.567212122793369
RGI2000-v7.0-G-15-02608,80.811825686948,29.926693999999998,0.104256693517326
RGI2000-v7.0-G-15-02609,80.81025225412978,29.918961,0.051403480044435
RGI2000-v7.0-G-15-02610,80.8994931017125,29.9582875,0.025279926775882
RGI2000-v7.0-G-15-02611,80.90271478587445,29.953719999999997,0.051194044739385
RGI2000-v7.0-G-15-02612,80.90617534418703,29.961215000000003,0.356682562466795
RGI2000-v7.0-G-15-02613,80.89575306750271,29.981898,3.398377940638381
RGI2000-v7.0-G-15-02614,81.04296097061966,30.0385875,3.468236485924187
RGI2000-v7.0-G-15-02615,81.05016232610993,30.104943,0.104417051683469
RGI2000-v7.0-G-15-02627,81.1220932078572,30.029924,0.14848077274447
RGI2000-v7.0-G-15-02628,81.1458851307365,30.006724,1.969000306793767
RGI2000-v7.0-G-15-02629,81.10921869804974,29.8770675,0.061375021363583
RGI2000-v7.0-G-15-02630,81.10899343662338,29.872703,0.148890162475255
RGI2000-v7.0-G-15-02631,81.11082634288427,29.8693545,0.246720380806016
RGI2000-v7.0-G-15-02632,81.10077326619583,29.869068,0.424553990631941
RGI2000-v7.0-G-15-02633,81.13532964952043,29.825768500000002,0.097842620625696
RGI2000-v7.0-G-15-02634,81.14504073975857,29.8273435,1.176986920785043
RGI2000-v7.0-G-15-02635,81.15414787552535,29.8238325,0.145346365519383
RGI2000-v7.0-G-15-02636,81.15462072230149,29.814614,0.138141878806292
RGI2000-v7.0-G-15-02637,81.15703645651104,29.8130685,0.021020641453213
RGI2000-v7.0-G-15-02638,81.15942336062872,29.810906,0.07886393495588
RGI2000-v7.0-G-15-02639,81.16325387581783,29.809795,0.107297134096276
RGI2000-v7.0-G-15-02640,81.15630770557962,29.807361,0.088679147391186
RGI2000-v7.0-G-15-02641,81.17945728230677,29.806820000000002,0.63640050812429
RGI2000-v7.0-G-15-02642,81.19366363377051,29.8045465,0.314500401746511
RGI2000-v7.0-G-15-02643,81.20028820915033,29.800475499999997,0.163602385178578
RGI2000-v7.0-G-15-02644,81.19744284375,29.8143495,0.633164806398026
RGI2000-v7.0-G-15-02645,81.18755796964774,29.8172855,0.096071596146902
RGI2000-v7.0-G-15-02646,81.18687043747602,29.822115,0.093051845691541
RGI2000-v7.0-G-15-02647,81.19911982321041,29.8275325,0.864604734103371
RGI2000-v7.0-G-15-02648,81.20595062727324,29.826808999999997,0.219522854219466
RGI2000-v7.0-G-15-02649,81.21216381782698,29.825795499999998,0.144939690674502
RGI2000-v7.0-G-15-02650,81.20790018285945,29.818585,0.113696173510853
RGI2000-v7.0-G-15-02651,81.22219494347665,29.8210655,0.038146924249179
RGI2000-v7.0-G-15-02652,81.23062969456521,29.8186905,0.023154753789935
RGI2000-v7.0-G-15-02653,81.10077708248218,29.789413,0.115829535732671
RGI2000-v7.0-G-15-02671,81.39969985119671,30.325569,0.320516009122325
RGI2000-v7.0-G-15-02673,81.40800994998173,30.355484,0.259373188025582
RGI2000-v7.0-G-15-02674,81.401656878125,30.3613135,0.10245324946258
RGI2000-v7.0-G-15-02675,81.39967552615063,30.366815000000003,0.071996728791216
RGI2000-v7.0-G-15-02748,81.4211625663061,30.3297065,0.602909618543271
RGI2000-v7.0-G-15-02749,81.43206952384247,30.3401985,2.694441428788515
RGI2000-v7.0-G-15-02750,81.44823472347514,30.340773,1.180210998985468
RGI2000-v7.0-G-15-02751,81.4539281264752,30.334825000000002,0.095863044985004
RGI2000-v7.0-G-15-02752,81.44485090965327,30.3303155,0.519175170209838
RGI2000-v7.0-G-15-02753,81.43886606075398,30.322267,1.002217579393269
RGI2000-v7.0-G-15-02754,81.423946100844,30.307157500000002,0.192315917362723
RGI2000-v7.0-G-15-02755,81.41969592356145,30.300729,0.062395723213744
RGI2000-v7.0-G-15-02758,81.40934311514934,30.2875395,1.769631753347592
RGI2000-v7.0-G-15-02776,81.40580460585318,30.245389000000003,0.943707188869017
RGI2000-v7.0-G-15-02777,81.40799305477091,30.2535545,1.249434184890727
RGI2000-v7.0-G-15-02791,81.39726417075664,30.213645,0.027695901727546
RGI2000-v7.0-G-15-02792,81.40051327857142,30.2200445,0.250785219884739
RGI2000-v7.0-G-15-02793,81.40315440235767,30.226931,0.777457840643465
RGI2000-v7.0-G-15-02794,81.40636865831245,30.233401999999998,1.443469349424536
RGI2000-v7.0-G-15-02795,81.4228695857143,30.265733500000003,0.168576334793479
RGI2000-v7.0-G-15-02796,81.43687386285347,30.2687405,0.10056347234401
RGI2000-v7.0-G-15-02797,81.44697467621297,30.263371,0.052872289814981
RGI2000-v7.0-G-15-02798,81.44668437113899,30.2602485,0.010586042374496
RGI2000-v7.0-G-15-02799,81.44561301066989,30.2575965,0.078070168456148
RGI2000-v7.0-G-15-02800,81.4530678067376,30.25947,0.078748485889818
RGI2000-v7.0-G-15-02801,81.45782089491902,30.2594115,0.119816507824643
RGI2000-v7.0-G-15-02802,81.46394318803283,30.2554655,0.26194179603081
RGI2000-v7.0-G-15-02803,81.46518206689755,30.252671,0.028248075767158
RGI2000-v7.0-G-15-02804,81.47078198780457,30.25141,0.026016813648697
RGI2000-v7.0-G-15-02805,81.47225240058825,30.2476325,0.011890889512644
RGI2000-v7.0-G-15-02806,81.47058632679853,30.263804,2.312844212338118
RGI2000-v7.0-G-15-02807,81.46923004900154,30.278385999999998,0.144262315157209
RGI2000-v7.0-G-15-02808,81.46567596695832,30.2802005,0.183733773117675
RGI2000-v7.0-G-15-02809,81.43673141513298,30.279230499999997,7.281482035678705
RGI2000-v7.0-G-15-02810,81.51520879453358,30.2655545,0.285850346677038
RGI2000-v7.0-G-15-02811,81.5231885729387,30.2679755,0.262697514815934
RGI2000-v7.0-G-15-02812,81.55222463866292,30.1997,0.143847443450296
RGI2000-v7.0-G-15-02813,81.56484263042897,30.198219,0.075531096167614
RGI2000-v7.0-G-15-02814,81.56730051725901,30.1983715,0.122378139870813
RGI2000-v7.0-G-15-02815,81.5714314680057,30.19928,0.180903468377494
RGI2000-v7.0-G-15-02816,81.57417440718868,30.1987095,0.036664551367075
RGI2000-v7.0-G-15-02817,81.57775005409783,30.200235,0.134186149491338
RGI2000-v7.0-G-15-02818,81.58078125259652,30.1993845,0.105140615250322
RGI2000-v7.0-G-15-02819,81.58676567479816,30.199844,0.202981313096886
RGI2000-v7.0-G-15-02820,81.5935590189776,30.194975499999998,0.012227729467534
RGI2000-v7.0-G-15-02821,81.5981885964343,30.1985795,0.773844787221751
RGI2000-v7.0-G-15-02822,81.60680372611588,30.1890425,0.086531523220267
RGI2000-v7.0-G-15-02823,81.61667940660226,30.1963665,0.068835926394777
RGI2000-v7.0-G-15-02824,81.61333863938893,30.2025615,0.498391232047232
RGI2000-v7.0-G-15-02825,81.61885655429654,30.207183999999998,0.052756935151136
RGI2000-v7.0-G-15-02826,81.62285050202851,30.206124,0.160675410651151
RGI2000-v7.0-G-15-02827,81.62563956637004,30.2058955,0.018350056044069
RGI2000-v7.0-G-15-02828,81.62361201157964,30.2007585,0.472233962573764
RGI2000-v7.0-G-15-02829,81.62592459999999,30.196192,0.080404671752846
RGI2000-v7.0-G-15-02830,81.62791568685421,30.189035,2.795754024866453
RGI2000-v7.0-G-15-02831,81.64065559433294,30.182983,4.100355064690577
RGI2000-v7.0-G-15-02832,81.65679656908887,30.1829955,0.343896810486802
RGI2000-v7.0-G-15-02833,81.65598712413954,30.1576375,0.174685266069424
RGI2000-v7.0-G-15-02834,81.66169381354342,30.157015,0.486458947265288
RGI2000-v7.0-G-15-02835,81.65974641164007,30.148194,0.144315820215362
RGI2000-v7.0-G-15-02836,81.65705572797131,30.144068500000003,0.106112856789005
RGI2000-v7.0-G-15-02837,81.62980296855983,30.166748499999997,0.07920229168475
RGI2000-v7.0-G-15-02838,81.63075230348889,30.17089,0.057569279689737
RGI2000-v7.0-G-15-02839,81.62426597462681,30.169669,0.05661420111303
RGI2000-v7.0-G-15-02840,81.61535110114143,30.169366,0.601677129049251
RGI2000-v7.0-G-15-02841,81.60764699048804,30.1663885,0.340683620023463
RGI2000-v7.0-G-15-02842,81.61273969627524,30.178405499999997,0.969213441229167
RGI2000-v7.0-G-15-02843,81.6002872119293,30.1535875,0.01867295378024
RGI2000-v7.0-G-15-02844,81.75712185656994,30.179032499999998,0.34381621330573
RGI2000-v7.0-G-15-02845,81.75860978872437,30.1749625,0.044854655646786
RGI2000-v7.0-G-15-02846,81.76956591265822,30.17261,0.585109694470435
RGI2000-v7.0-G-15-02847,81.769774661706,30.182277499999998,2.045024798511128
RGI2000-v7.0-G-15-02848,81.78074647792442,30.17623,1.848769633134494
RGI2000-v7.0-G-15-02849,81.7899782607438,30.1688605,0.017731711303502
RGI2000-v7.0-G-15-02850,81.79508401183908,30.1655655,1.048876837833773
RGI2000-v7.0-G-15-02851,81.78216088653537,30.160452499999998,2.337307931179158
RGI2000-v7.0-G-15-02852,81.79619762426327,30.143755,2.268055124622015
RGI2000-v7.0-G-15-02853,81.79832486634098,30.126722,1.424037138312823
RGI2000-v7.0-G-15-02854,81.78863921992823,30.1220615,0.056586177106634
RGI2000-v7.0-G-15-02855,81.78529791334894,30.12106,0.050426777074971
RGI2000-v7.0-G-15-02856,81.79311134574971,30.110951999999997,1.644644958803449
RGI2000-v7.0-G-15-02857,81.80219426652913,30.116512,0.109236958449374
RGI2000-v7.0-G-15-02858,81.8069768924185,30.120478,0.59809137065043
RGI2000-v7.0-G-15-02859,81.79966301338536,30.099618,0.273929222361164
RGI2000-v7.0-G-15-02860,81.79465219320136,30.097378499999998,0.103045854359526
RGI2000-v7.0-G-15-02861,81.78427154166667,30.103175,0.414653959186253
RGI2000-v7.0-G-15-02862,81.82710902086006,30.0929305,0.186653826185621
RGI2000-v7.0-G-15-02863,81.83690024315189,30.0951875,0.192071813789216
RGI2000-v7.0-G-15-02864,81.82382857478382,30.081197,0.26442770066825
RGI2000-v7.0-G-15-02865,81.86741369979362,30.119816999999998,0.112016758192766
RGI2000-v7.0-G-15-02866,81.87614914726737,30.125452000000003,0.03961823049781
RGI2000-v7.0-G-15-02867,81.88765227683692,30.130549,1.484043057222951
RGI2000-v7.0-G-15-02868,81.87931805147608,30.1381575,5.972908880192323
RGI2000-v7.0-G-15-02869,81.90194804166666,30.1380945,3.638810102929686
RGI2000-v7.0-G-15-02870,81.90471634099566,30.123267499999997,1.435432286027342
RGI2000-v7.0-G-15-02871,81.90086463851353,30.12032,0.074451120840937
RGI2000-v7.0-G-15-02872,81.89689006552658,30.120784,0.105854224011873
RGI2000-v7.0-G-15-02873,81.91944586134687,30.121004,0.794859758896571
RGI2000-v7.0-G-15-02874,81.92824239650638,30.1103895,2.903144461589497
RGI2000-v7.0-G-15-02875,81.91303875894837,30.106483,1.868116033085263
RGI2000-v7.0-G-15-02876,81.8947094396149,30.098563499999997,1.027668511452084
RGI2000-v7.0-G-15-02877,81.88479467503706,30.097499499999998,0.852210213383323
RGI2000-v7.0-G-15-02878,81.90675466763285,30.089484,0.210871727231499
RGI2000-v7.0-G-15-02879,81.90964168587361,30.086438,0.158215847502998
RGI2000-v7.0-G-15-02880,81.9121945727756,30.0839425,0.055717422680257
RGI2000-v7.0-G-15-02881,81.92412999999999,30.083751999999997,2.740900771483064
RGI2000-v7.0-G-15-02882,81.9357676541058,30.082631,0.625933271531107
RGI2000-v7.0-G-15-02883,81.93493523238067,30.071851000000002,0.110923574797027
RGI2000-v7.0-G-15-02884,81.94063195,30.072195,0.515621003467105
RGI2000-v7.0-G-15-02885,81.9523771413243,30.071362999999998,0.222065781135034
RGI2000-v7.0-G-15-02886,81.96306346320232,30.0682475,0.299298617625322
RGI2000-v7.0-G-15-02887,81.95179651706796,30.083006500000003,1.535967398618984
RGI2000-v7.0-G-15-02888,81.93770098840207,30.095929499999997,0.277434277489349
RGI2000-v7.0-G-15-02889,81.92523438738799,30.0644735,0.088647431816335
RGI2000-v7.0-G-15-02890,81.91855795672842,30.0670775,0.088597910283602
RGI2000-v7.0-G-15-02891,81.9113665307517,30.062970999999997,1.086390570264078
RGI2000-v7.0-G-15-02892,81.90215351944379,30.0600625,0.30123321790779
RGI2000-v7.0-G-15-02893,81.8949526949244,30.0531605,0.671285852574718
RGI2000-v7.0-G-15-02894,81.88857486786512,30.046935,0.056487272426786
RGI2000-v7.0-G-15-02895,81.88439905886196,30.046974,0.068398639755119
RGI2000-v7.0-G-15-02896,81.88032579606721,30.050981999999998,0.406419588632734
RGI2000-v7.0-G-15-02897,81.89082669366346,30.038259500000002,0.349702445439692
RGI2000-v7.0-G-15-02898,81.89389330128768,30.039237999999997,0.238774583026214
RGI2000-v7.0-G-15-02899,81.90440562560849,30.043558,1.120086101425824
RGI2000-v7.0-G-15-02900,81.91208137432054,30.047016,0.153022104929041
RGI2000-v7.0-G-15-02901,81.91335884084506,30.0415015,0.226546921002013
RGI2000-v7.0-G-15-02902,81.91917651667907,30.049083,0.145768188521687
RGI2000-v7.0-G-15-02903,81.92456143188286,30.0538495,0.251145021692096
RGI2000-v7.0-G-15-02904,81.94307169522403,30.0382035,0.072416461890268
RGI2000-v7.0-G-15-02905,81.95095637040004,30.034466000000002,0.154164996937168
RGI2000-v7.0-G-15-02906,81.95442517340013,30.0334475,0.451997869948811
RGI2000-v7.0-G-15-02907,81.95696198624202,30.0220485,0.35237318274464
RGI2000-v7.0-G-15-02908,81.96857657102638,30.03132,0.287091050427541
RGI2000-v7.0-G-15-02909,81.92065153553355,30.024436,0.049936184880864
RGI2000-v7.0-G-15-02910,81.98486887465236,30.086011,1.064413697615527
RGI2000-v7.0-G-15-02911,81.99124169900989,30.093023000000002,0.121561283315135
RGI2000-v7.0-G-15-02912,81.99459475651365,30.090831,0.277439145272601
RGI2000-v7.0-G-15-02913,81.99372428221314,30.0802305,0.329743695683364
RGI2000-v7.0-G-15-02914,82.04035075117643,30.013129499999998,0.207021080266624
RGI2000-v7.0-G-15-02915,82.04757318353923,30.016122,0.264233789148118
RGI2000-v7.0-G-15-02916,82.05264189338874,30.015552999999997,0.199821916226398
RGI2000-v7.0-G-15-02917,82.05346715143293,30.005269499999997,0.108110261037357
RGI2000-v7.0-G-15-02918,82.04888631852792,29.997815,0.64343385507399
RGI2000-v7.0-G-15-02919,82.04412017358366,30.002018,0.232170938562092
RGI2000-v7.0-G-15-02920,82.03719869756097,30.001531,0.029618469675659
RGI2000-v7.0-G-15-02921,82.03615494310722,29.999853,0.028238196790572
RGI2000-v7.0-G-15-02922,82.06177441329012,29.9925415,1.404795203152838
RGI2000-v7.0-G-15-02923,82.07590036708137,29.9976085,1.317337710047485
RGI2000-v7.0-G-15-02924,82.08444190810303,29.987378,1.792769413371141
RGI2000-v7.0-G-15-02925,82.09458856761113,29.9818285,1.877011162129314
RGI2000-v7.0-G-15-02926,82.09588799159577,29.9722995,0.13480549376549
RGI2000-v7.0-G-15-02927,82.08155938958811,29.9676115,0.630303064439274
RGI2000-v7.0-G-15-02928,82.07357965012437,29.9684135,0.056193645818395
RGI2000-v7.0-G-15-02929,82.06834529614628,29.968981999999997,0.364316830527181
RGI2000-v7.0-G-15-02930,82.06054747524752,29.9679465,0.19723015945889
RGI2000-v7.0-G-15-02931,82.05791031561085,29.964731,0.061444782981018
RGI2000-v7.0-G-15-02932,82.05269199240577,29.9641995,0.570630932244019
RGI2000-v7.0-G-15-02933,82.05023915383839,29.956014,0.571654267865133
RGI2000-v7.0-G-15-02934,82.04569261983795,29.956807,0.056832040186524
RGI2000-v7.0-G-15-02935,82.04410861479593,29.951847,0.100796927171936
RGI2000-v7.0-G-15-02936,82.03839889145948,29.9560135,0.063161988646788
RGI2000-v7.0-G-15-02937,82.02457428661327,29.9552175,0.045571223059524
RGI2000-v7.0-G-15-02938,82.01948816022559,29.9565795,0.133867068608176
RGI2000-v7.0-G-15-02939,82.01390484660018,29.9617565,0.100307463561087
RGI2000-v7.0-G-15-02940,82.00990245400777,29.9524615,0.03576362117752
RGI2000-v7.0-G-15-02941,82.0654439537167,29.977438,1.017934781097306
RGI2000-v7.0-G-15-02942,82.07105289587852,29.98173,0.878081516798388
RGI2000-v7.0-G-15-02943,82.0652439110815,30.015267,0.81030367074383
RGI2000-v7.0-G-15-02944,82.09516441506605,30.012549,0.148455336111224
RGI2000-v7.0-G-15-02945,82.1025810901427,30.0175105,0.138790649881487
RGI2000-v7.0-G-15-02946,82.11021388431186,30.0299205,0.57385699079632
RGI2000-v7.0-G-15-02947,82.1126211919584,30.041231,1.059659908970657
RGI2000-v7.0-G-15-02948,82.10473924702043,30.043699,0.419887606306706
RGI2000-v7.0-G-15-02949,82.095507408417,30.042424,0.105138291279539
RGI2000-v7.0-G-15-02950,82.09153702264615,30.0478385,0.106995741455831
RGI2000-v7.0-G-15-02951,82.08409879704868,30.048713,0.037267852797406
RGI2000-v7.0-G-15-02952,82.07776423134439,30.0475755,0.229242463269752
RGI2000-v7.0-G-15-02953,82.0844400130427,30.039859,0.862808989862561
RGI2000-v7.0-G-15-02954,82.10400159723461,30.057496,0.260186186835235
RGI2000-v7.0-G-15-02955,82.11125622133758,30.0631275,0.93840437663487
RGI2000-v7.0-G-15-02956,82.10618676075269,30.070079,0.961074385751331
RGI2000-v7.0-G-15-02957,82.11132761727777,30.076403499999998,0.556120462208925
RGI2000-v7.0-G-15-02958,82.10904523246373,30.081927999999998,0.057813273402605
RGI2000-v7.0-G-15-02959,82.10632440346976,30.088484,0.151587138711761
RGI2000-v7.0-G-15-02960,82.10289151033592,30.0925995,0.077308478048334
RGI2000-v7.0-G-15-02961,82.10227737101181,30.077699000000003,0.345369575801963
RGI2000-v7.0-G-15-02962,82.13354576386988,30.082227500000002,0.079295034902324
RGI2000-v7.0-G-15-02963,82.13709223711143,30.0821105,0.040882464545548
RGI2000-v7.0-G-15-02964,82.1406431416122,30.0788255,0.278965513044133
RGI2000-v7.0-G-15-02965,82.15579479879602,30.077074,2.875354558947216
RGI2000-v7.0-G-15-02966,82.15989614686839,30.063903,1.871472394515824
RGI2000-v7.0-G-15-02967,82.16683455707667,30.0545885,1.047569684739981
RGI2000-v7.0-G-15-02968,82.16091633296746,30.050139,0.056250720463988
RGI2000-v7.0-G-15-02969,82.15710027375809,30.0507025,0.133342735644705
RGI2000-v7.0-G-15-02970,82.17363978991867,30.043014,0.048155457980632
RGI2000-v7.0-G-15-02971,82.18153600707669,30.040087,2.635293695205909
RGI2000-v7.0-G-15-02972,82.19048510962003,30.0332655,0.100136208572846
RGI2000-v7.0-G-15-02973,82.195598417246,30.031914,0.098523239205699
RGI2000-v7.0-G-15-02974,82.20208115471141,30.036652,1.571348272192266
RGI2000-v7.0-G-15-02975,82.2080163559856,30.043062,0.12592692774053
RGI2000-v7.0-G-15-02976,82.21280963653498,30.039803,0.081484487805612
RGI2000-v7.0-G-15-02977,82.21113471365929,30.0323605,0.049886243028452
RGI2000-v7.0-G-15-02978,82.21940492556399,30.030775,0.066450225801678
RGI2000-v7.0-G-15-02979,82.22088444461781,30.022638,0.095098098845837
RGI2000-v7.0-G-15-02980,82.222574,30.018202000000002,0.16570961830351
RGI2000-v7.0-G-15-02981,82.22773546142582,30.0243995,0.073642715465142
RGI2000-v7.0-G-15-02982,82.2333699951923,30.013253,0.2516572394189
RGI2000-v7.0-G-15-02983,82.22892263944044,30.012033000000002,0.05424458052792
RGI2000-v7.0-G-15-02984,82.23310364896939,30.0080655,0.021901315384283
RGI2000-v7.0-G-15-02985,82.23730356143366,30.004679,0.032436073491733
RGI2000-v7.0-G-15-02986,82.232951118157,29.988231499999998,0.035232949830579
RGI2000-v7.0-G-15-02987,82.22548067143848,29.9883735,1.402418712828408
RGI2000-v7.0-G-15-02988,82.21823176853813,29.9950405,0.068562243091337
RGI2000-v7.0-G-15-02989,82.20897665483871,29.9899125,0.286242032030313
RGI2000-v7.0-G-15-02990,82.21269206652485,29.975783,0.442224357982718
RGI2000-v7.0-G-15-02991,82.21257548779778,29.967807999999998,0.261696271725784
RGI2000-v7.0-G-15-02992,82.21014918653688,29.9632135,0.099837085151202
RGI2000-v7.0-G-15-02993,82.20775811533122,29.9549695,0.034455386981575
RGI2000-v7.0-G-15-02994,82.21024542046757,29.951075000000003,0.145634524223699
RGI2000-v7.0-G-15-02995,82.21258794629458,29.945978,0.022930957026067
RGI2000-v7.0-G-15-02996,82.19944650725594,29.945432,1.216111810809547
RGI2000-v7.0-G-15-02997,82.18168067861126,29.9428875,0.700407241750892
RGI2000-v7.0-G-15-02998,82.16795207686334,29.943859500000002,0.135114833463571
RGI2000-v7.0-G-15-02999,82.16211883261339,29.9391975,0.083919663908864
RGI2000-v7.0-G-15-03000,82.15944527894737,29.937313,0.099477081962256
RGI2000-v7.0-G-15-03001,82.16397881613757,29.933042999999998,0.022434763358961
RGI2000-v7.0-G-15-03002,82.15790483076924,29.924169499999998,1.101347832878372
RGI2000-v7.0-G-15-03003,82.16368562335788,29.9170875,0.112616807895942
RGI2000-v7.0-G-15-03004,82.16276812264599,29.9103055,0.060117552855105
RGI2000-v7.0-G-15-03005,82.15772416560804,29.908475000000003,2.338378782296343
RGI2000-v7.0-G-15-03006,82.17224436220869,29.908755,0.621873043679028
RGI2000-v7.0-G-15-03007,82.17017350369937,29.8934265,0.144652600310872
RGI2000-v7.0-G-15-03008,82.16682102742458,29.8901605,0.045384419932122
RGI2000-v7.0-G-15-03009,82.16314193961352,29.8937315,0.142202929786305
RGI2000-v7.0-G-15-03010,82.17245607736041,29.886636,0.282216920193763
RGI2000-v7.0-G-15-03011,82.17444615833334,29.879838499999998,0.094963170999883
RGI2000-v7.0-G-15-03012,82.22039063273166,29.9049035,1.530540114840464
RGI2000-v7.0-G-15-03013,82.23007783170294,29.902108499999997,0.140769215367313
RGI2000-v7.0-G-15-03014,82.22561268206522,29.9160435,0.047761070655811
RGI2000-v7.0-G-15-03015,82.22117558027762,29.915385999999998,0.045080487102125
RGI2000-v7.0-G-15-03016,82.22137943307848,29.9179045,0.03858725276943
RGI2000-v7.0-G-15-03017,82.222803069006,29.9207215,0.031382181510428
RGI2000-v7.0-G-15-03018,82.21644568327403,29.922642,0.071826442777787
RGI2000-v7.0-G-15-03019,82.2201465,29.9313075,0.06879807234659
RGI2000-v7.0-G-15-03020,82.24743727980132,29.9467955,0.034198153873322
RGI2000-v7.0-G-15-03021,82.25450387492157,29.946229000000002,0.039039527573173
RGI2000-v7.0-G-15-03022,82.24622640618163,29.953461,0.1015289179537
RGI2000-v7.0-G-15-03023,82.23787147422644,29.9601415,0.089598094727442
RGI2000-v7.0-G-15-03024,82.24180823783901,29.96428,0.03440890432796
RGI2000-v7.0-G-15-03025,82.24084539964703,29.9677295,0.143242986201792
RGI2000-v7.0-G-15-03026,82.23967133566025,29.978106,0.01659065131433
RGI2000-v7.0-G-15-03027,82.24339309908885,29.981231,0.414142717930319
RGI2000-v7.0-G-15-03028,82.24812575900779,29.983409,0.063104984218542
RGI2000-v7.0-G-15-03029,82.22998764851485,29.978277,0.385036861312551
RGI2000-v7.0-G-15-03030,82.19993013077175,30.007729,0.071189301116083
RGI2000-v7.0-G-15-03031,82.20383194207562,30.011302999999998,0.182110368056305
RGI2000-v7.0-G-15-03032,82.20124266297631,30.0165315,0.032812679518948
RGI2000-v7.0-G-15-03033,82.19713300379178,30.023721000000002,0.057399601551083
RGI2000-v7.0-G-15-03034,82.19999786009174,30.02526,0.069295933360274
RGI2000-v7.0-G-15-03035,82.19931493765743,30.047264499999997,0.099194430266411
RGI2000-v7.0-G-15-03036,82.17118605761317,30.032483,0.058447973361744
RGI2000-v7.0-G-15-03037,82.1281711056724,30.027054,0.276963091717625
RGI2000-v7.0-G-15-03038,82.12543950609756,30.0307665,0.100391274353319
RGI2000-v7.0-G-15-03039,82.12764959843841,30.0212615,0.149998240965614
RGI2000-v7.0-G-15-03040,82.1298784010181,30.016371499999998,0.0606760944815
RGI2000-v7.0-G-15-03041,82.11470132705745,30.0517045,0.886334741167727
RGI2000-v7.0-G-15-03042,82.12943654612675,30.1180285,0.126452969617307
RGI2000-v7.0-G-15-03043,82.13526033523982,30.1182775,0.357203408452072
RGI2000-v7.0-G-15-03044,82.14246782894736,30.1198265,0.464096487410979
RGI2000-v7.0-G-15-03045,82.15510043610809,30.1184765,0.531334052186226
RGI2000-v7.0-G-15-03046,82.16027104830232,30.113304499999998,0.597175027255943
RGI2000-v7.0-G-15-03047,82.1740299382353,30.104519,6.495895719338259
RGI2000-v7.0-G-15-03048,82.15860586033298,30.1389245,10.994642934915692
RGI2000-v7.0-G-15-03049,82.12880941912144,30.1252925,0.132985036648035
RGI2000-v7.0-G-15-03050,82.15524258649553,30.171199,0.049924416045308
RGI2000-v7.0-G-15-03051,82.15140202050515,30.183790000000002,0.635673123684163
RGI2000-v7.0-G-15-03052,82.16006918083642,30.186304,0.109238165259408
RGI2000-v7.0-G-15-03053,82.17082066597249,30.1753475,3.863773754208847
RGI2000-v7.0-G-15-03054,82.18383914114298,30.1699085,0.442207908714191
RGI2000-v7.0-G-15-03055,82.1382245161605,30.196471,0.111223884410194
RGI2000-v7.0-G-15-03056,82.12841348135964,30.200971000000003,1.249481623468413
RGI2000-v7.0-G-15-03057,82.09432139650538,30.2101635,0.086160537795794
RGI2000-v7.0-G-15-03058,82.10249376208938,30.241654,0.391289087046208
RGI2000-v7.0-G-15-03059,82.09821249032566,30.244757,0.102163308701104
RGI2000-v7.0-G-15-03060,82.10119041215253,30.251592000000002,0.149166024986809
RGI2000-v7.0-G-15-03061,82.1046931875,30.257203500000003,0.029080227379226
RGI2000-v7.0-G-15-03062,82.11241986219781,30.25869,0.705879652947799
RGI2000-v7.0-G-15-03063,82.11364792676767,30.265661,0.269685245691273
RGI2000-v7.0-G-15-03065,82.10616525453665,30.282758,0.523050781849746
RGI2000-v7.0-G-15-03066,82.11592670248868,30.301151,0.99719445455832
RGI2000-v7.0-G-15-03069,82.11816185693337,30.321795,0.325256034822886
RGI2000-v7.0-G-15-03070,82.06412299744898,30.3354725,0.822254125535197
RGI2000-v7.0-G-15-03071,82.03048156289307,30.328957000000003,6.314340993606689
RGI2000-v7.0-G-15-03072,82.0299481960306,30.3209835,0.025158697256192
RGI2000-v7.0-G-15-03073,82.0378563836204,30.3136255,0.026327690695217
RGI2000-v7.0-G-15-03074,82.04363802050563,30.3022925,0.02636777701096
RGI2000-v7.0-G-15-03075,82.01805853896933,30.321984,0.1249818938083
RGI2000-v7.0-G-15-03076,82.00562067877492,30.320376,1.960033119691599
RGI2000-v7.0-G-15-03077,82.00115373013244,30.3107585,0.067803612127711
RGI2000-v7.0-G-15-03078,81.99255596683673,30.3157555,0.554139042598119
RGI2000-v7.0-G-15-03079,81.98330781499435,30.321823000000002,0.331618520561445
RGI2000-v7.0-G-15-03080,81.92383271830985,30.322922499999997,0.056614855593862
RGI2000-v7.0-G-15-03081,81.91932397161528,30.323816,0.110488841770218
RGI2000-v7.0-G-15-03082,81.92321939811146,30.328078,0.153272063957282
RGI2000-v7.0-G-15-03083,81.90397053061224,30.329459,0.781503215528581
RGI2000-v7.0-G-15-03084,81.90008538141562,30.3342315,0.072550935531338
RGI2000-v7.0-G-15-03085,81.89249493819311,30.331887000000002,0.768547502589872
RGI2000-v7.0-G-15-03086,81.88589816644021,30.3336995,1.299150908751088
RGI2000-v7.0-G-15-03087,81.88038285948478,30.327804999999998,0.071441711690889
RGI2000-v7.0-G-15-03088,81.88350716045832,30.3114215,1.28208225436438
RGI2000-v7.0-G-15-03089,81.87307171617336,30.300067499999997,0.205087947621353
RGI2000-v7.0-G-15-03090,81.86967703198287,30.294105000000002,1.035572054955081
RGI2000-v7.0-G-15-03091,81.88035324159188,30.296311000000003,0.403098458738993
RGI2000-v7.0-G-15-03092,81.88550890919038,30.289151,0.049368286987866
RGI2000-v7.0-G-15-03093,81.88261069711538,30.276301,0.059824447047079
RGI2000-v7.0-G-15-03094,81.89062513957668,30.271411,0.080366931737182
RGI2000-v7.0-G-15-03095,81.88270523601011,30.260040500000002,0.036880957802151
RGI2000-v7.0-G-15-03096,81.8921545964946,30.256384,0.589626764399923
RGI2000-v7.0-G-15-03097,81.89876757754473,30.2558565,0.421662576834543
RGI2000-v7.0-G-15-03098,81.90752105478896,30.25083,0.216305593083908
RGI2000-v7.0-G-15-03099,81.92065871192412,30.253143,0.231260531761159
RGI2000-v7.0-G-15-03100,81.89204467526079,30.2448395,0.542180705843703
RGI2000-v7.0-G-15-03101,81.89070820245581,30.249432,1.029716403326405
RGI2000-v7.0-G-15-03102,81.8809012016159,30.214868,0.121256642136703
RGI2000-v7.0-G-15-03103,81.89065725142993,30.205293500000003,0.054477553528132
RGI2000-v7.0-G-15-03104,81.89039693922768,30.2014055,0.046277066242373
RGI2000-v7.0-G-15-03105,81.88350276682135,30.201253,0.248768838323991
RGI2000-v7.0-G-15-03106,81.88237751484402,30.190820000000002,0.309529638579043
RGI2000-v7.0-G-15-03107,81.89203105557277,30.1937955,0.655881553127724
RGI2000-v7.0-G-15-03108,81.90588343446792,30.194526,1.048366824521402
RGI2000-v7.0-G-15-03109,81.90396442159943,30.1807715,1.910199169001569
RGI2000-v7.0-G-15-03110,81.89155026715125,30.179816,0.899070248257006
RGI2000-v7.0-G-15-03111,81.89272295369017,30.1744645,0.021594610202314
RGI2000-v7.0-G-15-03112,81.90083057504629,30.16708,1.32043921235662
RGI2000-v7.0-G-15-03113,81.91503455576489,30.1668725,0.062230223682483
RGI2000-v7.0-G-15-03114,81.93459504005924,30.174785,0.077780929285359
RGI2000-v7.0-G-15-03115,81.94140005028089,30.178373,0.066464284263409
RGI2000-v7.0-G-15-03116,81.948604888563,30.17859,0.033853690849206
RGI2000-v7.0-G-15-03117,81.96704888819862,30.182547,0.094178708728889
RGI2000-v7.0-G-15-03118,81.98060283856276,30.1858935,0.030824413083103
RGI2000-v7.0-G-15-03119,81.94118876428865,30.162755500000003,0.086145042156869
RGI2000-v7.0-G-15-03120,81.92613798754824,30.148958,1.322125150380177
RGI2000-v7.0-G-15-03121,81.85165963413243,30.1415825,1.070302641011608
RGI2000-v7.0-G-15-03122,81.84362883393443,30.138862500000002,0.566578843871277
RGI2000-v7.0-G-15-03123,81.84087497497055,30.133541,0.401362805979163
RGI2000-v7.0-G-15-03124,81.83055815248329,30.1398975,11.371146465574654
RGI2000-v7.0-G-15-03125,81.81372510706478,30.173102,7.956482398660302
RGI2000-v7.0-G-15-03126,81.82756292151541,30.181401,3.068183665464343
RGI2000-v7.0-G-15-03127,81.83588731042342,30.176731,0.254379094601889
RGI2000-v7.0-G-15-03128,81.84592512027311,30.1779225,2.195025823136895
RGI2000-v7.0-G-15-03129,81.86016387623326,30.1831845,11.710199563794339
RGI2000-v7.0-G-15-03130,81.80686384327902,30.2111075,0.069864713978672
RGI2000-v7.0-G-15-03131,81.80067131263269,30.206688,0.034591130092077
RGI2000-v7.0-G-15-03132,81.80162723723691,30.205113,0.174139881051772
RGI2000-v7.0-G-15-03133,81.7939029905462,30.209683499999997,0.931083442660312
RGI2000-v7.0-G-15-03134,81.78674670214687,30.204867999999998,0.101919656733783
RGI2000-v7.0-G-15-03135,81.7888504068323,30.2021175,0.132208567887249
RGI2000-v7.0-G-15-03136,81.7813740715909,30.1966055,0.042210934221159
RGI2000-v7.0-G-15-03137,81.77934945653799,30.196445,0.140241579510083
RGI2000-v7.0-G-15-03138,81.77652809102929,30.197329,0.113853987007995
RGI2000-v7.0-G-15-03139,81.78316400136868,30.187071000000003,0.629458064877489
RGI2000-v7.0-G-15-03140,81.775881,30.210527499999998,1.924579593716764
RGI2000-v7.0-G-15-03141,81.75809624318964,30.20664,1.107027595304406
RGI2000-v7.0-G-15-03142,81.80048471008868,30.284982,0.111985261549822
RGI2000-v7.0-G-15-03143,81.8159546544586,30.283867,0.387231473889982
RGI2000-v7.0-G-15-03144,81.82352022368421,30.2883455,0.080891782813812
RGI2000-v7.0-G-15-03145,81.83135673584906,30.290599999999998,0.06474533070234
RGI2000-v7.0-G-15-03146,81.84795670171971,30.283435,2.324646656082874
RGI2000-v7.0-G-15-03147,81.86167955160468,30.275402,0.999107956188548
RGI2000-v7.0-G-15-03148,81.85591327219987,30.269835,0.061654140484431
RGI2000-v7.0-G-15-03149,81.84927517717756,30.3191035,0.120792284804702
RGI2000-v7.0-G-15-03150,81.85205555847894,30.328889,2.148367303903071
RGI2000-v7.0-G-15-03151,81.84322339756896,30.3366755,0.977333553613988
RGI2000-v7.0-G-15-03152,81.82465987508068,30.338200999999998,0.272658186267274
RGI2000-v7.0-G-15-03153,81.82199827910873,30.323149,0.316013374972676
RGI2000-v7.0-G-15-03154,81.82520854075119,30.3198235,0.334272227884711
RGI2000-v7.0-G-15-03155,81.8221817345422,30.317206499999998,0.050016048220381
RGI2000-v7.0-G-15-03156,81.8156318758375,30.319263499999998,0.168324519141009
RGI2000-v7.0-G-15-03157,81.8768959933551,30.359415,0.38033326390275
RGI2000-v7.0-G-15-03158,81.88725699606815,30.357592500000003,0.098049523720233
RGI2000-v7.0-G-15-03159,81.8993277027837,30.352526,0.113639092967079
RGI2000-v7.0-G-15-03160,81.90005820095212,30.3054955,0.330290252373849
RGI2000-v7.0-G-15-03161,82.08041402681314,30.174328,0.039261691989284
RGI2000-v7.0-G-15-03162,82.25150669529454,30.0342745,0.044153831240174
RGI2000-v7.0-G-15-03163,82.28615949038462,30.028847,0.050890610234657
RGI2000-v7.0-G-15-03164,82.28994759976314,30.0286615,0.055427330722537
RGI2000-v7.0-G-15-03165,82.3016916227031,30.031523,0.48369433549474
RGI2000-v7.0-G-15-03166,82.29309623442137,30.039907499999998,1.344953506761794
RGI2000-v7.0-G-15-03167,82.29274849996663,30.0123225,0.07819037128488
RGI2000-v7.0-G-15-03168,82.28742771627937,30.0001795,0.074294471417832
RGI2000-v7.0-G-15-03169,82.28370876861702,30.0000755,0.091050706779965
RGI2000-v7.0-G-15-03170,82.30882719767935,29.983580500000002,0.100816409228128
RGI2000-v7.0-G-15-03171,82.3022908275862,29.976104,0.336071101565471
RGI2000-v7.0-G-15-03172,82.31415827999999,29.950541,0.092377299532281
RGI2000-v7.0-G-15-03173,82.32331043348515,30.006052,0.084682232144631
RGI2000-v7.0-G-15-03174,82.32216371017316,30.0109985,0.179599601475738
RGI2000-v7.0-G-15-03175,82.31823233523343,30.015141999999997,0.103546999949328
RGI2000-v7.0-G-15-03176,82.3098568000748,30.016033999999998,0.380096450166176
RGI2000-v7.0-G-15-03177,82.36663938231828,30.0077055,1.1365896096848
RGI2000-v7.0-G-15-03178,82.39825961152836,29.9865585,0.198050277275857
RGI2000-v7.0-G-15-03179,82.41294019321649,29.996052,0.826382380042471
RGI2000-v7.0-G-15-03180,82.40987241353383,30.000279,0.410920207824998
RGI2000-v7.0-G-15-03181,82.41188629546292,30.0052555,0.236845341482833
RGI2000-v7.0-G-15-03182,82.43423422834852,29.9882535,0.204447165945248
RGI2000-v7.0-G-15-03183,82.44226477973774,29.985668,0.433340534322882
RGI2000-v7.0-G-15-03184,82.45474011340579,29.9655215,0.140336944287922
RGI2000-v7.0-G-15-03185,82.4040493142122,29.958072,0.225541276932733
RGI2000-v7.0-G-15-03186,82.39355019668584,29.968398,0.035814727194018
RGI2000-v7.0-G-15-03187,82.39629542444447,29.8925755,0.276136410408116
RGI2000-v7.0-G-15-03188,82.40420471933469,29.882703,0.301120529866277
RGI2000-v7.0-G-15-03189,82.4102727584908,29.883087500000002,0.08870334646704
RGI2000-v7.0-G-15-03190,82.39674992682927,29.870776,0.74508261798512
RGI2000-v7.0-G-15-03191,82.3799774459699,29.8710565,0.283754436952035
RGI2000-v7.0-G-15-03192,82.375501737191,29.870804,0.229277827225877
RGI2000-v7.0-G-15-03193,82.37065177137167,29.869619,0.157010666558679
RGI2000-v7.0-G-15-03194,82.3677874002849,29.8614855,0.673309389534811
RGI2000-v7.0-G-15-03195,82.3616585147936,29.8597,0.126385997411882
RGI2000-v7.0-G-15-03196,82.35695859414841,29.858846,0.356283498182873
RGI2000-v7.0-G-15-03197,82.34878922976408,29.8509445,0.028980612048598
RGI2000-v7.0-G-15-03198,82.34384623307486,29.847762,0.171275281305238
RGI2000-v7.0-G-15-03199,82.33835207522125,29.84592,0.075422222306051
RGI2000-v7.0-G-15-03200,82.33943487642426,29.841949999999997,0.084881608492828
RGI2000-v7.0-G-15-03201,82.32708615903756,29.835561,0.23231263631144
RGI2000-v7.0-G-15-03202,82.32364930564732,29.8359145,0.300877164092198
RGI2000-v7.0-G-15-03203,82.3295397078736,29.830788,0.137446673055827
RGI2000-v7.0-G-15-03204,82.31425731548431,29.834241499999997,0.152927594554004
RGI2000-v7.0-G-15-03205,82.30544519185487,29.8363805,0.299945322296504
RGI2000-v7.0-G-15-03206,82.29525728869217,29.8360095,0.478965174692403
RGI2000-v7.0-G-15-03207,82.28511658012343,29.831248000000002,0.044946210733032
RGI2000-v7.0-G-15-03208,82.28167605606731,29.8357305,0.06384244342341
RGI2000-v7.0-G-15-03209,82.2862716215035,29.823224500000002,0.030131586003566
RGI2000-v7.0-G-15-03210,82.29566108312183,29.825968500000002,0.02176039869544
RGI2000-v7.0-G-15-03211,82.3004406078112,29.8266165,0.211510870336154
RGI2000-v7.0-G-15-03212,82.30503732926371,29.820513,0.263134552444506
RGI2000-v7.0-G-15-03213,82.30837340298507,29.816665999999998,0.153796525980547
RGI2000-v7.0-G-15-03214,82.30345649203187,29.812357,0.679616452753861
RGI2000-v7.0-G-15-03215,82.29766887369303,29.8107215,0.111296271588446
RGI2000-v7.0-G-15-03216,82.29718005421199,29.8131285,0.095383876338294
RGI2000-v7.0-G-15-03217,82.289895208227,29.813098500000002,0.093470971113068
RGI2000-v7.0-G-15-03218,82.28740471428571,29.8100095,0.198097045981096
RGI2000-v7.0-G-15-03219,82.27984592681425,29.806624,0.377343760485099
RGI2000-v7.0-G-15-03220,82.28345175550378,29.7992505,0.202712614455906
RGI2000-v7.0-G-15-03221,82.26304705569035,29.804372,0.042356462194814
RGI2000-v7.0-G-15-03222,82.2599876859756,29.801513999999997,0.190044240100825
RGI2000-v7.0-G-15-03223,82.25837488153867,29.7968165,0.233767878220032
RGI2000-v7.0-G-15-03224,82.26203003245408,29.794051500000002,0.112102361206613
RGI2000-v7.0-G-15-03225,82.26009047700298,29.790731,0.034256987829457
RGI2000-v7.0-G-15-03226,82.25267831134173,29.7928985,0.213373108136583
RGI2000-v7.0-G-15-03227,82.24708508463252,29.801529000000002,0.783973301277078
RGI2000-v7.0-G-15-03228,82.25149952990768,29.8034525,0.65275166257677
RGI2000-v7.0-G-15-03229,82.2545235,29.807332000000002,0.026076986242392
RGI2000-v7.0-G-15-03230,82.25696167384106,29.8064545,0.017297895400023
RGI2000-v7.0-G-15-03231,82.25910167913607,29.806365,0.067178891298838
RGI2000-v7.0-G-15-03232,82.23553482133627,29.8003875,0.511243444559278
RGI2000-v7.0-G-15-03233,82.23762103457109,29.7939555,0.019925671934903
RGI2000-v7.0-G-15-03234,82.22866681291029,29.7965025,0.037511946617375
RGI2000-v7.0-G-15-03235,82.23850009539831,29.732491000000003,0.105393363813288
RGI2000-v7.0-G-15-03236,82.23665825174825,29.73077,0.045754017311589
RGI2000-v7.0-G-15-03237,82.23377482615385,29.728088999999997,0.034772561265642
RGI2000-v7.0-G-15-03238,82.22946195962908,29.7303625,0.41815140635806
RGI2000-v7.0-G-15-03239,82.22571346309964,29.731558,0.02130654764222
RGI2000-v7.0-G-15-03240,82.23028072114772,29.720378,0.163742607737358
RGI2000-v7.0-G-15-03241,82.22503826809245,29.7162055,0.334455667395914
RGI2000-v7.0-G-15-03242,82.22343121402213,29.7136615,0.135618142486466
RGI2000-v7.0-G-15-03243,82.22147704359786,29.7100765,0.090647704843849
RGI2000-v7.0-G-15-03244,82.22719194956413,29.708441999999998,0.123736323854405
RGI2000-v7.0-G-15-03245,82.2300570205207,29.712931,0.088113024184771
RGI2000-v7.0-G-15-03246,82.25650830437024,29.705194,0.093956560935861
RGI2000-v7.0-G-15-03247,82.26088696202979,29.71087,0.122188325638376
RGI2000-v7.0-G-15-03248,82.2662194516527,29.7133855,0.674751131196605
RGI2000-v7.0-G-15-03249,82.27237748182316,29.7199205,1.222758405285672
RGI2000-v7.0-G-15-03250,82.27597493864465,29.7183245,0.087212829050911
RGI2000-v7.0-G-15-03251,82.28127756716745,29.7226565,0.078381954859891
RGI2000-v7.0-G-15-03252,82.27614908388878,29.731762500000002,0.181270159957231
RGI2000-v7.0-G-15-03253,82.27991269824037,29.733262500000002,0.213099736299372
RGI2000-v7.0-G-15-03254,82.28062047894232,29.745086,0.109349283179511
RGI2000-v7.0-G-15-03255,82.27336386253603,29.7060805,0.155449445190056
RGI2000-v7.0-G-15-03256,82.26661168253361,29.700148499999997,0.081648453133217
RGI2000-v7.0-G-15-03257,82.26139389284708,29.6994175,0.120898882474564
RGI2000-v7.0-G-15-03258,82.24657113328846,29.6851965,0.124326914727107
RGI2000-v7.0-G-15-03259,82.24377080873174,29.6802795,0.083173497857087
RGI2000-v7.0-G-15-03260,82.23867111610744,29.684312,0.805798303072055
RGI2000-v7.0-G-15-03261,82.23067053964942,29.685754000000003,0.050627674960419
RGI2000-v7.0-G-15-03262,82.23039523125,29.679018499999998,0.606180620809361
RGI2000-v7.0-G-15-03263,82.28543813012806,29.6911475,0.037587326950548
RGI2000-v7.0-G-15-03264,82.29928804369344,29.6955165,0.04164452084126
RGI2000-v7.0-G-15-03265,82.30380515261373,29.699702000000002,0.209625205019184
RGI2000-v7.0-G-15-03266,82.308966717827,29.7041635,0.193874954271968
RGI2000-v7.0-G-15-03267,82.31252397518247,29.708382999999998,0.079716717932776
RGI2000-v7.0-G-15-03268,82.30827256996744,29.7094205,0.108788122060702
RGI2000-v7.0-G-15-03269,82.31146893183306,29.712646999999997,0.08676694608734
RGI2000-v7.0-G-15-03270,82.33176738410596,29.715857999999997,0.118461444705569
RGI2000-v7.0-G-15-03271,82.33552332765879,29.7181765,0.134637674501084
RGI2000-v7.0-G-15-03272,82.34607316987002,29.716746,0.998454880158392
RGI2000-v7.0-G-15-03273,82.35348462201067,29.714902000000002,0.242357952355588
RGI2000-v7.0-G-15-03274,82.35055676680403,29.7089875,0.043830804860384
RGI2000-v7.0-G-15-03275,82.36173838629017,29.708467,1.085380079348593
RGI2000-v7.0-G-15-03276,82.3687541409114,29.7101695,0.191918041548719
RGI2000-v7.0-G-15-03277,82.36354934448394,29.702129,0.040289412199126
RGI2000-v7.0-G-15-03278,82.38230360494063,29.7068735,3.153798186494505
RGI2000-v7.0-G-15-03279,82.39508360294117,29.711348,2.057331356857378
RGI2000-v7.0-G-15-03280,82.40162956617647,29.7063895,0.063328363965418
RGI2000-v7.0-G-15-03281,82.40229847193004,29.700012,1.398510309607993
RGI2000-v7.0-G-15-03282,82.40416716776315,29.6890255,1.067779187210036
RGI2000-v7.0-G-15-03283,82.39846658343396,29.6826035,0.202992394276092
RGI2000-v7.0-G-15-03284,82.39384560280368,29.6872645,0.502376951736703
RGI2000-v7.0-G-15-03285,82.39059028947369,29.6915925,0.256793659014423
RGI2000-v7.0-G-15-03286,82.40430059191704,29.675124500000003,0.569710401130845
RGI2000-v7.0-G-15-03287,82.39806034625408,29.670658500000002,0.029449261393715
RGI2000-v7.0-G-15-03288,82.397716620317,29.665636,0.147280425030675
RGI2000-v7.0-G-15-03289,82.3929333076706,29.666933,0.169426447342725
RGI2000-v7.0-G-15-03290,82.41005890218682,29.711106,0.341502548236612
RGI2000-v7.0-G-15-03291,82.40097092757937,29.722737000000002,0.098543263722788
RGI2000-v7.0-G-15-03292,82.39675674211793,29.730128,0.223910584405737
RGI2000-v7.0-G-15-03293,82.40584275641027,29.739337,0.078129083895025
RGI2000-v7.0-G-15-03294,82.41239860235012,29.7419285,0.036278330084857
RGI2000-v7.0-G-15-03295,82.41132989438843,29.74739,0.208785286096196
RGI2000-v7.0-G-15-03296,82.40661718191721,29.7513745,0.0812467368751
RGI2000-v7.0-G-15-03297,82.39606435553304,29.7429365,7.472676266111536
RGI2000-v7.0-G-15-03298,82.37845967102962,29.742347,0.363911108167887
RGI2000-v7.0-G-15-03299,82.36815339069507,29.747605999999998,1.019593838660923
RGI2000-v7.0-G-15-03300,82.35421382219828,29.7538225,0.25969516192468
RGI2000-v7.0-G-15-03301,82.35513028732912,29.767267,4.291270585132846
RGI2000-v7.0-G-15-03302,82.35686720618247,29.7785495,0.16081752693846
RGI2000-v7.0-G-15-03303,82.35344762683823,29.782254000000002,0.502922321566262
RGI2000-v7.0-G-15-03304,82.3472485,29.7867375,0.18416354278395
RGI2000-v7.0-G-15-03305,82.34352468594105,29.791638,0.127851306116269
RGI2000-v7.0-G-15-03306,82.3476928125,29.7985355,0.130931266208219
RGI2000-v7.0-G-15-03307,82.35737829206218,29.798218,1.323520020411658
RGI2000-v7.0-G-15-03308,82.3633013062734,29.7862585,0.219357903561262
RGI2000-v7.0-G-15-03309,82.36657046988535,29.781862,0.201122503255572
RGI2000-v7.0-G-15-03310,82.37695585547985,29.775465500000003,0.605489831496946
RGI2000-v7.0-G-15-03311,82.38394255716594,29.7711195,0.412838225301095
RGI2000-v7.0-G-15-03312,82.38704721256113,29.765044000000003,0.054586944796418
RGI2000-v7.0-G-15-03313,82.39618408426132,29.768741,1.96401402672002
RGI2000-v7.0-G-15-03314,82.41184837138789,29.765608999999998,0.654416378709958
RGI2000-v7.0-G-15-03315,82.40448712048675,29.781001,0.593570514074259
RGI2000-v7.0-G-15-03316,82.39695965265977,29.7877835,0.614591443712222
RGI2000-v7.0-G-15-03317,82.39767321986608,29.797893000000002,0.532729710725856
RGI2000-v7.0-G-15-03318,82.39328521735499,29.8021685,0.059821373574147
RGI2000-v7.0-G-15-03319,82.40091479066528,29.816287,0.988672780877895
RGI2000-v7.0-G-15-03320,82.39249299758065,29.8228175,0.139664631876349
RGI2000-v7.0-G-15-03321,82.3876851020979,29.826123000000003,0.056048149079871
RGI2000-v7.0-G-15-03322,82.4003791384778,29.8275785,0.462042087203024
RGI2000-v7.0-G-15-03323,82.41548474690956,29.8127125,1.744881052470183
RGI2000-v7.0-G-15-03324,82.42809255791937,29.811909,0.035725705955415
RGI2000-v7.0-G-15-03325,82.42876981283905,29.8051605,0.359220760910911
RGI2000-v7.0-G-15-03326,82.42817209996147,29.8010205,0.019728397766606
RGI2000-v7.0-G-15-03327,82.41509917827754,29.8000395,1.29475890996146
RGI2000-v7.0-G-15-03328,82.41072185181451,29.7897645,0.760826886769043
RGI2000-v7.0-G-15-03329,82.44434681032658,29.7840575,0.065923371546658
RGI2000-v7.0-G-15-03330,82.45018514933629,29.786331,0.125572204748569
RGI2000-v7.0-G-15-03331,82.45541355406293,29.78326,0.307434573971586
RGI2000-v7.0-G-15-03332,82.45747870789653,29.789548500000002,0.465141164188662
RGI2000-v7.0-G-15-03333,82.45772037889115,29.7993245,0.026040490410857
RGI2000-v7.0-G-15-03334,82.44041975671911,29.8138885,0.202962035245176
RGI2000-v7.0-G-15-03335,82.44146172048966,29.81728,0.540024971552779
RGI2000-v7.0-G-15-03336,82.43539313843844,29.821376,0.364953414943015
RGI2000-v7.0-G-15-03337,82.42800530803572,29.81889,0.666518549144623
RGI2000-v7.0-G-15-03338,82.43600489764492,29.8381665,0.470879870164856
RGI2000-v7.0-G-15-03339,82.45314068388538,29.857809,0.036614624976474
RGI2000-v7.0-G-15-03340,82.45834455403822,29.859668999999997,0.076948123051027
RGI2000-v7.0-G-15-03341,82.4523634435614,29.866747,0.833699324222729
RGI2000-v7.0-G-15-03342,82.46589334154413,29.8696045,0.090847541247551
RGI2000-v7.0-G-15-03343,82.46507050863059,29.8805435,0.028105582670014
RGI2000-v7.0-G-15-03344,82.458487334904,29.887284,0.647939421829705
RGI2000-v7.0-G-15-03345,82.45149629763672,29.88739,0.087854157328956
RGI2000-v7.0-G-15-03346,82.449803877262,29.8928735,0.07289520933313
RGI2000-v7.0-G-15-03347,82.44354489562119,29.8905735,0.119975416984864
RGI2000-v7.0-G-15-03348,82.45358605040246,29.899937,0.090181375949302
RGI2000-v7.0-G-15-03349,82.51209532885747,29.923310999999998,0.443994272366755
RGI2000-v7.0-G-15-03350,82.52022219924879,29.922237,0.077727609892012
RGI2000-v7.0-G-15-03351,82.52038362220497,29.9242465,0.101720666877599
RGI2000-v7.0-G-15-03352,82.52248831589061,29.920207,0.03362193761819
RGI2000-v7.0-G-15-03353,82.58467042149104,29.9201385,0.06105681898739
RGI2000-v7.0-G-15-03356,82.60078832397551,29.8902815,0.046583227596671
RGI2000-v7.0-G-15-03357,82.60278864908597,29.887105499999997,0.069422584194154
RGI2000-v7.0-G-15-03358,82.60740307595967,29.8837885,0.036752612471989
RGI2000-v7.0-G-15-03365,82.64243417706913,29.863761500000003,0.142746935218466
RGI2000-v7.0-G-15-03366,82.63830682103321,29.860428,0.151778642521256
RGI2000-v7.0-G-15-03367,82.61604784065781,29.8611955,4.635356715146703
RGI2000-v7.0-G-15-03368,82.6255658170272,29.836506,0.517293656722664
RGI2000-v7.0-G-15-03369,82.6348600392208,29.8223215,1.810585221380859
RGI2000-v7.0-G-15-03370,82.64513038950804,29.824806000000002,0.434297309718898
RGI2000-v7.0-G-15-03371,82.64884755536676,29.818700999999997,0.128105894230928
RGI2000-v7.0-G-15-03372,82.65684755735748,29.823414,2.804054540874571
RGI2000-v7.0-G-15-03373,82.6623755,29.834224,1.358266288302317
RGI2000-v7.0-G-15-03374,82.67547754028828,29.8340915,0.872009646145757
RGI2000-v7.0-G-15-03375,82.67882632426304,29.835487999999998,0.031348928097843
RGI2000-v7.0-G-15-03376,82.67716339275766,29.840522999999997,0.094293420316872
RGI2000-v7.0-G-15-03377,82.68915240257184,29.840739499999998,3.526284276388507
RGI2000-v7.0-G-15-03398,82.81486498274074,29.69764,0.100395370385503
RGI2000-v7.0-G-15-03399,82.81296017766459,29.688409999999998,0.039252058513888
RGI2000-v7.0-G-15-03400,82.82253558702213,29.6895605,1.092278976814365
RGI2000-v7.0-G-15-03401,82.8218537342246,29.6818405,0.784648923624771
RGI2000-v7.0-G-15-03402,82.82683789989939,29.673883500000002,0.055284344537095
RGI2000-v7.0-G-15-03403,82.83589946557561,29.685407,1.740325164421998
RGI2000-v7.0-G-15-03404,82.84765165971834,29.6811985,0.640420893117301
RGI2000-v7.0-G-15-03405,82.86109450851788,29.677247,1.752760879229342
RGI2000-v7.0-G-15-03406,82.86067743155235,29.670357,0.399326256223474
RGI2000-v7.0-G-15-03407,82.86208253793953,29.6633775,0.220897704779261
RGI2000-v7.0-G-15-03408,82.86986304493605,29.680077,0.191493869459076
RGI2000-v7.0-G-15-03409,82.88773544864733,29.678946500000002,1.756753321699025
RGI2000-v7.0-G-15-03410,82.90179053392188,29.684023500000002,2.038326711216981
RGI2000-v7.0-G-15-03411,82.91541217776935,29.698909999999998,0.947099978452389
RGI2000-v7.0-G-15-03412,82.93951420361091,29.677058,0.212402029682422
RGI2000-v7.0-G-15-03413,82.93743135368663,29.670340500000002,0.156101356312081
RGI2000-v7.0-G-15-03414,82.94171966468598,29.6692785,0.089325115099379
RGI2000-v7.0-G-15-03415,82.9378803959195,29.6588605,0.983664497665263
RGI2000-v7.0-G-15-03416,82.92875916708607,29.6504415,0.19816606800896
RGI2000-v7.0-G-15-03417,83.0398971332041,29.6454445,0.089838511847166
RGI2000-v7.0-G-15-03421,83.0526216768537,29.591924499999998,0.072833355568377
RGI2000-v7.0-G-15-03422,82.80153674723041,29.636294499999998,0.129943770780196
RGI2000-v7.0-G-15-03423,82.79553077756479,29.6360365,0.197731910825204
RGI2000-v7.0-G-15-03424,82.79398717731827,29.6406715,0.576847970083802
RGI2000-v7.0-G-15-03425,82.79355532856579,29.628842,0.029864021055371
RGI2000-v7.0-G-15-03426,82.77136744054053,29.6189065,0.047134257792121
RGI2000-v7.0-G-15-03427,82.76588346460917,29.617843999999998,0.38257620026476
RGI2000-v7.0-G-15-03428,82.75854200339563,29.611725999999997,0.117544499797351
RGI2000-v7.0-G-15-03429,82.80485742592471,29.703998499999997,5.643794668591867
RGI2000-v7.0-G-15-03430,82.77765216998478,29.7139175,1.331907342963591
RGI2000-v7.0-G-15-03431,82.75916021594861,29.727106,0.184932341478105
RGI2000-v7.0-G-15-03432,82.75452416050052,29.730677,0.168635819085674
RGI2000-v7.0-G-15-03433,82.75883840314403,29.735456,0.213307960660159
RGI2000-v7.0-G-15-03435,82.75413306355932,29.7571765,1.226788691528904
RGI2000-v7.0-G-15-03436,82.73550151098382,29.7612485,2.313211065107848
RGI2000-v7.0-G-15-03437,82.72776279726418,29.754900499999998,0.059453661786582
RGI2000-v7.0-G-15-03438,82.72328238416989,29.757317999999998,0.07440003524154
RGI2000-v7.0-G-15-03439,82.72166512464918,29.7586675,0.051681254604885
RGI2000-v7.0-G-15-03440,82.71050089787605,29.7558285,1.995121209972799
RGI2000-v7.0-G-15-03441,82.69764402714948,29.752808,0.829565341745471
RGI2000-v7.0-G-15-03442,82.68683013051259,29.7560975,0.388292112064414
RGI2000-v7.0-G-15-03443,82.67448549797297,29.765715,3.558990645159972
RGI2000-v7.0-G-15-03444,82.67998483796296,29.773986,0.10598333843149
RGI2000-v7.0-G-15-03445,82.67228505268552,29.782837,0.112248715685613
RGI2000-v7.0-G-15-03446,82.67588053157122,29.786751,0.024941866169156
RGI2000-v7.0-G-15-03447,82.68298871291714,29.784928999999998,1.672550686742582
RGI2000-v7.0-G-15-03448,82.684446212195,29.788349,1.636627039421459
RGI2000-v7.0-G-15-03449,82.69050546083173,29.791722,0.06790474593476
RGI2000-v7.0-G-15-03450,82.69283556580955,29.7975885,0.385941005623581
RGI2000-v7.0-G-15-03451,82.69818103772582,29.799656499999998,0.503387181210351
RGI2000-v7.0-G-15-03452,82.70382075486339,29.800717,0.648790698866021
RGI2000-v7.0-G-15-03453,82.70975274029408,29.8020565,0.839174804926079
RGI2000-v7.0-G-15-03454,82.71467066625497,29.805911000000002,0.552186643794337
RGI2000-v7.0-G-15-03455,82.72005166361608,29.8083495,0.965632916969058
RGI2000-v7.0-G-15-03456,82.71119447132652,29.7949275,0.03473416095173
RGI2000-v7.0-G-15-03457,82.66379846724479,29.7699585,0.095583687126936
RGI2000-v7.0-G-15-03458,82.65788251190477,29.763424999999998,0.06906303061655
RGI2000-v7.0-G-15-03459,82.65673522086092,29.7583345,0.020393758008748
RGI2000-v7.0-G-15-03460,82.66342058171912,29.757890000000003,0.253712185068331
RGI2000-v7.0-G-15-03461,82.64342676817326,29.760823000000002,0.076246284740577
RGI2000-v7.0-G-15-03462,82.63770761636692,29.7565715,0.039860347792955
RGI2000-v7.0-G-15-03463,82.63248375905783,29.762524,0.700691661803664
RGI2000-v7.0-G-15-03464,82.63415278129428,29.7480515,0.725453549559893
RGI2000-v7.0-G-15-03465,82.63122483488885,29.740229499999998,0.923337228618181
RGI2000-v7.0-G-15-03466,82.62438911395627,29.745237000000003,0.357860373791232
RGI2000-v7.0-G-15-03467,82.62251529704298,29.7496835,0.164188277789298
RGI2000-v7.0-G-15-03468,82.68987196257797,29.732446000000003,0.017953070798371
RGI2000-v7.0-G-15-03469,82.69068140595733,29.728139499999997,0.083463077466589
RGI2000-v7.0-G-15-03470,82.69524337420809,29.7393985,0.135512317665247
RGI2000-v7.0-G-15-03471,82.63839092421603,29.6612555,0.228253316479403
RGI2000-v7.0-G-15-03472,82.63647290795251,29.648363,1.265102339991677
RGI2000-v7.0-G-15-03473,82.6238805193453,29.649743,0.303919133860882
RGI2000-v7.0-G-15-03474,82.62213254992743,29.6425055,0.135100900876878
RGI2000-v7.0-G-15-03475,82.61511664480113,29.643694500000002,1.278051232819942
RGI2000-v7.0-G-15-03476,82.60247778144385,29.645490000000002,0.14545891181144
RGI2000-v7.0-G-15-03477,82.59854033361825,29.646858,0.025106801602427
RGI2000-v7.0-G-15-03478,82.59544559792249,29.644484,0.032246743100278
RGI2000-v7.0-G-15-03479,82.5965085602537,29.640006999999997,0.054607010678169
RGI2000-v7.0-G-15-03480,82.60217913440438,29.6355305,0.042490232397508
RGI2000-v7.0-G-15-03481,82.57883663586955,29.6268935,0.19234566415508
RGI2000-v7.0-G-15-03482,82.57879781205614,29.621094,0.328999171893286
RGI2000-v7.0-G-15-03483,82.57589643649378,29.6134045,0.29283511578156
RGI2000-v7.0-G-15-03484,82.57511764454634,29.6091605,0.160796320391189
RGI2000-v7.0-G-15-03485,82.56509035730059,29.6166345,0.221454473246244
RGI2000-v7.0-G-15-03486,82.55401502384952,29.6207555,0.097991930230733
RGI2000-v7.0-G-15-03487,82.5655915,29.628062,0.485157754356257
RGI2000-v7.0-G-15-03488,82.47199764812993,29.752115500000002,0.282368992709937
RGI2000-v7.0-G-15-03489,82.4201708888931,29.7241875,0.538830116165192
RGI2000-v7.0-G-15-03490,82.41175564206443,29.732685,0.046093526655555
RGI2000-v7.0-G-15-03491,82.41426154500874,29.73489,0.035200185974349
RGI2000-v7.0-G-15-03492,82.33140317718798,29.7647835,0.087968243430036
RGI2000-v7.0-G-15-03493,82.31247851760563,29.821948499999998,0.173122693930478
RGI2000-v7.0-G-15-03494,82.3171164822344,29.8656925,0.024058197592336
RGI2000-v7.0-G-15-03495,82.31955029988703,29.869304,0.059627156144342
RGI2000-v7.0-G-15-03496,82.32771119324121,29.8711055,0.185512592175251
RGI2000-v7.0-G-15-03497,82.33480290093692,29.8653935,1.100384486206165
RGI2000-v7.0-G-15-03498,82.34497686825728,29.861775,1.996892727557645
RGI2000-v7.0-G-15-03499,82.35037971662805,29.8722035,0.036615974731534
RGI2000-v7.0-G-15-03500,82.36033652232143,29.87016,0.621999625733662
RGI2000-v7.0-G-15-03501,82.38209311531585,29.863691000000003,0.067996273360935
RGI2000-v7.0-G-15-03502,82.38108629071047,29.859209,0.149063822271975
RGI2000-v7.0-G-15-03503,82.58611178254847,29.86978,0.018539876521835
RGI2000-v7.0-G-15-03504,82.58753995731547,29.876714,0.045038166197529
RGI2000-v7.0-G-15-03505,82.60847333116956,29.8281845,0.960953959265054
RGI2000-v7.0-G-15-03506,82.45122519894802,29.511941,0.368918044041328
RGI2000-v7.0-G-15-03507,82.4542255989011,29.510647,0.240538717419558
RGI2000-v7.0-G-15-03508,82.45213648931116,29.5047555,0.082608720713773
RGI2000-v7.0-G-15-03509,82.44669191843221,29.5015315,0.422756766286634
RGI2000-v7.0-G-15-03510,82.44472196059114,29.507662,0.011439794100958
RGI2000-v7.0-G-15-03511,82.44308965859918,29.476423500000003,0.070394685428137
RGI2000-v7.0-G-15-03512,82.45157557316617,29.4674355,0.097657455105864
RGI2000-v7.0-G-15-03513,82.4484991702211,29.461313,0.073654261021605
RGI2000-v7.0-G-15-03514,82.45450484169417,29.458222,0.087494736857178
RGI2000-v7.0-G-15-03515,82.45184202036313,29.454236,0.091081768131936
RGI2000-v7.0-G-15-03516,82.44669011934558,29.4548895,0.321153424905358
RGI2000-v7.0-G-15-03517,82.44352397787503,29.453114,0.185464939795955
RGI2000-v7.0-G-15-03518,82.44912815833334,29.4461715,0.409580696325728
RGI2000-v7.0-G-15-03519,82.4470807853518,29.4341735,0.181659349281233
RGI2000-v7.0-G-15-03520,82.43277519376727,29.4501325,0.893839523614524
RGI2000-v7.0-G-15-03521,82.4215675,29.4511535,0.260186563902753
RGI2000-v7.0-G-15-03522,82.40804297310478,29.4529815,0.291055610032862
RGI2000-v7.0-G-15-03523,82.40916078619556,29.457706,0.019758970892808
RGI2000-v7.0-G-15-03524,82.40662549999999,29.4579145,0.016097237196152
RGI2000-v7.0-G-15-03525,82.3990373697994,29.4476315,0.101850960229217
RGI2000-v7.0-G-15-03526,82.38662840812755,29.4483125,0.121030629819752
RGI2000-v7.0-G-15-03527,82.38702211504426,29.452389,0.123911316835084
RGI2000-v7.0-G-15-03528,82.3889282452746,29.440956999999997,0.367745703594105
RGI2000-v7.0-G-15-03529,82.46356883672561,29.472119499999998,0.014292474708615
RGI2000-v7.0-G-15-03530,82.47105029989496,29.472304,0.157886762654069
RGI2000-v7.0-G-15-03531,82.50649021421268,29.424158,0.173771746907536
RGI2000-v7.0-G-15-03532,82.50265115859352,29.419958,0.124204250472256
RGI2000-v7.0-G-15-03533,82.51101635739747,29.4179255,0.042119749455583
RGI2000-v7.0-G-15-03534,82.51902494128115,29.4146765,0.716606305793505
RGI2000-v7.0-G-15-03535,82.52361240315126,29.418599999999998,0.330806236841748
RGI2000-v7.0-G-15-03536,82.49630877670197,29.411092500000002,0.01224961036726
RGI2000-v7.0-G-15-03537,82.53899133333334,29.388059,0.046357691506203
RGI2000-v7.0-G-15-03538,82.53991083411215,29.383444500000003,0.366605772468055
RGI2000-v7.0-G-15-03539,82.54185680134066,29.377389,0.18229215678621
RGI2000-v7.0-G-15-03540,82.54781554799298,29.3720315,1.759295031843523
RGI2000-v7.0-G-15-03541,82.56093766324346,29.363343999999998,0.643884648157743
RGI2000-v7.0-G-15-03542,82.56757252777778,29.369680000000002,0.446270190087627
RGI2000-v7.0-G-15-03543,82.5770464163405,29.364211,0.699367080177452
RGI2000-v7.0-G-15-03544,82.57736681060902,29.3538835,0.304929976220695
RGI2000-v7.0-G-15-03545,82.57172975367646,29.3509025,0.471493105105278
RGI2000-v7.0-G-15-03546,82.56860026931967,29.3396455,0.449510265300511
RGI2000-v7.0-G-15-03547,82.57133182655467,29.332026,0.693730699635494
RGI2000-v7.0-G-15-03548,82.58756885286382,29.32716,1.565804700450639
RGI2000-v7.0-G-15-03549,82.5899473280171,29.317252,0.100864862061916
RGI2000-v7.0-G-15-03550,82.60071551572848,29.311609,3.469856427652207
RGI2000-v7.0-G-15-03551,82.59090884751772,29.303629,0.033895666423942
RGI2000-v7.0-G-15-03552,82.58679631560284,29.305522,0.429247494698753
RGI2000-v7.0-G-15-03553,82.57606065000523,29.3045875,1.458583610053577
RGI2000-v7.0-G-15-03554,82.57342090290443,29.2884155,7.200052992363078
RGI2000-v7.0-G-15-03555,82.5729889609486,29.280602000000002,1.300041563798004
RGI2000-v7.0-G-15-03556,82.56793674667111,29.277639,0.033250120006248
RGI2000-v7.0-G-15-03557,82.55688045920459,29.2706145,1.289764591901476
RGI2000-v7.0-G-15-03558,82.54628840680651,29.2833775,0.770501144959067
RGI2000-v7.0-G-15-03559,82.54455543018018,29.2935335,0.056369098858411
RGI2000-v7.0-G-15-03560,82.55284019805197,29.3036035,5.235342742980871
RGI2000-v7.0-G-15-03561,82.5302295909091,29.304130999999998,2.256606147731392
RGI2000-v7.0-G-15-03562,82.51845172202167,29.291863,0.0695764947237
RGI2000-v7.0-G-15-03563,82.52198219137367,29.2839915,0.214805545680353
RGI2000-v7.0-G-15-03564,82.53203876265752,29.2850605,0.479726416972499
RGI2000-v7.0-G-15-03565,82.53466990240241,29.2703395,0.220834407233923
RGI2000-v7.0-G-15-03566,82.53517618656716,29.256648,0.247138090098513
RGI2000-v7.0-G-15-03567,82.53724453676926,29.249355,0.27442440778447
RGI2000-v7.0-G-15-03568,82.53333154771303,29.244586,1.036337345650111
RGI2000-v7.0-G-15-03569,82.52841102444678,29.246344,0.148664134273456
RGI2000-v7.0-G-15-03570,82.52476165425531,29.247529999999998,0.425077380626576
RGI2000-v7.0-G-15-03571,82.52030823062731,29.247838,0.056919454934102
RGI2000-v7.0-G-15-03572,82.5233199992515,29.253325500000003,0.175007575410042
RGI2000-v7.0-G-15-03573,82.5271937405376,29.2532405,0.091716639749708
RGI2000-v7.0-G-15-03574,82.54447368528369,29.2553625,0.044962334456424
RGI2000-v7.0-G-15-03575,82.5448468634848,29.2523045,0.058341427809006
RGI2000-v7.0-G-15-03576,82.53121375663716,29.2295175,0.028764429867278
RGI2000-v7.0-G-15-03577,82.52978498148147,29.226109,0.022161720772968
RGI2000-v7.0-G-15-03578,82.52734811738037,29.2252375,0.021955813059454
RGI2000-v7.0-G-15-03579,82.5414197572737,29.224938,3.250125771590119
RGI2000-v7.0-G-15-03580,82.55561405448718,29.2229325,0.831042868556565
RGI2000-v7.0-G-15-03581,82.5636005,29.231057,0.049213588023817
RGI2000-v7.0-G-15-03582,82.57313126192287,29.2408615,0.046979263648461
RGI2000-v7.0-G-15-03583,82.55462675127097,29.212001,1.730694494181526
RGI2000-v7.0-G-15-03584,82.54469309519607,29.205688,0.383539548229764
RGI2000-v7.0-G-15-03585,82.54912159477372,29.2017745,0.079784257952622
RGI2000-v7.0-G-15-03586,82.55447659621551,29.2008055,0.019225357772758
RGI2000-v7.0-G-15-03587,82.55811007310746,29.197958999999997,0.414021563575783
RGI2000-v7.0-G-15-03588,82.565763251318,29.1951225,0.131556697842005
RGI2000-v7.0-G-15-03589,82.56864061827957,29.192554,0.02814070430722
RGI2000-v7.0-G-15-03590,82.57586177591159,29.190089,0.477261973532835
RGI2000-v7.0-G-15-03591,82.57886079043479,29.185952999999998,0.112632860654754
RGI2000-v7.0-G-15-03592,82.59193238867111,29.1877415,0.106867929087388
RGI2000-v7.0-G-15-03593,82.5980620857319,29.1900945,0.222084187347171
RGI2000-v7.0-G-15-03594,82.58514936990485,29.1982725,1.885689550676857
RGI2000-v7.0-G-15-03595,82.57599475847631,29.2033675,0.894528722731452
RGI2000-v7.0-G-15-03596,82.57001950800712,29.204444000000002,0.84067406583241
RGI2000-v7.0-G-15-03597,82.5407026124834,29.2118405,0.198459516572002
RGI2000-v7.0-G-15-03598,82.61134670401609,29.262033000000002,0.031826366154135
RGI2000-v7.0-G-15-03599,82.60858087977431,29.268363,0.044265362396143
RGI2000-v7.0-G-15-03600,82.61295505090497,29.274526,0.146572867251892
RGI2000-v7.0-G-15-03601,82.61444376030713,29.2786265,0.075692246391127
RGI2000-v7.0-G-15-03602,82.61567535176991,29.2819315,0.165937485522167
RGI2000-v7.0-G-15-03603,82.6213494138689,29.287416999999998,0.262274478645781
RGI2000-v7.0-G-15-03604,82.62340834518082,29.2978245,1.339056839486978
RGI2000-v7.0-G-15-03605,82.63134592271294,29.350720000000003,0.424680213805465
RGI2000-v7.0-G-15-03606,82.62585458811937,29.3521765,0.618223275110301
RGI2000-v7.0-G-15-03607,82.62258282097412,29.3528515,0.982683467088458
RGI2000-v7.0-G-15-03608,82.61547611138434,29.357066,0.254825466112517
RGI2000-v7.0-G-15-03609,82.63592587925697,29.358744,2.615287370838286
RGI2000-v7.0-G-15-03610,82.63245402318586,29.376501,5.47300013196642
RGI2000-v7.0-G-15-03611,82.64435852650405,29.38223,0.498912215563649
RGI2000-v7.0-G-15-03612,82.65141299775448,29.3863595,0.371963356973762
RGI2000-v7.0-G-15-03613,82.66076168146418,29.387632500000002,0.235571520081741
RGI2000-v7.0-G-15-03614,82.6686268178934,29.3930865,0.455689866737471
RGI2000-v7.0-G-15-03615,82.67368437383607,29.3977,0.070736316511977
RGI2000-v7.0-G-15-03616,82.68681473091212,29.3953065,1.55171556251907
RGI2000-v7.0-G-15-03617,82.69398583160434,29.405409,4.701141008458907
RGI2000-v7.0-G-15-03618,82.69231433774098,29.418841,2.403564297378341
RGI2000-v7.0-G-15-03619,82.69778738853503,29.430364,0.072921919147013
RGI2000-v7.0-G-15-03620,82.70264337257164,29.4359275,1.332127366494428
RGI2000-v7.0-G-15-03621,82.70797676068398,29.4392965,0.470224395856901
RGI2000-v7.0-G-15-03622,82.71249305306569,29.4396095,0.301119271989214
RGI2000-v7.0-G-15-03623,82.71849834071858,29.434305000000002,0.129506462490733
RGI2000-v7.0-G-15-03624,82.72032266336635,29.431091000000002,0.221388757755099
RGI2000-v7.0-G-15-03625,82.71133994327731,29.425209000000002,0.143097714752159
RGI2000-v7.0-G-15-03626,82.71530751193674,29.413262000000003,2.131482405760566
RGI2000-v7.0-G-15-03627,82.71910778249746,29.4036575,0.87756054987401
RGI2000-v7.0-G-15-03628,82.72418655743378,29.4060025,0.032637640156913
RGI2000-v7.0-G-15-03629,82.73557944547325,29.4003245,0.070465935138581
RGI2000-v7.0-G-15-03630,82.73782506261672,29.402428999999998,0.068005656233363
RGI2000-v7.0-G-15-03631,82.73960992529587,29.4002045,0.101738163982073
RGI2000-v7.0-G-15-03632,82.7514451404563,29.3990225,0.774548713182941
RGI2000-v7.0-G-15-03633,82.75160712294237,29.390898,0.187087364212848
RGI2000-v7.0-G-15-03634,82.76225452389872,29.385103,0.689829568775974
RGI2000-v7.0-G-15-03635,82.77217512701964,29.37314,14.218406603237604
RGI2000-v7.0-G-15-03636,82.77346429643963,29.354688,2.262494612403662
RGI2000-v7.0-G-15-03637,82.78534985860011,29.353637,2.193315659510783
RGI2000-v7.0-G-15-03638,82.7802301784825,29.340186000000003,1.021461026784913
RGI2000-v7.0-G-15-03639,82.77035414808073,29.329327,0.195161183778861
RGI2000-v7.0-G-15-03640,82.7609939897649,29.330624999999998,0.692202650294678
RGI2000-v7.0-G-15-03641,82.75473172640977,29.32984,0.040898310979418
RGI2000-v7.0-G-15-03642,82.74514269542593,29.3272455,0.398926846305951
RGI2000-v7.0-G-15-03643,82.73777989687605,29.337431000000002,3.109386773490393
RGI2000-v7.0-G-15-03644,82.72802936742424,29.323017999999998,1.790137372547234
RGI2000-v7.0-G-15-03645,82.73322268550939,29.3181525,0.100516978995863
RGI2000-v7.0-G-15-03646,82.737772752209,29.30652,0.26047416764571
RGI2000-v7.0-G-15-03647,82.73618921441147,29.298612,1.100120007494129
RGI2000-v7.0-G-15-03648,82.73182370486211,29.2910295,0.570528570713938
RGI2000-v7.0-G-15-03649,82.72373204487178,29.2889635,0.335384707130711
RGI2000-v7.0-G-15-03650,82.72048099542124,29.303690500000002,4.715783247680704
RGI2000-v7.0-G-15-03651,82.76439058680555,29.307806,3.540784174189247
RGI2000-v7.0-G-15-03652,82.77996590222868,29.3243765,0.524324412749963
RGI2000-v7.0-G-15-03653,82.79320493126934,29.2963405,0.069739938086734
RGI2000-v7.0-G-15-03654,82.78689687284006,29.287154,1.067601206971393
RGI2000-v7.0-G-15-03655,82.78505483064517,29.2760155,0.142435634804757
RGI2000-v7.0-G-15-03656,82.78422414255243,29.271116999999997,0.109782733222689
RGI2000-v7.0-G-15-03657,82.77650139433453,29.277212,0.116869844718727
RGI2000-v7.0-G-15-03658,82.77335913231545,29.273190999999997,0.373391680364084
RGI2000-v7.0-G-15-03659,82.7673695578971,29.262383999999997,0.781536716219263
RGI2000-v7.0-G-15-03660,82.77490695343312,29.253378499999997,0.429920966415577
RGI2000-v7.0-G-15-03661,82.77325708581229,29.2448955,3.99942666626984
RGI2000-v7.0-G-15-03662,82.7753633015676,29.2305415,0.196697936010059
RGI2000-v7.0-G-15-03663,82.76672266884468,29.2291925,0.729739915456524
RGI2000-v7.0-G-15-03664,82.75455723302468,29.2251315,0.756759433377167
RGI2000-v7.0-G-15-03665,82.74515111916129,29.222610500000002,0.304173448975432
RGI2000-v7.0-G-15-03666,82.7475431519193,29.2144165,0.604340242357088
RGI2000-v7.0-G-15-03667,82.75411954029771,29.214288500000002,0.02661980699322
RGI2000-v7.0-G-15-03668,82.74001108187073,29.212626,0.350519912171952
RGI2000-v7.0-G-15-03669,82.73421870961997,29.209196,0.410308943990061
RGI2000-v7.0-G-15-03670,82.7276412270318,29.213383,0.865960343475545
RGI2000-v7.0-G-15-03671,82.73250238484601,29.225431,1.324378404320519
RGI2000-v7.0-G-15-03672,82.70980338030006,29.229107,0.016356693561614
RGI2000-v7.0-G-15-03673,82.70202084481255,29.2274135,0.248030946236496
RGI2000-v7.0-G-15-03674,82.69464757062781,29.228932,0.039370245705884
RGI2000-v7.0-G-15-03675,82.75701485469233,29.236812,3.605322123420754
RGI2000-v7.0-G-15-03676,82.7865001718971,29.2323055,0.574032532515066
RGI2000-v7.0-G-15-03677,82.79321352319587,29.232073,0.293300573214501
RGI2000-v7.0-G-15-03678,82.80442559987515,29.233656,0.50084812584188
RGI2000-v7.0-G-15-03679,82.79860675922913,29.2439715,0.970238771975819
RGI2000-v7.0-G-15-03680,82.79139497297297,29.2544425,0.21304164189735
RGI2000-v7.0-G-15-03681,82.79497683428741,29.277762000000003,0.430785522455788
RGI2000-v7.0-G-15-03682,82.80082631375895,29.2868995,0.365329027511351
RGI2000-v7.0-G-15-03683,82.8088797956376,29.292276,0.122416901715074
RGI2000-v7.0-G-15-03684,82.80999760706914,29.277036000000003,0.042516308845127
RGI2000-v7.0-G-15-03685,82.81448324254586,29.2719915,0.088618656817445
RGI2000-v7.0-G-15-03686,82.81815544724677,29.274898999999998,0.042135880820324
RGI2000-v7.0-G-15-03687,82.8249347091247,29.279122,0.116895424321549
RGI2000-v7.0-G-15-03688,82.83456249867046,29.274604,0.156702665766558
RGI2000-v7.0-G-15-03689,82.83246196052632,29.268827,0.103298353339898
RGI2000-v7.0-G-15-03690,82.83068412755682,29.267129500000003,0.098034496916887
RGI2000-v7.0-G-15-03691,82.8354236439709,29.264133,0.042574379089444
RGI2000-v7.0-G-15-03692,82.84054672080745,29.2591465,0.154022832571335
RGI2000-v7.0-G-15-03693,82.8411993844226,29.269882,0.137649413347741
RGI2000-v7.0-G-15-03694,82.851059608178,29.2701535,0.048742198250075
RGI2000-v7.0-G-15-03695,82.86157156104781,29.274506000000002,0.31212423486044
RGI2000-v7.0-G-15-03696,82.8744027549669,29.270529500000002,0.25955937767662
RGI2000-v7.0-G-15-03697,82.86458006498732,29.2602245,0.312963404501349
RGI2000-v7.0-G-15-03698,82.86096205368011,29.256211,0.505143230942989
RGI2000-v7.0-G-15-03699,82.86219418832599,29.2519095,0.691555125386387
RGI2000-v7.0-G-15-03700,82.8606913610734,29.244426,0.024680536371711
RGI2000-v7.0-G-15-03701,82.86616135512284,29.2434845,0.172378877398194
RGI2000-v7.0-G-15-03702,82.8702239985926,29.234904,0.851890814582933
RGI2000-v7.0-G-15-03703,82.87213234173274,29.228451,0.423153915350804
RGI2000-v7.0-G-15-03704,82.86956309663867,29.2197665,0.846503842913526
RGI2000-v7.0-G-15-03705,82.87971773458145,29.217745999999998,2.239554253761209
RGI2000-v7.0-G-15-03706,82.886623484375,29.206809,0.444567613155398
RGI2000-v7.0-G-15-03707,82.89171171751173,29.200748,0.410954729968101
RGI2000-v7.0-G-15-03708,82.89935475833596,29.196761,0.045384351010393
RGI2000-v7.0-G-15-03709,82.9027781518385,29.206526,0.111468943536456
RGI2000-v7.0-G-15-03710,82.8984221082996,29.207959,0.156548665390816
RGI2000-v7.0-G-15-03711,82.9092214167921,29.204627000000002,0.030831293135572
RGI2000-v7.0-G-15-03712,82.9128703612987,29.212428,0.310397129318185
RGI2000-v7.0-G-15-03713,82.9048551502096,29.220367000000003,0.96908702610674
RGI2000-v7.0-G-15-03714,82.89178293088185,29.233907000000002,0.305606394842519
RGI2000-v7.0-G-15-03715,82.88716300467635,29.2389705,0.321705134200738
RGI2000-v7.0-G-15-03716,82.90567054913794,29.238459,0.254917132013013
RGI2000-v7.0-G-15-03717,82.87320692429219,29.250794,1.365890615095134
RGI2000-v7.0-G-15-03718,82.8600459173177,29.2352005,0.24196090138864
RGI2000-v7.0-G-15-03719,82.82496605045871,29.268283500000003,0.300084436130084
RGI2000-v7.0-G-15-03720,82.84607285649821,29.3239945,0.862620072796819
RGI2000-v7.0-G-15-03721,82.83827080934446,29.3319565,2.515815429099021
RGI2000-v7.0-G-15-03722,82.82668191368803,29.332882499999997,0.538726985167451
RGI2000-v7.0-G-15-03723,82.825463626161,29.327403500000003,0.081873183692626
RGI2000-v7.0-G-15-03724,82.85464935117074,29.335580999999998,0.703601189521363
RGI2000-v7.0-G-15-03725,82.8589735543171,29.338431,0.238737171584635
RGI2000-v7.0-G-15-03726,82.8576671909938,29.3452965,0.689216298382424
RGI2000-v7.0-G-15-03727,82.80369506837607,29.382673,0.326725499610592
RGI2000-v7.0-G-15-03728,82.80477315377415,29.388787999999998,0.032111829178218
RGI2000-v7.0-G-15-03729,82.80911115836014,29.3925215,0.02419958734131
RGI2000-v7.0-G-15-03730,82.79732772898073,29.385700999999997,0.025911369425634
RGI2000-v7.0-G-15-03731,82.78983725189778,29.3855805,1.295814367551029
RGI2000-v7.0-G-15-03732,82.7968013761867,29.376991500000003,0.288490216188528
RGI2000-v7.0-G-15-03733,82.79284436242929,29.368203,2.436969626988028
RGI2000-v7.0-G-15-03734,82.75747197857997,29.351332999999997,3.850076321511264
RGI2000-v7.0-G-15-03735,82.75208273101163,29.3609555,0.643607685043784
RGI2000-v7.0-G-15-03736,82.74465940500369,29.362765,0.838107398148647
RGI2000-v7.0-G-15-03737,82.74115582700195,29.368836,0.299866513072771
RGI2000-v7.0-G-15-03738,82.7320127454159,29.3613255,0.091205760847956
RGI2000-v7.0-G-15-03739,82.72746846659459,29.369217,0.126562356464423
RGI2000-v7.0-G-15-03740,82.722205694,29.369351,0.33344817905288
RGI2000-v7.0-G-15-03741,82.67579745272474,29.3572695,0.33879954757753
RGI2000-v7.0-G-15-03742,82.67284603585526,29.362802000000002,0.103551928747121
RGI2000-v7.0-G-15-03743,82.6731495,29.367639,0.255061473183584
RGI2000-v7.0-G-15-03744,82.659273597532,29.355188499999997,5.495835449458197
RGI2000-v7.0-G-15-03745,82.66147454617834,29.343139,0.073647136465055
RGI2000-v7.0-G-15-03746,82.66848508266867,29.340450500000003,1.484074576305581
RGI2000-v7.0-G-15-03747,82.64787594702211,29.4032175,3.56772127548974
RGI2000-v7.0-G-15-03748,82.6631721294586,29.4101235,0.151991415566473
RGI2000-v7.0-G-15-03749,82.67071878316747,29.409592500000002,0.818039959491571
RGI2000-v7.0-G-15-03750,82.68970924769346,29.4335775,0.266642681956426
RGI2000-v7.0-G-15-03751,82.7154687374004,29.4470485,0.117146516295113
RGI2000-v7.0-G-15-03752,82.71564346582733,29.452075,0.142707268985333
RGI2000-v7.0-G-15-03753,82.72071347999999,29.44446,0.247670971669251
RGI2000-v7.0-G-15-03754,82.72483102884615,29.460758499999997,0.156030497921017
RGI2000-v7.0-G-15-03755,82.72074539546784,29.481924,0.078464450266007
RGI2000-v7.0-G-15-03756,82.724402,29.4824415,0.016740283052073
RGI2000-v7.0-G-15-03757,82.66191732587859,29.457777,0.087499616389422
RGI2000-v7.0-G-15-03758,82.65130088610283,29.454887999999997,0.699941884640184
RGI2000-v7.0-G-15-03759,82.64285298865747,29.4536555,0.473934239204013
RGI2000-v7.0-G-15-03760,82.64093400109566,29.447329500000002,0.158206155866259
RGI2000-v7.0-G-15-03761,82.64068328745394,29.442498,0.078398090634102
RGI2000-v7.0-G-15-03762,82.64629500856951,29.444825,0.575854024321111
RGI2000-v7.0-G-15-03763,82.64753686408451,29.438897,0.122404126050468
RGI2000-v7.0-G-15-03764,82.65066877860886,29.4371325,0.175779090190417
RGI2000-v7.0-G-15-03765,82.65326083786283,29.4439235,0.101620450503997
RGI2000-v7.0-G-15-03766,82.64226942829828,29.4341905,0.234269163907799
RGI2000-v7.0-G-15-03767,82.6357661496754,29.4362425,0.210897866189404
RGI2000-v7.0-G-15-03768,82.6309137893695,29.435384499999998,0.154570712011145
RGI2000-v7.0-G-15-03769,82.61810390994236,29.4365745,3.278317891637485
RGI2000-v7.0-G-15-03770,82.59814856590665,29.441589,0.077901557189292
RGI2000-v7.0-G-15-03771,82.59542039745509,29.440793499999998,0.058854729482702
RGI2000-v7.0-G-15-03772,82.58869521794873,29.444693,0.08229306323171
RGI2000-v7.0-G-15-03773,82.59522184627932,29.448475,0.66620140135451
RGI2000-v7.0-G-15-03774,82.58525318287036,29.454529,0.127531419767001
RGI2000-v7.0-G-15-03775,82.57803030726315,29.4562085,0.197928570338151
RGI2000-v7.0-G-15-03776,82.57937492112299,29.461781000000002,0.057402840179287
RGI2000-v7.0-G-15-03777,82.58967160416668,29.460538,0.204834304328656
RGI2000-v7.0-G-15-03778,82.56722696981662,29.455672999999997,0.072413640574466
RGI2000-v7.0-G-15-03779,82.56534334363113,29.460779,0.160483993762914
RGI2000-v7.0-G-15-03780,82.56167241536615,29.451312,0.522972435172812
RGI2000-v7.0-G-15-03781,82.5512135613049,29.453249,0.306616859646218
RGI2000-v7.0-G-15-03782,82.54490842951023,29.4531345,0.544609894451087
RGI2000-v7.0-G-15-03783,82.55119070212766,29.459514,0.093437847251119
RGI2000-v7.0-G-15-03784,82.55152233143929,29.466569999999997,0.050815574605943
RGI2000-v7.0-G-15-03785,82.55411400890404,29.4662525,0.056771315932523
RGI2000-v7.0-G-15-03786,82.5560123102232,29.4715485,0.176144964658421
RGI2000-v7.0-G-15-03787,82.54470734631865,29.4654625,0.412112034302415
RGI2000-v7.0-G-15-03788,82.56213698373105,29.4254805,6.898754867020783
RGI2000-v7.0-G-15-03789,82.5537735956419,29.4075955,3.608603690639552
RGI2000-v7.0-G-15-03790,82.57042846713881,29.401686,3.4958192630319
RGI2000-v7.0-G-15-03791,82.58084688766534,29.408562500000002,1.319764177307079
RGI2000-v7.0-G-15-03792,82.59453313931446,29.4096355,0.167836699954743
RGI2000-v7.0-G-15-03793,82.59190000451078,29.419633,0.295852069337097
RGI2000-v7.0-G-15-03794,82.58645619784173,29.419960500000002,0.398286179295833
RGI2000-v7.0-G-15-03795,82.59197114007092,29.433194999999998,0.020428654611796
RGI2000-v7.0-G-15-03796,82.61246332437359,29.40968,7.095214147433573
RGI2000-v7.0-G-15-03797,82.62581983847403,29.401302,0.424177077145978
RGI2000-v7.0-G-15-03798,82.62299985618247,29.395715000000003,0.120975803287289
RGI2000-v7.0-G-15-03799,82.61952299412684,29.3940035,0.077567744310919
RGI2000-v7.0-G-15-03800,82.61674537712642,29.3928955,0.033047025615764
RGI2000-v7.0-G-15-03801,82.60917703358209,29.388818,0.764616131546431
RGI2000-v7.0-G-15-03802,82.59902395279511,29.3906725,0.262519936720445
RGI2000-v7.0-G-15-03803,82.56690023192901,29.38468,3.761279218983577
RGI2000-v7.0-G-15-03804,82.5487334957773,29.389226,1.145142486081253
RGI2000-v7.0-G-15-03805,82.6312780017038,29.408542,0.262777937387634
RGI2000-v7.0-G-15-03806,82.63562874779122,29.4195505,1.482838321593114
RGI2000-v7.0-G-15-03807,82.64140987148231,29.426954000000002,0.918122365857635
RGI2000-v7.0-G-15-03808,82.64805095255474,29.462631000000002,0.025532012782332
RGI2000-v7.0-G-15-03809,82.74564647578464,29.411786,0.221489995992667
RGI2000-v7.0-G-15-03810,82.52033315081384,29.3185715,0.017258688446567
RGI2000-v7.0-G-15-03811,82.49737581304348,29.2917955,0.22776732349266
RGI2000-v7.0-G-15-03812,82.4365020275886,29.379582499999998,0.107118955823091
RGI2000-v7.0-G-15-03813,82.70087687654845,29.131603,0.574345482885213
RGI2000-v7.0-G-15-03814,82.71482009419213,29.1324775,0.612042934449656
RGI2000-v7.0-G-15-03815,82.72198117492309,29.135175500000003,0.678795491857114
RGI2000-v7.0-G-15-03816,82.7253635397351,29.134985999999998,0.091233201194144
RGI2000-v7.0-G-15-03817,82.73018520751984,29.139986,1.023843171968604
RGI2000-v7.0-G-15-03818,82.74087638333333,29.141535500000003,0.584876941824249
RGI2000-v7.0-G-15-03819,82.74479352804488,29.1437945,0.221968135378919
RGI2000-v7.0-G-15-03820,82.75042888966907,29.1434905,0.742470130462438
RGI2000-v7.0-G-15-03821,82.75400377466639,29.1475675,0.869252659768242
RGI2000-v7.0-G-15-03822,82.75878065,29.150699000000003,1.362973682690226
RGI2000-v7.0-G-15-03823,82.7653210224813,29.147647,0.322117786642004
RGI2000-v7.0-G-15-03824,82.7715445585774,29.143711,0.355710134928878
RGI2000-v7.0-G-15-03825,82.7686867703124,29.1405115,0.486295815194561
RGI2000-v7.0-G-15-03826,82.76612992168123,29.1317345,0.143465589846585
RGI2000-v7.0-G-15-03827,82.77190381871202,29.1235735,2.564756825819018
RGI2000-v7.0-G-15-03828,82.77507286068624,29.1186185,0.854472947360925
RGI2000-v7.0-G-15-03829,82.7792805066793,29.110542000000002,0.646017026755268
RGI2000-v7.0-G-15-03830,82.76912310847834,29.104839,0.34839934159184
RGI2000-v7.0-G-15-03831,82.76545538400012,29.109309500000002,0.332510807329166
RGI2000-v7.0-G-15-03832,82.76229911090658,29.111014,0.029669792205204
RGI2000-v7.0-G-15-03833,82.7599314034091,29.1108005,0.033318461670894
RGI2000-v7.0-G-15-03834,82.74327423460866,29.1202725,5.907092151240014
RGI2000-v7.0-G-15-03835,82.72671682997844,29.122404500000002,0.716695605878812
RGI2000-v7.0-G-15-03836,82.71765769563032,29.1241245,0.141499154063915
RGI2000-v7.0-G-15-03837,82.70572530650198,29.1194725,0.031132329278038
RGI2000-v7.0-G-15-03838,82.70053349158115,29.1160885,0.089439354810575
RGI2000-v7.0-G-15-03839,82.69992786223395,29.113125500000002,0.015069074672068
RGI2000-v7.0-G-15-03840,82.79828074259868,29.106838500000002,0.088241555419776
RGI2000-v7.0-G-15-03841,82.79858681048944,29.1010275,0.338426124873559
RGI2000-v7.0-G-15-03842,82.8015722204969,29.092961,0.056804709580379
RGI2000-v7.0-G-15-03843,82.80689050000001,29.1744535,0.035419886945049
RGI2000-v7.0-G-15-03844,82.80896534941226,29.1810695,0.201518546689784
RGI2000-v7.0-G-15-03845,82.9120490016191,29.196437500000002,0.210216925561964
RGI2000-v7.0-G-15-03846,83.02232566299264,29.177715499999998,0.130001070491763
RGI2000-v7.0-G-15-03847,83.02549258579336,29.1778535,0.013710566423154
RGI2000-v7.0-G-15-03848,83.03435728481861,29.1447455,0.035264291065748
RGI2000-v7.0-G-15-03849,83.0515327422311,29.122593,0.342352261691401
RGI2000-v7.0-G-15-03850,83.06001641990846,29.128525,0.667990133765485
RGI2000-v7.0-G-15-03851,83.06727482967034,29.1284535,0.911660890474996
RGI2000-v7.0-G-15-03852,83.07594819532139,29.127580000000002,0.058362023950019
RGI2000-v7.0-G-15-03853,83.07587182949842,29.135269,0.131447949383291
RGI2000-v7.0-G-15-03854,83.0784529620841,29.115934000000003,0.144731138440962
RGI2000-v7.0-G-15-03855,83.08461682439581,29.111553,0.464599203018863
RGI2000-v7.0-G-15-03856,83.0664476162193,29.1164105,0.865056196289763
RGI2000-v7.0-G-15-03857,83.05949335774258,29.1094815,0.247947205694677
RGI2000-v7.0-G-15-03858,83.05487543382353,29.104194,0.37511301037796
RGI2000-v7.0-G-15-03859,83.05028443109072,29.098836,0.669645879647685
RGI2000-v7.0-G-15-03860,83.04557030882353,29.103616,0.125298830223736
RGI2000-v7.0-G-15-03861,83.0398168110678,29.097337000000003,0.033367320218178
RGI2000-v7.0-G-15-03862,83.02612554348752,29.089825500000003,0.044672506471553
RGI2000-v7.0-G-15-03863,83.0294055026427,29.070869,0.069450339990214
RGI2000-v7.0-G-15-03864,83.03081445201244,29.0653105,0.330607357787129
RGI2000-v7.0-G-15-03865,83.02657554219948,29.0524055,1.210304742478427
RGI2000-v7.0-G-15-03866,83.01637456593407,29.051205000000003,0.103153387297799
RGI2000-v7.0-G-15-03867,83.03122888589982,29.025781000000002,0.022394305875585
RGI2000-v7.0-G-15-03868,83.02845929579124,29.021875,0.078484376133201
RGI2000-v7.0-G-15-03869,82.98361400739631,29.0837805,0.023299790943327
RGI2000-v7.0-G-15-03870,82.98566340010544,29.085935,0.082440332617758
RGI2000-v7.0-G-15-03871,82.97739135755396,29.088251999999997,0.106568031605417
RGI2000-v7.0-G-15-03872,82.98064157224172,29.09276,0.077607284569155
RGI2000-v7.0-G-15-03873,82.97813423316913,29.094141999999998,0.103639595388324
RGI2000-v7.0-G-15-03874,82.97396235090909,29.098764000000003,0.035046690545682
RGI2000-v7.0-G-15-03875,82.97008221428572,29.1000445,0.095615177243111
RGI2000-v7.0-G-15-03876,82.9691586339928,29.1065865,0.048535671225436
RGI2000-v7.0-G-15-03877,82.97093875531662,29.106997999999997,0.160319537991367
RGI2000-v7.0-G-15-03878,82.97821177769771,29.106082,0.956093933323838
RGI2000-v7.0-G-15-03879,82.984410571929,29.1061255,0.973931025999643
RGI2000-v7.0-G-15-03880,83.00100651465202,29.1026405,0.307009641570857
RGI2000-v7.0-G-15-03881,82.9989806064982,29.097859,0.416303892663317
RGI2000-v7.0-G-15-03882,82.9922916869748,29.092695,1.662240048165269
RGI2000-v7.0-G-15-03883,83.00916636035859,29.104564,0.883265009000444
RGI2000-v7.0-G-15-03884,83.00429587936551,29.1092575,0.503699942125524
RGI2000-v7.0-G-15-03885,83.0104683816935,29.113336,0.067515976703423
RGI2000-v7.0-G-15-03886,83.04733378750001,29.11309,1.189106517571626
RGI2000-v7.0-G-15-03887,83.0506815,29.248113,0.108762614507414
RGI2000-v7.0-G-15-03888,83.04733152600485,29.2502365,0.048551972325363
RGI2000-v7.0-G-15-03889,83.33011608861031,29.2409715,0.047569152881301
RGI2000-v7.0-G-15-03890,83.33470215735619,29.243426499999998,0.063208951070728
RGI2000-v7.0-G-15-03891,83.3360179438888,29.2370845,0.464683506080043
RGI2000-v7.0-G-15-03892,83.34367,29.2323425,0.057714406355257
RGI2000-v7.0-G-15-03893,83.34422715740078,29.229246500000002,0.116074405651069
RGI2000-v7.0-G-15-03894,83.3561575031151,29.2369305,0.030008015352867
RGI2000-v7.0-G-15-03895,83.36206712090814,29.2417855,0.388072040312776
RGI2000-v7.0-G-15-03896,83.37154528383796,29.238571999999998,0.363110719300655
RGI2000-v7.0-G-15-03897,83.37651439178389,29.240037,0.110891252149702
RGI2000-v7.0-G-15-03898,83.36448878580393,29.232074500000003,0.755642248681526
RGI2000-v7.0-G-15-03899,83.34030608786611,29.256076,0.094054552360915
RGI2000-v7.0-G-15-03900,83.33519869533728,29.2549405,0.069815172062178
RGI2000-v7.0-G-15-03901,83.41396396559446,29.1928675,0.050693521417885
RGI2000-v7.0-G-15-03902,83.41622066109952,29.19289,0.027919523487772
RGI2000-v7.0-G-15-03903,83.41869558244682,29.1939635,0.096639291423569
RGI2000-v7.0-G-15-03904,83.4189786736284,29.1898975,0.060189524325167
RGI2000-v7.0-G-15-03905,83.4320789515987,29.189584500000002,0.031123590610398
RGI2000-v7.0-G-15-03906,83.43097927014824,29.183373500000002,0.034259520264547
RGI2000-v7.0-G-15-03907,83.44188850962365,29.1907595,0.075220026090168
RGI2000-v7.0-G-15-03908,83.44625700447634,29.1931415,0.386813836438089
RGI2000-v7.0-G-15-03909,83.4405339625,29.205033999999998,0.04307078138183
RGI2000-v7.0-G-15-03910,83.44851641624433,29.215803,0.478200253738733
RGI2000-v7.0-G-15-03911,83.4545572512655,29.220775500000002,0.042741315886299
RGI2000-v7.0-G-15-03912,83.46017435672515,29.210789,0.169404870566747
RGI2000-v7.0-G-15-03913,83.46765605327869,29.2105,0.120613123502883
RGI2000-v7.0-G-15-03914,83.47335958910817,29.219533,0.0454322063782
RGI2000-v7.0-G-15-03915,83.49049333064517,29.200497499999997,0.042828148565954
RGI2000-v7.0-G-15-03916,83.494398465552,29.198054,0.058785711228926
RGI2000-v7.0-G-15-03917,83.49951295056417,29.204499,0.13227584524574
RGI2000-v7.0-G-15-03918,83.50570137393163,29.20465,0.208292680302339
RGI2000-v7.0-G-15-03919,83.511068863004,29.2282075,0.032639252233501
RGI2000-v7.0-G-15-03920,83.51397305974479,29.229466000000002,0.048004875053032
RGI2000-v7.0-G-15-03921,83.47458843776823,29.2550405,0.027781299506111
RGI2000-v7.0-G-15-03922,83.47039875537983,29.2555275,0.056858175641836
RGI2000-v7.0-G-15-03923,83.43717128940362,29.2223125,0.114274757039136
RGI2000-v7.0-G-15-03924,83.44531035564853,29.2999835,0.016406291758568
RGI2000-v7.0-G-15-03925,83.44224780859369,29.3030395,0.062980803902272
RGI2000-v7.0-G-15-03927,83.43805838600574,29.3102455,0.041398548995747
RGI2000-v7.0-G-15-03929,83.38569566255364,29.360456499999998,0.079736301883729
RGI2000-v7.0-G-15-03930,83.306802,29.1136005,0.267525431983623
RGI2000-v7.0-G-15-03931,83.30885496330315,29.022242,0.029840333430365
RGI2000-v7.0-G-15-03932,83.30592866109302,29.016402499999998,0.097949424383813
RGI2000-v7.0-G-15-03933,83.29649981771996,29.013389,0.039575908085544
RGI2000-v7.0-G-15-03934,83.28423423645822,28.996384499999998,0.103028629872303
RGI2000-v7.0-G-15-03935,83.28935505025116,28.987579,0.764808142867604
RGI2000-v7.0-G-15-03936,83.28644007234433,28.97879,0.047819479298997
RGI2000-v7.0-G-15-03937,83.28106896988399,28.972776,0.215275949290663
RGI2000-v7.0-G-15-03938,83.2793566682951,28.9603645,0.060356671873161
RGI2000-v7.0-G-15-03939,83.30918860672708,28.9462345,0.221030634397699
RGI2000-v7.0-G-15-03940,83.30664239293776,28.9391325,0.400271609065244
RGI2000-v7.0-G-15-03941,83.30145025767517,28.9887145,0.048629428548626
RGI2000-v7.0-G-15-03942,83.38521171589247,28.975156,0.174449587169463
RGI2000-v7.0-G-15-03943,83.39045131003788,28.9811835,0.444515018625017
RGI2000-v7.0-G-15-03944,83.43432292154355,28.9620635,0.089293938161461
RGI2000-v7.0-G-15-03945,83.43800740270214,28.960814499999998,0.025826622848776
RGI2000-v7.0-G-15-03946,83.43636927910052,28.9654895,0.20760125927174
RGI2000-v7.0-G-15-03947,83.45116488692196,28.955494,0.325255482419207
RGI2000-v7.0-G-15-03948,83.45491108070117,28.9502065,0.025648047480381
RGI2000-v7.0-G-15-03949,83.45698317264339,28.9511595,0.089941715981278
RGI2000-v7.0-G-15-03950,83.460772125,28.950048,0.030869163085723
RGI2000-v7.0-G-15-03951,83.4452996030729,28.9404005,0.361732639658146
RGI2000-v7.0-G-15-03952,83.44612860141845,28.934581,0.186588874558494
RGI2000-v7.0-G-15-03953,83.43858269765445,28.9391655,0.491939384816454
RGI2000-v7.0-G-15-03954,83.4317254953443,28.937994500000002,0.322903568356031
RGI2000-v7.0-G-15-03955,83.42862781518424,28.936362,0.035086190736323
RGI2000-v7.0-G-15-03956,83.42757650862069,28.933844999999998,0.029642109564488
RGI2000-v7.0-G-15-03957,83.42496870984041,28.933308,0.099930906604578
RGI2000-v7.0-G-15-03958,83.43583459772361,28.932267500000002,0.108088923219868
RGI2000-v7.0-G-15-03959,83.43673717139603,28.9275375,0.404973704803654
RGI2000-v7.0-G-15-03960,83.45500409279515,28.90271,0.243824359364929
RGI2000-v7.0-G-15-03961,83.45218447922318,28.9006605,0.064459774861433
RGI2000-v7.0-G-15-03962,83.45909061115808,28.8984515,0.039610576353355
RGI2000-v7.0-G-15-03963,83.47343909125662,28.903061,0.874406187347335
RGI2000-v7.0-G-15-03964,83.4745437555631,28.888859,0.230625338978864
RGI2000-v7.0-G-15-03965,83.46910584031622,28.885026000000003,0.263798900882688
RGI2000-v7.0-G-15-03966,83.45969770461241,28.876219,0.048386165684745
RGI2000-v7.0-G-15-03967,83.45037641047219,28.870307,0.024546083560909
RGI2000-v7.0-G-15-03968,83.44544929861902,28.869266,0.041219260365643
RGI2000-v7.0-G-15-03969,83.44319506964467,28.868734,0.056346691106739
RGI2000-v7.0-G-15-03970,83.43443934533678,28.865582000000003,0.590715511739848
RGI2000-v7.0-G-15-03971,83.42978702002867,28.859819,0.45491915878332
RGI2000-v7.0-G-15-03972,83.43068001005915,28.8530035,0.201466592094199
RGI2000-v7.0-G-15-03973,83.42898255294045,28.849392,0.118577717204778
RGI2000-v7.0-G-15-03974,83.42952975383044,28.846668,0.020091191994839
RGI2000-v7.0-G-15-03975,83.41978982461025,28.862194,0.061660823382968
RGI2000-v7.0-G-15-03976,83.41452297842886,28.8614485,0.047317700385495
RGI2000-v7.0-G-15-03977,83.41103525582412,28.859744499999998,0.029272485400565
RGI2000-v7.0-G-15-03978,83.44268427751066,28.897395500000002,0.100025531285859
RGI2000-v7.0-G-15-03979,83.48017474351875,28.9175885,0.091004996832831
RGI2000-v7.0-G-15-03980,83.4810708523057,28.921809500000002,0.112518692403224
RGI2000-v7.0-G-15-03981,83.48702724495874,28.922243,0.671971703602077
RGI2000-v7.0-G-15-03982,83.50955789624506,28.890912,0.110719710683647
RGI2000-v7.0-G-15-03983,83.51256212980769,28.8913375,0.146451616126157
RGI2000-v7.0-G-15-03984,83.50700179733333,28.887561,0.440559592983987
RGI2000-v7.0-G-15-03985,83.49917870509978,28.8816065,0.584797255807424
RGI2000-v7.0-G-15-03986,83.4984579826135,28.8737725,0.347678374747611
RGI2000-v7.0-G-15-03987,83.4962677329786,28.8637985,1.09091921809562
RGI2000-v7.0-G-15-03988,83.49233802827587,28.8518295,2.304410618651949
RGI2000-v7.0-G-15-03989,83.50225159353519,28.844611999999998,0.056982249553626
RGI2000-v7.0-G-15-03990,83.5114980805407,28.850164,1.611585454556907
RGI2000-v7.0-G-15-03991,83.51193248011833,28.8580605,1.063526704754405
RGI2000-v7.0-G-15-03992,83.52025819208009,28.8635845,2.101049405121138
RGI2000-v7.0-G-15-03993,83.53134248166303,28.870019,0.370332168969813
RGI2000-v7.0-G-15-03994,83.53338518172595,28.8745285,0.167976061953021
RGI2000-v7.0-G-15-03995,83.53666758298465,28.872229,0.097195233370774
RGI2000-v7.0-G-15-03996,83.53787390336134,28.8667405,0.217128193330399
RGI2000-v7.0-G-15-03997,83.5460413125114,28.863304499999998,0.191955750203594
RGI2000-v7.0-G-15-03998,83.55245258968611,28.867415,0.655717416590439
RGI2000-v7.0-G-15-03999,83.54950890197738,28.872516,0.027004624698924
RGI2000-v7.0-G-15-04000,83.54494223638613,28.874064,0.869622959386422
RGI2000-v7.0-G-15-04001,83.53882002783362,28.878109000000002,0.058398199530229
RGI2000-v7.0-G-15-04002,83.53706000892856,28.879657,0.262257192797698
RGI2000-v7.0-G-15-04003,83.52344483908504,28.8754575,0.124389623249217
RGI2000-v7.0-G-15-04004,83.51292380839844,28.8788965,1.957133877078659
RGI2000-v7.0-G-15-04005,83.48744742401664,28.879009500000002,0.570491953899664
RGI2000-v7.0-G-15-04006,83.4757977511062,28.8481775,0.76834538811888
RGI2000-v7.0-G-15-04007,83.47807753398877,28.8414255,0.614193791562837
RGI2000-v7.0-G-15-04008,83.4804901952821,28.8381905,0.146511182652335
RGI2000-v7.0-G-15-04009,83.47765289606079,28.830937499999997,0.798645067514344
RGI2000-v7.0-G-15-04010,83.4734825353876,28.822338000000002,0.885122948499449
RGI2000-v7.0-G-15-04011,83.4722152854437,28.813853,0.703172329733865
RGI2000-v7.0-G-15-04012,83.46959,28.808311,0.118409389221278
RGI2000-v7.0-G-15-04013,83.47933124665272,28.8077275,0.97590234178398
RGI2000-v7.0-G-15-04014,83.48488887539003,28.803252999999998,0.18065346664361
RGI2000-v7.0-G-15-04015,83.50068950818022,28.798668,1.634155278866853
RGI2000-v7.0-G-15-04016,83.50223728168203,28.7922455,0.123822803274
RGI2000-v7.0-G-15-04017,83.49998205215122,28.781591499999998,1.551180867312102
RGI2000-v7.0-G-15-04018,83.49966662856568,28.7754335,0.364035003966406
RGI2000-v7.0-G-15-04019,83.49438220868538,28.769004000000002,1.788760423520952
RGI2000-v7.0-G-15-04020,83.48246242944032,28.7750715,1.209675394203422
RGI2000-v7.0-G-15-04021,83.48576772115385,28.782287,0.067031659777063
RGI2000-v7.0-G-15-04022,83.46968471795748,28.769005999999997,2.629624810619486
RGI2000-v7.0-G-15-04023,83.45323402741693,28.763965499999998,1.428832066661681
RGI2000-v7.0-G-15-04024,83.43223817080745,28.756381,3.823155032400837
RGI2000-v7.0-G-15-04025,83.42415308872647,28.7516785,3.719896096034797
RGI2000-v7.0-G-15-04026,83.41485645672171,28.7471155,1.433693363319321
RGI2000-v7.0-G-15-04027,83.39806057111255,28.7240515,27.181067090952755
RGI2000-v7.0-G-15-04028,83.36868854951683,28.7090425,1.38630640649905
RGI2000-v7.0-G-15-04029,83.35326046663019,28.720833499999998,0.957946826187765
RGI2000-v7.0-G-15-04030,83.36333775272331,28.691699,0.039206940603268
RGI2000-v7.0-G-15-04031,83.36725243516446,28.684964,0.33524443234879
RGI2000-v7.0-G-15-04032,83.38283061952089,28.6704075,0.100591111450059
RGI2000-v7.0-G-15-04033,83.38658913385433,28.673023,0.04173334043578
RGI2000-v7.0-G-15-04034,83.39433239767442,28.6803535,0.336511240324933
RGI2000-v7.0-G-15-04035,83.4024261428107,28.688191500000002,0.058191215332409
RGI2000-v7.0-G-15-04036,83.44304950777271,28.696665000000003,0.129458662086592
RGI2000-v7.0-G-15-04037,83.45642231546134,28.7083095,0.269135537898937
RGI2000-v7.0-G-15-04038,83.46368683531998,28.717253499999998,1.640465459211861
RGI2000-v7.0-G-15-04039,83.46489550950473,28.6978835,0.224058898772047
RGI2000-v7.0-G-15-04040,83.46253463769429,28.689079,0.925903848877185
RGI2000-v7.0-G-15-04041,83.47888510062131,28.6874715,0.248977159538674
RGI2000-v7.0-G-15-04042,83.4772182812996,28.696751499999998,0.786359665791633
RGI2000-v7.0-G-15-04043,83.48158899190088,28.677975,0.749394637028221
RGI2000-v7.0-G-15-04044,83.46225077390807,28.6717525,1.236098627411188
RGI2000-v7.0-G-15-04045,83.46828708668679,28.660065000000003,1.057475572666072
RGI2000-v7.0-G-15-04046,83.44814939679752,28.6561815,2.816268532575153
RGI2000-v7.0-G-15-04047,83.44799945327341,28.638548,1.022569990266737
RGI2000-v7.0-G-15-04048,83.44375217588725,28.6291075,0.549215784622838
RGI2000-v7.0-G-15-04049,83.43873120727272,28.62809,0.042016519147366
RGI2000-v7.0-G-15-04050,83.44042387362096,28.624384,0.435775882706394
RGI2000-v7.0-G-15-04051,83.44866955940083,28.6226895,0.049603447255311
RGI2000-v7.0-G-15-04052,83.45565291514598,28.621384,0.030569602023645
RGI2000-v7.0-G-15-04053,83.45958953806272,28.6297305,4.077185857160397
RGI2000-v7.0-G-15-04054,83.46608028423287,28.612801500000003,0.021553653295341
RGI2000-v7.0-G-15-04055,83.46792472786885,28.613216,0.028390272754333
RGI2000-v7.0-G-15-04056,83.47646025129504,28.614213499999998,0.576801465811501
RGI2000-v7.0-G-15-04057,83.48551461906553,28.613847,0.040852755609586
RGI2000-v7.0-G-15-04058,83.45764703690037,28.610332,0.278852378954194
RGI2000-v7.0-G-15-04059,83.44995725773197,28.613642,0.585970097086104
RGI2000-v7.0-G-15-04060,83.43634369387755,28.617095499999998,0.196752382730461
RGI2000-v7.0-G-15-04061,83.48577780274418,28.650012500000003,0.673999475695685
RGI2000-v7.0-G-15-04062,83.48934598811881,28.6555385,0.298349802588248
RGI2000-v7.0-G-15-04063,83.50982154978573,28.675361000000002,10.806188519655857
RGI2000-v7.0-G-15-04064,83.522582575858,28.6826185,0.029153241027107
RGI2000-v7.0-G-15-04065,83.52180089230467,28.686874500000002,0.053811539145064
RGI2000-v7.0-G-15-04066,83.5214196817399,28.6894375,0.177372470682114
RGI2000-v7.0-G-15-04067,83.52484453342632,28.697072,6.687069410237114
RGI2000-v7.0-G-15-04068,83.50833389012573,28.694339499999998,0.175441386841437
RGI2000-v7.0-G-15-04069,83.50402203891971,28.6974555,0.155556423002641
RGI2000-v7.0-G-15-04070,83.52704367584613,28.6796705,0.027896820342348
RGI2000-v7.0-G-15-04071,83.5505989854033,28.718514499999998,0.059051725219169
RGI2000-v7.0-G-15-04072,83.57119075199066,28.726315999999997,5.42990138620046
RGI2000-v7.0-G-15-04073,83.57936573348519,28.732308500000002,0.116173275663167
RGI2000-v7.0-G-15-04074,83.58217990013495,28.743581,0.988283112743184
RGI2000-v7.0-G-15-04075,83.57534202888793,28.7541995,0.355787318140017
RGI2000-v7.0-G-15-04076,83.56262519812361,28.7609535,0.171622372293482
RGI2000-v7.0-G-15-04077,83.55970477745682,28.752011500000002,0.352207311902644
RGI2000-v7.0-G-15-04078,83.53491099217682,28.7586495,1.218620634672813
RGI2000-v7.0-G-15-04079,83.53629525567146,28.7659155,3.451385982105805
RGI2000-v7.0-G-15-04080,83.55140500117628,28.7764255,0.192251480173416
RGI2000-v7.0-G-15-04081,83.56161048631074,28.7776055,1.378134079732932
RGI2000-v7.0-G-15-04082,83.57133857099289,28.774195,0.198048216591261
RGI2000-v7.0-G-15-04083,83.5322327062201,28.748331,2.941027033606471
RGI2000-v7.0-G-15-04084,83.51960883954831,28.7279075,29.725230673075856
RGI2000-v7.0-G-15-04085,83.58193656908549,28.7192685,0.33583765293807
RGI2000-v7.0-G-15-04086,83.60929665852626,28.801898,1.037405598312516
RGI2000-v7.0-G-15-04087,83.61111827613742,28.816072499999997,0.145276345954789
RGI2000-v7.0-G-15-04088,83.61834885298474,28.817365000000002,0.109412093499523
RGI2000-v7.0-G-15-04089,83.61118710840344,28.844215,0.119938842800703
RGI2000-v7.0-G-15-04090,83.61149137695428,28.848303,0.142925050922265
RGI2000-v7.0-G-15-04091,83.61103915347664,28.8503115,0.147135864440476
RGI2000-v7.0-G-15-04092,83.62304704121841,28.8517565,1.03722372312951
RGI2000-v7.0-G-15-04093,83.6319488100007,28.848336500000002,0.061433422128119
RGI2000-v7.0-G-15-04094,83.63617583715597,28.847286,0.043179339307268
RGI2000-v7.0-G-15-04095,83.63193302794772,28.8433305,0.32447253658725
RGI2000-v7.0-G-15-04096,83.62488919534721,28.8606835,0.235829320900333
RGI2000-v7.0-G-15-04097,83.62954407137843,28.865507,0.104595071603674
RGI2000-v7.0-G-15-04098,83.6241813560051,28.867585,0.227680136526765
RGI2000-v7.0-G-15-04099,83.63910278609356,28.864565,2.334539980324106
RGI2000-v7.0-G-15-04100,83.65082878834029,28.861245,0.215411719687094
RGI2000-v7.0-G-15-04101,83.65705577316056,28.8666755,0.70748438887849
RGI2000-v7.0-G-15-04102,83.66364236428201,28.8667965,0.550473334678468
RGI2000-v7.0-G-15-04103,83.56211425866624,28.8596605,0.546979689917023
RGI2000-v7.0-G-15-04104,83.56052384506069,28.8645145,0.234827431217084
RGI2000-v7.0-G-15-04105,83.55465690093158,28.858768,0.347820620074718
RGI2000-v7.0-G-15-04106,83.55469588495524,28.876147500000002,0.217849812037063
RGI2000-v7.0-G-15-04107,83.55616251841039,28.8880205,0.039904816010825
RGI2000-v7.0-G-15-04108,83.5616972125706,28.88922,0.08324882565458
RGI2000-v7.0-G-15-04109,83.5281004368421,28.902594999999998,0.133605460906139
RGI2000-v7.0-G-15-04110,83.52614989473685,28.9024815,0.086200677008807
RGI2000-v7.0-G-15-04111,83.56625400574288,28.944881,0.204142910311657
RGI2000-v7.0-G-15-04112,83.59998930303203,28.936541,0.232846395420026
RGI2000-v7.0-G-15-04113,83.60860274916672,28.9432575,0.255784230440901
RGI2000-v7.0-G-15-04114,83.60654725319449,28.951090999999998,0.036744329227695
RGI2000-v7.0-G-15-04115,83.60945110105835,28.9560835,1.127611127809479
RGI2000-v7.0-G-15-04116,83.61975301687764,28.961108,0.40188115990547
RGI2000-v7.0-G-15-04117,83.62846287551866,28.956553999999997,0.370653117814134
RGI2000-v7.0-G-15-04118,83.62354953683487,28.9505445,0.213374227955748
RGI2000-v7.0-G-15-04119,83.63153262414437,28.970315999999997,0.321936460120761
RGI2000-v7.0-G-15-04120,83.62579709228189,28.972681,0.327596664635933
RGI2000-v7.0-G-15-04121,83.60601901856069,28.983083999999998,0.05915456430318
RGI2000-v7.0-G-15-04122,83.61257301138353,29.003798500000002,0.126807737701912
RGI2000-v7.0-G-15-04123,83.61292538426108,29.008235499999998,0.078872983964673
RGI2000-v7.0-G-15-04124,83.6099905045927,29.0112445,0.244985167803047
RGI2000-v7.0-G-15-04125,83.61498651664544,29.0120135,0.174698243294318
RGI2000-v7.0-G-15-04126,83.61791360721378,29.0180675,0.100301517611811
RGI2000-v7.0-G-15-04127,83.61725032334367,29.0223835,0.123468604439599
RGI2000-v7.0-G-15-04128,83.6080810065888,29.022147,0.925843750987619
RGI2000-v7.0-G-15-04129,83.60108625807652,29.034021,1.320694749821167
RGI2000-v7.0-G-15-04130,83.59322900000001,29.0255645,0.398543845872381
RGI2000-v7.0-G-15-04131,83.58837179988774,29.021064,0.172045086316864
RGI2000-v7.0-G-15-04132,83.5820821636373,29.0270685,0.216480484331064
RGI2000-v7.0-G-15-04133,83.57822341696536,29.022833,0.25489087583588
RGI2000-v7.0-G-15-04134,83.5712318706903,29.034278,0.291836626217805
RGI2000-v7.0-G-15-04135,83.57372964362054,29.059372500000002,0.114147548892421
RGI2000-v7.0-G-15-04136,83.57751195652173,29.062928,0.066085516480628
RGI2000-v7.0-G-15-04137,83.58091973422292,29.065317,0.163754325182096
RGI2000-v7.0-G-15-04138,83.5900780789825,29.0629825,0.063887690960938
RGI2000-v7.0-G-15-04139,83.59793243873861,29.0608985,0.377493078783832
RGI2000-v7.0-G-15-04140,83.61678313034187,29.048133,0.502169604524736
RGI2000-v7.0-G-15-04141,83.60961639938081,29.042690999999998,0.790605278349224
RGI2000-v7.0-G-15-04142,83.62055717103539,29.033962,1.443178630044396
RGI2000-v7.0-G-15-04143,83.62771628352829,29.0324635,0.110473980297488
RGI2000-v7.0-G-15-04144,83.63215789405811,29.0327965,0.063542622659954
RGI2000-v7.0-G-15-04145,83.64293370624893,29.0265545,0.642705178173623
RGI2000-v7.0-G-15-04146,83.64952227367938,29.022156000000003,0.083320835077709
RGI2000-v7.0-G-15-04147,83.64630953575923,29.016621,0.293109066699168
RGI2000-v7.0-G-15-04148,83.63927550080558,29.0098575,0.274688064042201
RGI2000-v7.0-G-15-04149,83.66280978110413,29.012300500000002,0.123083709551938
RGI2000-v7.0-G-15-04150,83.66516482547169,29.018458,0.279045396382051
RGI2000-v7.0-G-15-04151,83.66092186931819,29.025374499999998,0.377966829759833
RGI2000-v7.0-G-15-04152,83.67168564899859,29.0288125,1.581512378846002
RGI2000-v7.0-G-15-04153,83.67840128068411,29.03247,0.078342674273614
RGI2000-v7.0-G-15-04154,83.68271314667444,29.034391499999998,0.347732999325503
RGI2000-v7.0-G-15-04155,83.69869131349401,29.032016,1.8927593003289
RGI2000-v7.0-G-15-04156,83.707674,29.029327000000002,0.781427003458055
RGI2000-v7.0-G-15-04157,83.71767167924529,29.0260095,1.487200960211587
RGI2000-v7.0-G-15-04158,83.72538999748956,29.025418,0.817307275164996
RGI2000-v7.0-G-15-04159,83.73778218511302,29.020103,2.19117045994054
RGI2000-v7.0-G-15-04160,83.74252078402367,29.0070485,1.33997272543922
RGI2000-v7.0-G-15-04161,83.74388308886654,28.996137,0.176161099181394
RGI2000-v7.0-G-15-04162,83.74342548193871,28.990981499999997,0.110851934459301
RGI2000-v7.0-G-15-04163,83.73203379790544,28.996517,2.39225553467137
RGI2000-v7.0-G-15-04164,83.72253276117442,28.999328,0.119099807940603
RGI2000-v7.0-G-15-04165,83.72125664612692,28.992671,0.319232980309213
RGI2000-v7.0-G-15-04166,83.72472783196828,29.011723,0.518619073642367
RGI2000-v7.0-G-15-04167,83.71256829601354,29.0162325,0.173765169326468
RGI2000-v7.0-G-15-04168,83.70235794888889,29.013493,1.756703646182084
RGI2000-v7.0-G-15-04169,83.68815759551083,29.0149605,0.867882253932392
RGI2000-v7.0-G-15-04170,83.6814696852536,29.013005,0.057545105805802
RGI2000-v7.0-G-15-04171,83.67575902622536,29.012780499999998,0.741270327619437
RGI2000-v7.0-G-15-04172,83.67917941465323,29.007628,0.094750767738415
RGI2000-v7.0-G-15-04173,83.68584528534836,29.060596500000003,0.033917200129594
RGI2000-v7.0-G-15-04174,83.67891063581489,29.0612305,0.06601386981885
RGI2000-v7.0-G-15-04175,83.65551252860689,29.064391999999998,0.748681190617531
RGI2000-v7.0-G-15-04176,83.64608520060983,29.066321000000002,0.647462633214909
RGI2000-v7.0-G-15-04177,83.63760091646742,29.071263000000002,1.577924643618824
RGI2000-v7.0-G-15-04178,83.62210398292854,29.068423,2.888314084301649
RGI2000-v7.0-G-15-04179,83.62437702947369,29.0796545,0.177557028477125
RGI2000-v7.0-G-15-04180,83.62743166667053,29.087031500000002,0.036549353352171
RGI2000-v7.0-G-15-04181,83.6216746229336,29.090325,0.096728656239232
RGI2000-v7.0-G-15-04182,83.61516716440914,29.1000615,0.049455018857404
RGI2000-v7.0-G-15-04183,83.62382591423697,29.1042255,0.024922864609995
RGI2000-v7.0-G-15-04184,83.62901844845399,29.101892499999998,0.134541136724869
RGI2000-v7.0-G-15-04185,83.63073901331981,29.1076065,0.038847717157357
RGI2000-v7.0-G-15-04186,83.62122373423006,29.123717499999998,0.088901269871289
RGI2000-v7.0-G-15-04187,83.64305467949171,29.127206,0.039595864929038
RGI2000-v7.0-G-15-04188,83.6555604998594,29.124979,0.692256544580442
RGI2000-v7.0-G-15-04189,83.65567728518124,29.1198975,0.103577339960037
RGI2000-v7.0-G-15-04190,83.66167703316992,29.119924,0.411980482179339
RGI2000-v7.0-G-15-04191,83.66440211229394,29.126478,0.274426000473343
RGI2000-v7.0-G-15-04192,83.67521228641948,29.127377,0.034502297200261
RGI2000-v7.0-G-15-04193,83.68140312218182,29.11053,2.106251595958025
RGI2000-v7.0-G-15-04194,83.68338369647059,29.1000845,0.282987136336559
RGI2000-v7.0-G-15-04195,83.68169838861279,29.0880225,0.156484683485532
RGI2000-v7.0-G-15-04196,83.70420552897983,29.092509,0.207027451427776
RGI2000-v7.0-G-15-04197,83.70183896597149,29.099618999999997,0.385463526543234
RGI2000-v7.0-G-15-04198,83.69500537743119,29.108901,0.526772339261612
RGI2000-v7.0-G-15-04199,83.70638988252175,29.1128335,0.29734536926945
RGI2000-v7.0-G-15-04200,83.71708608676539,29.1109765,0.314276505034966
RGI2000-v7.0-G-15-04201,83.73401357390111,29.108865,0.138523060326968
RGI2000-v7.0-G-15-04202,83.73845241826348,29.1072085,0.017884192787244
RGI2000-v7.0-G-15-04203,83.73846663795217,29.100687,0.598763769700253
RGI2000-v7.0-G-15-04204,83.73243868466174,29.099525,0.09808702345915
RGI2000-v7.0-G-15-04205,83.74627014058024,29.0917135,1.39997678949843
RGI2000-v7.0-G-15-04206,83.71110633640102,29.0861435,0.263622661340871
RGI2000-v7.0-G-15-04207,83.69736269444444,29.130859,14.33795641769898
RGI2000-v7.0-G-15-04208,83.6901537189534,29.150520999999998,1.690212550100109
RGI2000-v7.0-G-15-04209,83.71628712106752,29.1473735,0.245450377586799
RGI2000-v7.0-G-15-04210,83.72882865429688,29.1491785,0.055125489386388
RGI2000-v7.0-G-15-04211,83.72877181804174,29.144227,0.515297902482081
RGI2000-v7.0-G-15-04212,83.73840263444606,29.143356,0.322265718148946
RGI2000-v7.0-G-15-04213,83.74701237777778,29.137022,0.233971081333253
RGI2000-v7.0-G-15-04214,83.75797341085271,29.126224,0.044946059797317
RGI2000-v7.0-G-15-04215,83.76594188625592,29.130794,2.774151620831562
RGI2000-v7.0-G-15-04216,83.76991809599286,29.118457,0.091789002215391
RGI2000-v7.0-G-15-04217,83.78614811459423,29.131181499999997,0.711148642178358
RGI2000-v7.0-G-15-04218,83.77986308240742,29.1387635,0.244056748881527
RGI2000-v7.0-G-15-04219,83.78684689027546,29.144042,0.925078576571578
RGI2000-v7.0-G-15-04220,83.78192326576615,29.149629500000003,0.037878921717358
RGI2000-v7.0-G-15-04221,83.77420574887238,29.149051,1.564250032696069
RGI2000-v7.0-G-15-04222,83.7663395,29.1544475,0.147135036991495
RGI2000-v7.0-G-15-04223,83.75824510517734,29.15303,2.665653735979206
RGI2000-v7.0-G-15-04224,83.75126438663244,29.1601415,0.090281388043622
RGI2000-v7.0-G-15-04225,83.74696356726963,29.154906500000003,0.419523175791738
RGI2000-v7.0-G-15-04226,83.73225652758845,29.154403000000002,0.764155864859512
RGI2000-v7.0-G-15-04227,83.77408906437525,29.1663205,0.197443165238875
RGI2000-v7.0-G-15-04228,83.78856546691176,29.1540385,0.433127033633719
RGI2000-v7.0-G-15-04229,83.79753493377528,29.1588245,0.148471794442038
RGI2000-v7.0-G-15-04230,83.79869707420858,29.156558,0.106699495728639
RGI2000-v7.0-G-15-04231,83.7972508968254,29.1251895,0.620077168623958
RGI2000-v7.0-G-15-04232,83.8119887482197,29.112838500000002,0.158156906053217
RGI2000-v7.0-G-15-04233,83.79811200296768,29.0444745,0.354480524475501
RGI2000-v7.0-G-15-04234,83.79702852003417,29.036868499999997,0.12244753685672
RGI2000-v7.0-G-15-04235,83.78557648740866,29.037706,0.772588540178662
RGI2000-v7.0-G-15-04236,83.77478956197996,29.031001500000002,0.749939167759286
RGI2000-v7.0-G-15-04237,83.78313452421224,29.0253735,0.052177161678478
RGI2000-v7.0-G-15-04238,83.7775896147541,29.016140999999998,0.090312822293812
RGI2000-v7.0-G-15-04239,83.77183029129755,29.018,0.062184620864829
RGI2000-v7.0-G-15-04240,83.7658282636166,29.015351000000003,0.663467471081564
RGI2000-v7.0-G-15-04241,83.75516560070095,29.018212,0.321300747384748
RGI2000-v7.0-G-15-04242,83.75444378663641,29.0143595,0.195790135570032
RGI2000-v7.0-G-15-04243,83.75089002904602,29.030451,0.662082913059884
RGI2000-v7.0-G-15-04244,83.76214301801198,29.0313445,1.291796767506439
RGI2000-v7.0-G-15-04245,83.73516943004587,28.9719895,0.266446467894498
RGI2000-v7.0-G-15-04246,83.72873075461638,28.9687875,0.163583936083463
RGI2000-v7.0-G-15-04247,83.72729018830336,28.963308499999997,0.272523567060153
RGI2000-v7.0-G-15-04248,83.71972977968022,28.957857,0.62026043727216
RGI2000-v7.0-G-15-04249,83.72278048160038,28.949377,0.39734933069357
RGI2000-v7.0-G-15-04250,83.72148507251907,28.943357,0.213252629205918
RGI2000-v7.0-G-15-04251,83.73112761653573,28.946232000000002,0.092620256335819
RGI2000-v7.0-G-15-04252,83.72983289996267,28.952022499999998,0.074217602120309
RGI2000-v7.0-G-15-04253,83.73887690057477,28.9604885,0.656265405442965
RGI2000-v7.0-G-15-04254,83.74850474198718,28.9670205,0.169930446565049
RGI2000-v7.0-G-15-04255,83.75070635731171,28.957327,0.184346676236603
RGI2000-v7.0-G-15-04256,83.63488732067573,29.0443875,9.306613882336313
RGI2000-v7.0-G-15-04257,83.55839022383721,29.059478499999997,0.087335825457997
RGI2000-v7.0-G-15-04258,83.55822198243803,29.061789,0.10493722317816
RGI2000-v7.0-G-15-04259,83.54635359772382,29.0638035,0.055536895893624
RGI2000-v7.0-G-15-04260,83.53207003037011,29.022592,0.448446260061435
RGI2000-v7.0-G-15-04261,83.54136038524743,29.001853,0.139907307675784
RGI2000-v7.0-G-15-04262,83.54459683248936,28.9966225,0.044708171979697
RGI2000-v7.0-G-15-04263,83.5445950906591,28.990045000000002,0.019022515643589
RGI2000-v7.0-G-15-04264,83.54366558307534,28.986421,0.058666894607495
RGI2000-v7.0-G-15-04265,83.5613917901432,28.994795,0.076850194964742
RGI2000-v7.0-G-15-04266,83.5674190553521,28.993183000000002,0.288119044668707
RGI2000-v7.0-G-15-04267,83.50263786649275,29.005565,0.056516164074348
RGI2000-v7.0-G-15-04268,83.49429217556533,29.0087005,0.061669790505984
RGI2000-v7.0-G-15-04269,83.43404066390636,29.0353145,0.033141702093713
RGI2000-v7.0-G-15-04270,83.42352004743951,29.059686,0.095161684075978
RGI2000-v7.0-G-15-04271,83.2036225937515,29.0067815,0.088994537308145
RGI2000-v7.0-G-15-04272,83.18718286268472,28.9938635,0.236162592698222
RGI2000-v7.0-G-15-04273,83.19166720761865,28.9868785,1.330814989127203
RGI2000-v7.0-G-15-04274,83.18446572738463,28.9859625,0.576455964144305
RGI2000-v7.0-G-15-04275,83.17970236613756,28.985442,0.643728583124327
RGI2000-v7.0-G-15-04276,83.17623434462357,28.9780595,0.019935872281945
RGI2000-v7.0-G-15-04277,83.1783429714369,28.977127,0.091046941229673
RGI2000-v7.0-G-15-04278,83.18113973389677,28.975274,0.240976715785555
RGI2000-v7.0-G-15-04279,83.18875304028282,28.970646000000002,1.717601113689205
RGI2000-v7.0-G-15-04280,83.19760894924313,28.966887,0.018653911920316
RGI2000-v7.0-G-15-04281,83.20002990636888,28.969953500000003,0.425016104542666
RGI2000-v7.0-G-15-04282,83.19741830862174,28.976998000000002,0.04681310684591
RGI2000-v7.0-G-15-04283,83.1698488546268,28.983515500000003,0.676470308344264
RGI2000-v7.0-G-15-04284,83.16837374144869,28.979224000000002,0.03794460312595
RGI2000-v7.0-G-15-04285,83.15170581052632,28.980556999999997,1.189408160277956
RGI2000-v7.0-G-15-04286,83.14144913135902,28.9767875,0.523787905779314
RGI2000-v7.0-G-15-04287,83.16941026458824,28.8364775,0.024206029445586
RGI2000-v7.0-G-15-04288,83.17360340765765,28.834043,0.168742521001981
RGI2000-v7.0-G-15-04289,83.16273714099395,28.8338075,0.196939404124107
RGI2000-v7.0-G-15-04290,83.15723917511521,28.832096999999997,0.059388222779619
RGI2000-v7.0-G-15-04291,83.1544821579279,28.8206995,0.209617151686039
RGI2000-v7.0-G-15-04292,83.16460103816325,28.816661500000002,0.252728694402349
RGI2000-v7.0-G-15-04293,83.16696636813691,28.8072555,0.586726387275196
RGI2000-v7.0-G-15-04294,83.17535711488028,28.8070475,0.379857550722733
RGI2000-v7.0-G-15-04295,83.17073680411079,28.7969225,0.318518370225115
RGI2000-v7.0-G-15-04296,83.16544074515134,28.795688,0.06502129909777
RGI2000-v7.0-G-15-04297,83.1636618452346,28.799099,0.079597814975329
RGI2000-v7.0-G-15-04298,83.1711166436296,28.791263,0.631839600916929
RGI2000-v7.0-G-15-04299,83.17102713210615,28.7821115,0.34116492927062
RGI2000-v7.0-G-15-04300,83.17194815,28.7675925,0.681980984038123
RGI2000-v7.0-G-15-04301,83.17261938195188,28.7591325,19.42767983050595
RGI2000-v7.0-G-15-04302,83.15891670973156,28.770916,0.581068467551669
RGI2000-v7.0-G-15-04303,83.15681578506374,28.773228,0.088983556766163
RGI2000-v7.0-G-15-04304,83.15311688669266,28.768479499999998,0.030371596949232
RGI2000-v7.0-G-15-04305,83.14406001834863,28.774125,10.74627595226872
RGI2000-v7.0-G-15-04306,83.13819418210527,28.7880015,0.075431575812198
RGI2000-v7.0-G-15-04307,83.12798888821077,28.790227,0.197878858546232
RGI2000-v7.0-G-15-04308,83.12662738818719,28.792529000000002,0.052533350389164
RGI2000-v7.0-G-15-04309,83.12467283921163,28.789231,0.042970981443226
RGI2000-v7.0-G-15-04310,83.12511587111698,28.783127,0.139342787628948
RGI2000-v7.0-G-15-04311,83.1254085865834,28.7775625,0.09986447443252
RGI2000-v7.0-G-15-04312,83.11836075000001,28.776419,0.113631790948794
RGI2000-v7.0-G-15-04313,83.1179374986102,28.783184,0.724663011717813
RGI2000-v7.0-G-15-04314,83.11324856505817,28.786460499999997,0.102417739846502
RGI2000-v7.0-G-15-04315,83.0952296151054,28.782909,5.419632227563808
RGI2000-v7.0-G-15-04316,83.08771819074178,28.794666499999998,1.69709786053501
RGI2000-v7.0-G-15-04317,83.07287852673267,28.791717499999997,2.830832096609237
RGI2000-v7.0-G-15-04318,83.07631794452017,28.805173500000002,0.040159688999212
RGI2000-v7.0-G-15-04319,83.0818482368421,28.809023000000003,1.616010353519113
RGI2000-v7.0-G-15-04320,83.09072289705108,28.814155,0.894764554908868
RGI2000-v7.0-G-15-04321,83.08660045244227,28.817445,0.058617074249734
RGI2000-v7.0-G-15-04322,83.08701974560901,28.8260635,1.05227654977641
RGI2000-v7.0-G-15-04323,83.07892137114439,28.831786,0.308460294678427
RGI2000-v7.0-G-15-04324,83.07656186764706,28.836268500000003,0.053600537816186
RGI2000-v7.0-G-15-04325,83.07499526666427,28.8391285,0.242090152974583
RGI2000-v7.0-G-15-04326,83.06258693001911,28.850164,0.068768996809884
RGI2000-v7.0-G-15-04327,83.09634539321095,28.811791499999998,0.375869528816128
RGI2000-v7.0-G-15-04328,83.10325348846126,28.810642,0.118982764890263
RGI2000-v7.0-G-15-04329,83.0756851298186,28.7778785,0.559506200432395
RGI2000-v7.0-G-15-04330,83.08133203609958,28.772956999999998,0.090995602920291
RGI2000-v7.0-G-15-04331,83.08428062986859,28.767584499999998,0.161735792987074
RGI2000-v7.0-G-15-04332,83.0919124580696,28.7649115,0.1312654790064
RGI2000-v7.0-G-15-04333,83.09119728394847,28.758781,0.090178406542092
RGI2000-v7.0-G-15-04334,83.09601412005108,28.7564335,0.440675879609991
RGI2000-v7.0-G-15-04335,83.10115693353475,28.7408045,0.85783108966421
RGI2000-v7.0-G-15-04336,83.1025815,28.73391,0.028525006167386
RGI2000-v7.0-G-15-04337,83.11288812740216,28.7357145,0.324276859217627
RGI2000-v7.0-G-15-04338,83.11635814119171,28.732893500000003,0.063435296107116
RGI2000-v7.0-G-15-04339,83.12113087768144,28.7395055,0.070001176258891
RGI2000-v7.0-G-15-04340,83.11429454595398,28.743081500000002,0.39637310329012
RGI2000-v7.0-G-15-04341,83.12899017157231,28.725859,2.988968316026244
RGI2000-v7.0-G-15-04342,83.14624149553944,28.714828,0.021189868631985
RGI2000-v7.0-G-15-04343,83.14962432333508,28.712304,0.052026547003909
RGI2000-v7.0-G-15-04344,83.15673628931869,28.705591,0.633978429336552
RGI2000-v7.0-G-15-04345,83.17495314143835,28.7298045,13.714752911272821
RGI2000-v7.0-G-15-04346,83.19940646448796,28.7164565,0.347340284227085
RGI2000-v7.0-G-15-04347,83.20143498477327,28.7062175,0.043444912457634
RGI2000-v7.0-G-15-04348,83.21203849311091,28.707217999999997,0.158227391686108
RGI2000-v7.0-G-15-04349,83.24349985536392,28.7073465,28.099910901988284
RGI2000-v7.0-G-15-04350,83.22807394349837,28.68243,3.016576103686032
RGI2000-v7.0-G-15-04351,83.21951696666666,28.677111,2.718281112559728
RGI2000-v7.0-G-15-04352,83.21075083494208,28.668879,0.140439772268027
RGI2000-v7.0-G-15-04353,83.21567581263935,28.665559000000002,0.230595896507559
RGI2000-v7.0-G-15-04354,83.23672498834551,28.6627595,0.083711063243965
RGI2000-v7.0-G-15-04355,83.24543514504525,28.672634,0.325113645069054
RGI2000-v7.0-G-15-04356,83.25395616671679,28.6704665,1.190115722730446
RGI2000-v7.0-G-15-04357,83.25862103875122,28.664558,0.041716633098645
RGI2000-v7.0-G-15-04358,83.26460642835778,28.665060500000003,0.062953730393038
RGI2000-v7.0-G-15-04359,83.26977276055815,28.6623565,0.087975132446892
RGI2000-v7.0-G-15-04360,83.28007036738285,28.660981,2.255451397798189
RGI2000-v7.0-G-15-04361,83.27237701219978,28.671985,0.621103901569086
RGI2000-v7.0-G-15-04362,83.29778025541006,28.662872,0.110078106260234
RGI2000-v7.0-G-15-04363,83.30460501738128,28.654935000000002,0.112272967057755
RGI2000-v7.0-G-15-04364,83.30378382484149,28.6505825,0.075362840321081
RGI2000-v7.0-G-15-04365,83.3120926556341,28.652457,0.684108295120331
RGI2000-v7.0-G-15-04366,83.31921068748426,28.654001,0.235621380821667
RGI2000-v7.0-G-15-04367,83.32456636455525,28.6516685,0.203741998920611
RGI2000-v7.0-G-15-04368,83.3269548602141,28.6626615,0.403759810924343
RGI2000-v7.0-G-15-04369,83.33474052559913,28.668745,0.164297636824666
RGI2000-v7.0-G-15-04370,83.33710300477517,28.6584485,0.335479705083349
RGI2000-v7.0-G-15-04371,83.34564847419172,28.663165,0.085793465909932
RGI2000-v7.0-G-15-04372,83.34735844795918,28.668778,0.300960489076619
RGI2000-v7.0-G-15-04373,83.33281000638655,28.6848185,2.347293379062815
RGI2000-v7.0-G-15-04374,83.33142505952381,28.692884499999998,1.247399062348514
RGI2000-v7.0-G-15-04375,83.31331979178829,28.698287999999998,29.991066995646122
RGI2000-v7.0-G-15-04376,83.31318818922853,28.7275435,3.706423504088557
RGI2000-v7.0-G-15-04377,83.31219715282148,28.7340825,0.294123530802012
RGI2000-v7.0-G-15-04378,83.31912918145804,28.7490955,16.217022101722847
RGI2000-v7.0-G-15-04379,83.31505476634877,28.7733185,0.198762764268303
RGI2000-v7.0-G-15-04380,83.35013274352308,28.759918,19.58101239595213
RGI2000-v7.0-G-15-04381,83.37677544058559,28.771361499999998,3.418069143433863
RGI2000-v7.0-G-15-04382,83.37543678632478,28.783896499999997,0.812417884591619
RGI2000-v7.0-G-15-04383,83.37066717852,28.7926795,0.506837143105636
RGI2000-v7.0-G-15-04384,83.37131454880294,28.801033,0.076861934280386
RGI2000-v7.0-G-15-04385,83.3754668430657,28.800037,0.052364192698426
RGI2000-v7.0-G-15-04386,83.38681051578666,28.800944,0.812668978789807
RGI2000-v7.0-G-15-04387,83.39719620566387,28.786683500000002,10.88427470319478
RGI2000-v7.0-G-15-04388,83.43198180138569,28.795957,0.164352947895252
RGI2000-v7.0-G-15-04389,83.43580755339316,28.7955895,0.092337543921853
RGI2000-v7.0-G-15-04390,83.4384793825671,28.797601999999998,0.165749073388511
RGI2000-v7.0-G-15-04391,83.46331977682593,28.791852499999997,4.102579644824243
RGI2000-v7.0-G-15-04392,83.48858066200948,28.8237405,5.798431239171388
RGI2000-v7.0-G-15-04393,83.49904306473786,28.83488,0.035645837470875
RGI2000-v7.0-G-15-04394,83.50660474138249,28.830695499999997,2.121503939252171
RGI2000-v7.0-G-15-04395,83.51842349024244,28.840318500000002,0.559542007539401
RGI2000-v7.0-G-15-04396,83.53012142979797,28.838347,0.20841982821733
RGI2000-v7.0-G-15-04397,83.54262619913838,28.8346825,0.70091312235226
RGI2000-v7.0-G-15-04398,83.54918958819476,28.8311575,0.529376852791038
RGI2000-v7.0-G-15-04399,83.5576353334144,28.8298505,0.123900939703495
RGI2000-v7.0-G-15-04400,83.54437797117085,28.824665000000003,1.297320181706622
RGI2000-v7.0-G-15-04401,83.52568331990693,28.8262335,2.540848825086738
RGI2000-v7.0-G-15-04402,83.52107517578125,28.8233425,0.362267024447296
RGI2000-v7.0-G-15-04403,83.46667551722575,28.8375855,0.101732965890435
RGI2000-v7.0-G-15-04404,83.46419416464374,28.842757499999998,0.241715577267016
RGI2000-v7.0-G-15-04405,83.34137433134273,28.815803000000002,0.152778959884021
RGI2000-v7.0-G-15-04406,83.26687070749242,28.7684025,0.050969216650222
RGI2000-v7.0-G-15-04407,83.26123015804168,28.770249,0.095618990675266
RGI2000-v7.0-G-15-04408,83.25837389965939,28.7630375,0.897733888058138
RGI2000-v7.0-G-15-04409,83.23933539529915,28.7639955,5.162993255984649
RGI2000-v7.0-G-15-04410,83.2299210650981,28.779713,1.269877260947344
RGI2000-v7.0-G-15-04411,83.23143710714285,28.788802500000003,0.867645850757496
RGI2000-v7.0-G-15-04412,83.230941825,28.7967945,0.848088784508275
RGI2000-v7.0-G-15-04413,83.22670489876032,28.805543,0.747573186367992
RGI2000-v7.0-G-15-04414,83.22267464268836,28.812639,0.628089160163763
RGI2000-v7.0-G-15-04415,83.22408939019152,28.8201335,0.245124601166741
RGI2000-v7.0-G-15-04416,83.23162174665526,28.814071,0.882044272028384
RGI2000-v7.0-G-15-04417,83.23718253600407,28.822798,0.331545586677861
RGI2000-v7.0-G-15-04418,83.24498712140849,28.8212925,0.177590512347829
RGI2000-v7.0-G-15-04419,83.24729435945088,28.7996955,0.49659327398075
RGI2000-v7.0-G-15-04420,83.1975837017281,28.779074,0.15129483145177
RGI2000-v7.0-G-15-04421,83.19525851469533,28.778569,0.240156589944532
RGI2000-v7.0-G-15-04422,83.18699824982897,28.774182,0.739122677190615
RGI2000-v7.0-G-15-04423,83.11359133705886,28.769648500000002,0.291007231204701
RGI2000-v7.0-G-15-04424,83.06334731027628,28.7743455,0.294573463717238
RGI2000-v7.0-G-15-04425,83.05219362141733,28.776348499999997,1.558675683277001
RGI2000-v7.0-G-15-04426,83.05138398226545,28.782332500000003,0.47304939613169
RGI2000-v7.0-G-15-04427,83.04157247979798,28.791826999999998,0.074064246585551
RGI2000-v7.0-G-15-04428,83.0437453118644,28.795264500000002,0.031258938087855
RGI2000-v7.0-G-15-04429,83.01771060215879,28.796895499999998,0.336254460084281
RGI2000-v7.0-G-15-04430,83.01746760119703,28.7945895,0.120677521762955
RGI2000-v7.0-G-15-04431,83.01104368535117,28.7971635,0.227390916179349
RGI2000-v7.0-G-15-04432,83.00418149663346,28.804805,0.30616059237028
RGI2000-v7.0-G-15-04433,82.99680131596156,28.804705,0.052819275622534
RGI2000-v7.0-G-15-04434,82.99953279242251,28.797566,0.320363922196943
RGI2000-v7.0-G-15-04435,82.99102263912762,28.798932,0.227693932763082
RGI2000-v7.0-G-15-04436,83.04102183807585,28.763906,1.020602072836924
RGI2000-v7.0-G-15-04437,83.04139162711866,28.754538,0.129648024067804
RGI2000-v7.0-G-15-04438,82.62960501053473,28.8298675,0.749454111487762
RGI2000-v7.0-G-15-04439,82.61988835493821,28.832801,0.016710959486741
RGI2000-v7.0-G-15-04440,82.6228587782185,28.8369955,0.079586684596429
RGI2000-v7.0-G-15-04441,82.61453737385763,28.8292895,0.051298675807576
RGI2000-v7.0-G-15-04442,82.61185932558492,28.828221,0.024117374818423
RGI2000-v7.0-G-15-04443,82.6132535779984,28.8237235,0.09415668963141
RGI2000-v7.0-G-15-04444,82.63242717650148,28.845280000000002,0.644735966556165
RGI2000-v7.0-G-15-04445,82.63241459894283,28.856195,0.115969700042257
RGI2000-v7.0-G-15-04446,82.61536207142856,28.869349,0.017822973837997
RGI2000-v7.0-G-15-04447,82.40193678670401,28.9893015,0.135875162741659
RGI2000-v7.0-G-15-04448,82.39956192864716,28.9946665,0.269598365776629
RGI2000-v7.0-G-15-04449,82.3940795762295,28.998354,0.146132642354097
RGI2000-v7.0-G-15-04450,82.11186049688038,29.879196999999998,0.19326771651005
RGI2000-v7.0-G-15-04451,82.09402227252252,29.885101,0.079671698061276
RGI2000-v7.0-G-15-04452,82.08917493223184,29.8857045,0.027481414967798
RGI2000-v7.0-G-15-04453,82.08448591710183,29.885461999999997,0.037878929706544
RGI2000-v7.0-G-15-04454,82.08120176957831,29.8940275,0.515047148563248
RGI2000-v7.0-G-15-04455,82.0732634768025,29.894864499999997,0.026716090793906
RGI2000-v7.0-G-15-04456,82.06990744046979,29.8968235,0.032293597599246
RGI2000-v7.0-G-15-04457,82.0713452362092,29.898077,0.025455026330799
RGI2000-v7.0-G-15-04458,82.08163137995643,29.9020485,0.789377515558626
RGI2000-v7.0-G-15-04459,82.08170070293399,29.909962,0.952898703324618
RGI2000-v7.0-G-15-04460,82.08660968682327,29.9177565,0.252136683280504
RGI2000-v7.0-G-15-04461,82.09127813473135,29.919312499999997,0.096269189962707
RGI2000-v7.0-G-15-04462,82.07005697573803,29.91392,0.289895785130241
RGI2000-v7.0-G-15-04463,82.11715801720648,29.933527499999997,1.916384519580827
RGI2000-v7.0-G-15-04464,82.12581501609174,29.9350275,0.065952356933984
RGI2000-v7.0-G-15-04465,82.13014109289651,29.9361085,0.387471114911137
RGI2000-v7.0-G-15-04466,82.13987510996446,29.9355595,1.035394192723633
RGI2000-v7.0-G-15-04467,82.15142101533705,29.934504,0.625665913441853
RGI2000-v7.0-G-15-04468,82.1475055971591,29.927487499999998,0.334308581631699
RGI2000-v7.0-G-15-04469,82.17304014906304,29.9523365,2.799699049574234
RGI2000-v7.0-G-15-04470,82.16107181079124,29.963124999999998,1.32518364575891
RGI2000-v7.0-G-15-04471,82.15477783558558,29.967817,0.110917808061016
RGI2000-v7.0-G-15-04472,82.16277906471817,29.9788475,1.290128507244324
RGI2000-v7.0-G-15-04473,82.17537018514852,29.9823565,0.450399349598574
RGI2000-v7.0-G-15-04474,82.17970994973969,29.971358000000002,7.500476847237879
RGI2000-v7.0-G-15-04475,81.3811816748117,30.198677,0.063129848615342
RGI2000-v7.0-G-15-04513,83.81085753549783,29.260365,0.348440422771349
RGI2000-v7.0-G-15-04514,83.81781217927983,29.258725499999997,0.342100279109779
RGI2000-v7.0-G-15-04515,83.81583696145611,29.2526725,0.511414062840572
RGI2000-v7.0-G-15-04516,83.82277238047779,29.2524655,0.199333944849577
RGI2000-v7.0-G-15-04517,83.82777110822116,29.257695499999997,0.329379230978948
RGI2000-v7.0-G-15-04518,83.83654561510022,29.256447,0.272948731527242
RGI2000-v7.0-G-15-04519,83.83574967102615,29.2518525,0.027261723440563
RGI2000-v7.0-G-15-04520,83.84338450565693,29.255354500000003,0.48077184460703
RGI2000-v7.0-G-15-04521,83.846788284305,29.250335,0.203200092344992
RGI2000-v7.0-G-15-04522,83.85627324770785,29.2734895,0.050239321674131
RGI2000-v7.0-G-15-04523,83.85364469558824,29.2782015,0.443024263767891
RGI2000-v7.0-G-15-04524,83.84840681861962,29.2751795,0.503136374664749
RGI2000-v7.0-G-15-04525,83.83702447626804,29.276018,0.422634783028618
RGI2000-v7.0-G-15-04526,83.82941710367979,29.2769775,0.475982073120506
RGI2000-v7.0-G-15-04527,83.86459148126278,29.2803845,0.780266384674756
RGI2000-v7.0-G-15-04528,83.87259838597859,29.283743,0.063147369954411
RGI2000-v7.0-G-15-04529,83.826755373595,29.232014,0.41961052133642
RGI2000-v7.0-G-15-04530,83.82007406987788,29.226101,0.535337678678439
RGI2000-v7.0-G-15-04531,83.81693118945809,29.231228,0.700494338580003
RGI2000-v7.0-G-15-04532,83.81141907822351,29.2355285,0.489816448460832
RGI2000-v7.0-G-15-04533,83.80571799202187,29.2308675,0.072857107358317
RGI2000-v7.0-G-15-04534,83.80028517528737,29.2274205,0.094297128466095
RGI2000-v7.0-G-15-04535,83.80738457816712,29.224789,0.150098578326799
RGI2000-v7.0-G-15-04536,83.82856438251012,29.217995,1.348649095853249
RGI2000-v7.0-G-15-04537,83.83369723167155,29.215152,0.071805509527901
RGI2000-v7.0-G-15-04538,83.82827334517434,29.206997,0.255851830640249
RGI2000-v7.0-G-15-04539,83.82562550227061,29.202749,0.022419203671116
RGI2000-v7.0-G-15-04540,83.82205050188212,29.2042095,0.043103470439292
RGI2000-v7.0-G-15-04541,83.83949523288823,29.2029135,0.588207853913455
RGI2000-v7.0-G-15-04542,83.83832634330025,29.1983,0.041873832282088
RGI2000-v7.0-G-15-04543,83.83861700048678,29.194606999999998,0.160852583892268
RGI2000-v7.0-G-15-04544,83.84279859506529,29.187357,0.086371857434982
RGI2000-v7.0-G-15-04545,83.83919068992654,29.1836635,0.112419274635598
RGI2000-v7.0-G-15-04546,83.85095769387368,29.214285500000003,0.060014473332991
RGI2000-v7.0-G-15-04547,84.14833546214153,29.017619,0.084068971806038
RGI2000-v7.0-G-15-04548,84.15242674518008,29.0202715,0.199324038535281
RGI2000-v7.0-G-15-04549,84.12189711928404,28.962232999999998,0.433148111543117
RGI2000-v7.0-G-15-04550,84.12514820150975,28.9603325,0.299427859990406
RGI2000-v7.0-G-15-04551,84.13049745135575,28.954847,0.749128091583915
RGI2000-v7.0-G-15-04552,84.13964273815526,28.9488505,0.687781709249432
RGI2000-v7.0-G-15-04553,84.13316978732229,28.9399675,0.232303855393042
RGI2000-v7.0-G-15-04554,84.12913142588039,28.9372565,0.078193405563199
RGI2000-v7.0-G-15-04555,84.13542354960188,28.933245499999998,0.603705878503173
RGI2000-v7.0-G-15-04556,84.13043159522408,28.9273445,3.145475724429444
RGI2000-v7.0-G-15-04557,84.11397899308511,28.9220635,0.20277137457896
RGI2000-v7.0-G-15-04558,84.10781237392308,28.9300735,0.770695305255081
RGI2000-v7.0-G-15-04559,84.10195141004701,28.931106,0.208610966271519
RGI2000-v7.0-G-15-04560,84.09981471911647,28.933961,0.158128438037444
RGI2000-v7.0-G-15-04561,84.0969414578633,28.9350775,0.349114145645038
RGI2000-v7.0-G-15-04562,84.09214968052724,28.9377695,0.187618876633099
RGI2000-v7.0-G-15-04563,84.08792154832366,28.937227,0.141587772199486
RGI2000-v7.0-G-15-04564,84.0856006206761,28.9375815,0.155325832759684
RGI2000-v7.0-G-15-04565,84.08033002980736,28.9408315,0.059826777888935
RGI2000-v7.0-G-15-04566,84.07775384037558,28.93738,0.574851902209065
RGI2000-v7.0-G-15-04567,84.08991639909826,28.931151999999997,0.464105562648937
RGI2000-v7.0-G-15-04568,84.09658838417616,28.926099,0.671081197271243
RGI2000-v7.0-G-15-04569,84.10354119906248,28.916058,3.557914677288374
RGI2000-v7.0-G-15-04570,84.11545480754744,28.9360125,0.035964954051854
RGI2000-v7.0-G-15-04571,84.12692934767531,28.9451735,0.972942864696708
RGI2000-v7.0-G-15-04572,84.11854927848398,28.954569,0.261551843593264
RGI2000-v7.0-G-15-04573,84.11505997721838,28.961592500000002,0.571233629327313
RGI2000-v7.0-G-15-04574,84.14881437384793,28.9319975,1.880253304429505
RGI2000-v7.0-G-15-04575,84.15790001021915,28.9229315,0.394672497253817
RGI2000-v7.0-G-15-04576,84.14899857397369,28.9198655,0.146152340664474
RGI2000-v7.0-G-15-04577,84.14995391129032,28.9138125,0.310048255585068
RGI2000-v7.0-G-15-04578,84.13371151971523,28.907216,28.934229512780778
RGI2000-v7.0-G-15-04579,84.11042097201262,28.8931635,7.241271408463985
RGI2000-v7.0-G-15-04580,84.09609122244422,28.893541,0.062310275748418
RGI2000-v7.0-G-15-04581,84.09667700463883,28.882592000000002,0.19766488041839
RGI2000-v7.0-G-15-04582,84.09739101010638,28.876467499999997,0.559988752036223
RGI2000-v7.0-G-15-04583,84.09121687972973,28.8719205,0.051638757821315
RGI2000-v7.0-G-15-04584,84.08699391071087,28.875005,2.254393603726487
RGI2000-v7.0-G-15-04585,84.0765714885072,28.865505,0.047433337023096
RGI2000-v7.0-G-15-04586,84.07054012222221,28.865130999999998,0.176812035298743
RGI2000-v7.0-G-15-04587,84.07071878993227,28.869847999999998,0.17350799234877
RGI2000-v7.0-G-15-04588,84.06714715336288,28.86996,0.154164816342281
RGI2000-v7.0-G-15-04589,84.07474454467055,28.859586,0.314734282575555
RGI2000-v7.0-G-15-04590,84.08234270850203,28.8557645,2.775729465531866
RGI2000-v7.0-G-15-04591,84.08511311003363,28.849463,0.059268983120252
RGI2000-v7.0-G-15-04592,84.09084350761124,28.8572045,0.431058581983817
RGI2000-v7.0-G-15-04593,84.07293957337684,28.8440855,0.060913251172695
RGI2000-v7.0-G-15-04594,84.04832614644351,28.8248325,0.229332104869157
RGI2000-v7.0-G-15-04595,84.0291854375,28.8156685,2.609340390265872
RGI2000-v7.0-G-15-04596,84.02945302734723,28.806236499999997,0.437071709670916
RGI2000-v7.0-G-15-04597,84.02554679214037,28.801877,0.051374951193768
RGI2000-v7.0-G-15-04598,84.0387652402968,28.7962805,1.421266550787261
RGI2000-v7.0-G-15-04599,84.04762928564307,28.787604,1.865063581199478
RGI2000-v7.0-G-15-04600,84.0376623114962,28.7773095,0.338863491472639
RGI2000-v7.0-G-15-04601,84.01748687541047,28.7840395,4.056792304256962
RGI2000-v7.0-G-15-04602,84.00614394988344,28.7919485,1.000229132390938
RGI2000-v7.0-G-15-04603,83.98844530894259,28.800232,1.476335276594764
RGI2000-v7.0-G-15-04604,83.9907528900795,28.80697,1.541992957159829
RGI2000-v7.0-G-15-04605,83.98351549700351,28.8094495,0.16819459983898
RGI2000-v7.0-G-15-04606,83.98505090643182,28.815021,0.138244027330461
RGI2000-v7.0-G-15-04607,83.98954969927073,28.818773,0.413088151542462
RGI2000-v7.0-G-15-04608,84.00432596691829,28.813453000000003,3.100717909964347
RGI2000-v7.0-G-15-04609,84.01073619491525,28.8189695,0.536879576133001
RGI2000-v7.0-G-15-04610,84.013360210148,28.8212,0.085569590034557
RGI2000-v7.0-G-15-04611,84.01544197625236,28.8215175,0.417377307758054
RGI2000-v7.0-G-15-04612,84.02074730262798,28.8256425,0.179767025880428
RGI2000-v7.0-G-15-04613,84.02316740058576,28.827852,0.155438669756127
RGI2000-v7.0-G-15-04614,84.02601913695652,28.828271,0.089752844804488
RGI2000-v7.0-G-15-04615,83.98830974099886,28.834985,0.29257107916132
RGI2000-v7.0-G-15-04616,83.9809106995767,28.834424,1.065240308773434
RGI2000-v7.0-G-15-04617,83.97114877551022,28.8356865,0.932921697940396
RGI2000-v7.0-G-15-04618,83.96220007974838,28.8377935,0.293991405120922
RGI2000-v7.0-G-15-04619,83.95967487914785,28.832845,0.049467072725003
RGI2000-v7.0-G-15-04620,83.95648671802935,28.830946500000003,0.055278437975281
RGI2000-v7.0-G-15-04621,83.95185941743401,28.834792999999998,0.045951064530142
RGI2000-v7.0-G-15-04622,83.94578450276242,28.834819000000003,0.546832102749381
RGI2000-v7.0-G-15-04623,83.94891116339969,28.839561500000002,0.497769653350536
RGI2000-v7.0-G-15-04624,83.95571021030257,28.839203,0.290942181208003
RGI2000-v7.0-G-15-04625,83.96130203461,28.8268345,0.131693905891135
RGI2000-v7.0-G-15-04626,83.9711260782967,28.822914500000003,0.659757592192355
RGI2000-v7.0-G-15-04627,83.97216489605616,28.816809499999998,1.0918576991544
RGI2000-v7.0-G-15-04628,83.95309621973189,28.8048145,0.042971457576605
RGI2000-v7.0-G-15-04629,83.94254564623259,28.8063775,0.390271029374935
RGI2000-v7.0-G-15-04630,83.94277136182845,28.814299,1.9326684852631
RGI2000-v7.0-G-15-04631,83.93563589073324,28.812339,0.151933997564136
RGI2000-v7.0-G-15-04632,83.93929701384891,28.823897,0.111946364533292
RGI2000-v7.0-G-15-04633,83.94555570426924,28.8251565,0.739741354985039
RGI2000-v7.0-G-15-04634,83.94799281587673,28.822114499999998,0.276399981838177
RGI2000-v7.0-G-15-04635,83.93254637762237,28.786345,0.542346480469788
RGI2000-v7.0-G-15-04636,83.93712499892169,28.784512499999998,0.12017461024637
RGI2000-v7.0-G-15-04637,83.93466582371252,28.780771,0.204201913180041
RGI2000-v7.0-G-15-04638,83.940914940382,28.7803385,0.22774347045652
RGI2000-v7.0-G-15-04639,83.94002921305906,28.7733715,1.687494890054317
RGI2000-v7.0-G-15-04640,83.93190518145519,28.763253,1.428255685462785
RGI2000-v7.0-G-15-04641,83.93881020015425,28.7593435,0.548233923892146
RGI2000-v7.0-G-15-04642,83.92108230161395,28.774757,0.200637982742594
RGI2000-v7.0-G-15-04643,83.91299724190182,28.7815795,0.180510674879652
RGI2000-v7.0-G-15-04644,83.91604841067539,28.785031500000002,0.577990435264403
RGI2000-v7.0-G-15-04645,83.92325163227372,28.7855705,0.78000680332981
RGI2000-v7.0-G-15-04646,83.90651484746348,28.779667,0.037693378307994
RGI2000-v7.0-G-15-04647,83.91008241283924,28.7695535,1.419128121555133
RGI2000-v7.0-G-15-04648,83.89958894182709,28.7698775,0.265699093587016
RGI2000-v7.0-G-15-04649,83.89404449916924,28.774238,0.134038186450888
RGI2000-v7.0-G-15-04650,83.89334603563248,28.761222,0.041733353960284
RGI2000-v7.0-G-15-04651,83.90440161054876,28.7547255,0.085462304632315
RGI2000-v7.0-G-15-04652,83.90991206067538,28.757339,1.576668195120652
RGI2000-v7.0-G-15-04653,83.89726298331247,28.749516,1.836084665299101
RGI2000-v7.0-G-15-04654,83.89516765217391,28.73999,0.060202807257565
RGI2000-v7.0-G-15-04655,83.90104083480519,28.737697,0.428320245833533
RGI2000-v7.0-G-15-04656,83.90165270553179,28.734104,0.053605505357128
RGI2000-v7.0-G-15-04657,83.90936170511885,28.7345915,0.235475041142862
RGI2000-v7.0-G-15-04658,83.9102522284683,28.7366155,0.084138364154952
RGI2000-v7.0-G-15-04659,83.91359491449415,28.730875,0.147356356804463
RGI2000-v7.0-G-15-04660,83.8869929505036,28.739837,0.417147662388359
RGI2000-v7.0-G-15-04661,83.88765771837673,28.7439065,0.309103350914394
RGI2000-v7.0-G-15-04662,83.8779308074621,28.739663,0.143882021882089
RGI2000-v7.0-G-15-04663,83.87667237553926,28.7372365,0.055024096609043
RGI2000-v7.0-G-15-04664,83.86249540351531,28.726204,0.200424300828486
RGI2000-v7.0-G-15-04665,83.87283218228572,28.715409,1.481974705349285
RGI2000-v7.0-G-15-04666,83.87606263679245,28.704373500000003,0.115562555006257
RGI2000-v7.0-G-15-04667,83.86580575137671,28.659667,2.962228528996933
RGI2000-v7.0-G-15-04668,83.8689093167844,28.644692499999998,4.3164304597019
RGI2000-v7.0-G-15-04669,83.86766123572218,28.629446,0.355087674903736
RGI2000-v7.0-G-15-04670,83.85375307692712,28.6224335,19.192406290831684
RGI2000-v7.0-G-15-04671,83.8389573297483,28.648985,2.285092880634227
RGI2000-v7.0-G-15-04672,83.83197015958955,28.654291999999998,0.285298972147378
RGI2000-v7.0-G-15-04673,83.82534021664614,28.6570175,0.122594703823161
RGI2000-v7.0-G-15-04674,83.81575922540983,28.655271,0.09730379440385
RGI2000-v7.0-G-15-04675,83.80908546391754,28.66179,0.170303542547637
RGI2000-v7.0-G-15-04676,83.80416933526234,28.660262000000003,0.130600086493704
RGI2000-v7.0-G-15-04677,83.79641122118184,28.662622499999998,0.06566290944705
RGI2000-v7.0-G-15-04678,83.78903177954383,28.666175000000003,0.271237666500518
RGI2000-v7.0-G-15-04679,83.78615567138199,28.6815635,3.225578628197926
RGI2000-v7.0-G-15-04680,83.78700226530502,28.6972455,0.267618142063291
RGI2000-v7.0-G-15-04681,83.7920031578937,28.6992615,0.146351011140437
RGI2000-v7.0-G-15-04682,83.79576982015011,28.7002965,0.034058725335199
RGI2000-v7.0-G-15-04683,83.80739882613447,28.702029000000003,2.946160801035397
RGI2000-v7.0-G-15-04684,83.80960969614316,28.690866,1.147235635271167
RGI2000-v7.0-G-15-04685,83.82078957934783,28.6922615,2.884355396779029
RGI2000-v7.0-G-15-04686,83.82548536431499,28.6768355,6.077953631753649
RGI2000-v7.0-G-15-04687,83.8356190877696,28.6646085,2.34663003644316
RGI2000-v7.0-G-15-04688,83.80785131493506,28.6748775,2.136152270179694
RGI2000-v7.0-G-15-04689,83.76709248036951,28.677298999999998,0.070138435844498
RGI2000-v7.0-G-15-04690,83.75452176737969,28.6661145,11.254578521680694
RGI2000-v7.0-G-15-04691,83.74077777524347,28.647256499999997,0.045182245655901
RGI2000-v7.0-G-15-04692,83.73961269596808,28.639635499999997,0.245111307785194
RGI2000-v7.0-G-15-04693,83.74648768419382,28.6390025,0.107560975574842
RGI2000-v7.0-G-15-04694,83.73252369010102,28.63654,0.035865848802339
RGI2000-v7.0-G-15-04695,83.72462407841141,28.642121,0.107722729350376
RGI2000-v7.0-G-15-04696,83.7205442300237,28.641759999999998,0.241764917056784
RGI2000-v7.0-G-15-04697,83.73184269251558,28.64935,0.048310518359573
RGI2000-v7.0-G-15-04698,83.72579202454224,28.658679499999998,0.310204644556074
RGI2000-v7.0-G-15-04699,83.71662315321893,28.6762345,1.317481487268689
RGI2000-v7.0-G-15-04700,83.719521782,28.686605,0.11385245461559
RGI2000-v7.0-G-15-04701,83.71007025540769,28.6906955,0.13509088107081
RGI2000-v7.0-G-15-04702,83.72826633293978,28.694407499999997,0.418021109041211
RGI2000-v7.0-G-15-04703,83.73720623432288,28.691029,0.130106830534575
RGI2000-v7.0-G-15-04704,83.73342654900338,28.6809655,1.727768299546695
RGI2000-v7.0-G-15-04705,83.74749866850588,28.6971835,1.396922418368444
RGI2000-v7.0-G-15-04706,83.75681487642768,28.6922725,1.672334266656757
RGI2000-v7.0-G-15-04707,83.76544152766895,28.694635499999997,0.114736133005558
RGI2000-v7.0-G-15-04708,83.769571704952,28.6930755,0.037704362702101
RGI2000-v7.0-G-15-04709,83.77561740142518,28.707933,1.234560847059407
RGI2000-v7.0-G-15-04710,83.75800969905563,28.7127495,0.436637473120524
RGI2000-v7.0-G-15-04711,83.72508810039369,28.708911999999998,0.045532546095158
RGI2000-v7.0-G-15-04712,83.79184476411291,28.6123735,0.481803850238151
RGI2000-v7.0-G-15-04713,83.80778304259307,28.6136725,3.395466664553002
RGI2000-v7.0-G-15-04714,83.80713757527027,28.5950215,0.29434045726973
RGI2000-v7.0-G-15-04715,83.81004687755103,28.592136,0.08905624822541
RGI2000-v7.0-G-15-04716,83.79645293874128,28.5730645,0.136079386070841
RGI2000-v7.0-G-15-04717,83.79012141927083,28.5722875,0.825119178307654
RGI2000-v7.0-G-15-04718,83.7711821357162,28.5815345,0.115155470412783
RGI2000-v7.0-G-15-04719,83.76085980093444,28.580370000000002,0.187090894987282
RGI2000-v7.0-G-15-04720,83.75316114513464,28.584553,0.3031764142104
RGI2000-v7.0-G-15-04721,83.7768716147541,28.5925,5.551312775074986
RGI2000-v7.0-G-15-04722,83.794919,28.55196,0.419272044675725
RGI2000-v7.0-G-15-04723,83.80619838942116,28.543384,8.9183615836322
RGI2000-v7.0-G-15-04724,83.79344528462767,28.528098999999997,1.447694999109051
RGI2000-v7.0-G-15-04725,83.78479149710522,28.523913999999998,0.087877258006364
RGI2000-v7.0-G-15-04726,83.78229405952382,28.523857,0.039346586920696
RGI2000-v7.0-G-15-04727,83.79114936879446,28.518569499999998,0.036482193690458
RGI2000-v7.0-G-15-04728,83.79081334413713,28.5106595,0.19736000045659
RGI2000-v7.0-G-15-04729,83.78498473506647,28.510571,0.369600553826295
RGI2000-v7.0-G-15-04730,83.78248989697266,28.5007735,0.535847867768981
RGI2000-v7.0-G-15-04731,83.78543661788214,28.495692,0.13789922117864
RGI2000-v7.0-G-15-04732,83.79175945638998,28.4968985,0.076927783835175
RGI2000-v7.0-G-15-04733,83.7764825,28.4928245,0.605034909696063
RGI2000-v7.0-G-15-04734,83.77171049645781,28.4955165,0.025073894319804
RGI2000-v7.0-G-15-04735,83.77289538555556,28.497084,0.044075055273758
RGI2000-v7.0-G-15-04736,83.80898461076576,28.5161625,11.99378090996158
RGI2000-v7.0-G-15-04737,83.81773366540864,28.5023495,0.083118083901061
RGI2000-v7.0-G-15-04738,83.83355983830769,28.493036,0.768217122490296
RGI2000-v7.0-G-15-04739,83.84267379913419,28.507863999999998,0.082169846793815
RGI2000-v7.0-G-15-04740,83.84848793491341,28.5061155,0.276587908864893
RGI2000-v7.0-G-15-04741,83.86131240149626,28.499894,1.254458113988066
RGI2000-v7.0-G-15-04742,83.87419900504665,28.506749499999998,1.247570780986385
RGI2000-v7.0-G-15-04743,83.87430685759081,28.510578000000002,0.052018629433538
RGI2000-v7.0-G-15-04744,83.87237514947782,28.5179265,0.224534261400858
RGI2000-v7.0-G-15-04745,83.8676874837441,28.519650499999997,0.083796709915185
RGI2000-v7.0-G-15-04746,83.88213005760056,28.515467,0.050383208677067
RGI2000-v7.0-G-15-04747,83.88689978341614,28.512621,0.017102999615664
RGI2000-v7.0-G-15-04748,83.93140564265141,28.501358,1.062647612348102
RGI2000-v7.0-G-15-04749,83.93381314716396,28.493115500000002,0.032900201385237
RGI2000-v7.0-G-15-04750,83.93531160826365,28.489469,0.037991529429771
RGI2000-v7.0-G-15-04751,83.9298524281844,28.487302999999997,0.574172274476162
RGI2000-v7.0-G-15-04752,83.92513154956349,28.479805499999998,0.696739281621478
RGI2000-v7.0-G-15-04753,83.92776451739357,28.4713835,0.017077628946529
RGI2000-v7.0-G-15-04754,83.92417324408177,28.470857000000002,0.125395639048676
RGI2000-v7.0-G-15-04755,83.91593209719366,28.471004,0.071697636655059
RGI2000-v7.0-G-15-04756,83.93211813772454,28.468780000000002,0.045336871579766
RGI2000-v7.0-G-15-04757,83.9345521572327,28.471384999999998,0.087518745606762
RGI2000-v7.0-G-15-04758,83.94197991483516,28.4807865,0.090711713912514
RGI2000-v7.0-G-15-04759,83.9498465704871,28.480457,1.058290513386776
RGI2000-v7.0-G-15-04760,83.95212323515327,28.4920165,0.122322569715682
RGI2000-v7.0-G-15-04761,83.9485155,28.495729,0.19789345242661
RGI2000-v7.0-G-15-04762,83.94130883158374,28.492769000000003,0.214709061934762
RGI2000-v7.0-G-15-04763,83.95166391763341,28.5068265,1.38503438172311
RGI2000-v7.0-G-15-04764,83.95237014768341,28.5191065,2.462762853659042
RGI2000-v7.0-G-15-04765,83.94827541647963,28.534246,1.486179271967876
RGI2000-v7.0-G-15-04766,83.94873455176162,28.5400975,0.093504205725347
RGI2000-v7.0-G-15-04767,83.95652428314918,28.541783000000002,0.595309206038288
RGI2000-v7.0-G-15-04768,83.9602843777063,28.547835,1.429082476092092
RGI2000-v7.0-G-15-04769,83.96927726952781,28.5583315,1.991949917583993
RGI2000-v7.0-G-15-04770,83.98516996050914,28.55922,0.05387904041591
RGI2000-v7.0-G-15-04771,83.98525969935709,28.562147500000002,0.036703357442946
RGI2000-v7.0-G-15-04772,83.99174608946171,28.5679205,0.07775083156864
RGI2000-v7.0-G-15-04773,83.98254646845794,28.577643000000002,4.990664553499045
RGI2000-v7.0-G-15-04774,83.96396063750306,28.5871435,5.422028881804468
RGI2000-v7.0-G-15-04775,83.93237144660412,28.5843715,3.805097507680109
RGI2000-v7.0-G-15-04776,83.91034144021192,28.582230000000003,12.512558017013104
RGI2000-v7.0-G-15-04777,83.89114486034802,28.5728065,1.793748823806929
RGI2000-v7.0-G-15-04778,83.88564392670953,28.571241,0.045191549724554
RGI2000-v7.0-G-15-04779,83.87544779048451,28.570889,0.365886638382099
RGI2000-v7.0-G-15-04780,83.87874191642442,28.5638175,0.690291862662284
RGI2000-v7.0-G-15-04781,83.88401997422409,28.5611745,0.812131372421343
RGI2000-v7.0-G-15-04782,83.88994105916427,28.5614385,0.09172877022542
RGI2000-v7.0-G-15-04783,83.89537996866508,28.563214,0.048486198538979
RGI2000-v7.0-G-15-04784,83.84257019320876,28.5733465,29.91545967425985
RGI2000-v7.0-G-15-04785,83.89454114285715,28.640304999999998,13.187698918362306
RGI2000-v7.0-G-15-04786,83.910507382593,28.637704,2.937714417421398
RGI2000-v7.0-G-15-04787,83.92027193843526,28.6475315,0.700654890983487
RGI2000-v7.0-G-15-04788,83.93058680921129,28.651180500000002,0.982204544856385
RGI2000-v7.0-G-15-04789,83.93262378712238,28.6436245,0.090977134331615
RGI2000-v7.0-G-15-04790,83.92954119382034,28.641509,0.163152672264148
RGI2000-v7.0-G-15-04791,83.928858492205,28.638635,0.173895559073446
RGI2000-v7.0-G-15-04792,83.94341238527608,28.625045,13.660892416609032
RGI2000-v7.0-G-15-04793,83.96720196400129,28.631571,2.253488573287068
RGI2000-v7.0-G-15-04794,83.98851738027206,28.6182545,18.086969972368966
RGI2000-v7.0-G-15-04795,84.00368649585876,28.6319725,0.132071849430654
RGI2000-v7.0-G-15-04796,84.01345276678043,28.624745,1.547383775883159
RGI2000-v7.0-G-15-04797,84.01893648182363,28.612011000000003,0.172732486025481
RGI2000-v7.0-G-15-04798,84.0228595658163,28.605819500000003,0.585258903229556
RGI2000-v7.0-G-15-04799,84.03823925588866,28.596297,0.199959023021578
RGI2000-v7.0-G-15-04800,84.03809184440479,28.584118,0.447170679597918
RGI2000-v7.0-G-15-04801,84.02619361290323,28.587372,1.750561287949991
RGI2000-v7.0-G-15-04802,84.05047834304884,28.5823985,0.344144564680679
RGI2000-v7.0-G-15-04803,84.08378377656209,28.5633055,10.915628788501081
RGI2000-v7.0-G-15-04804,84.10372341531892,28.557901,10.584899275315
RGI2000-v7.0-G-15-04805,84.12476834979734,28.560747999999997,0.10839642749
RGI2000-v7.0-G-15-04806,84.13124599803535,28.561566499999998,0.088620439803494
RGI2000-v7.0-G-15-04807,84.14081164743817,28.565737,3.142549675267189
RGI2000-v7.0-G-15-04808,84.17250291885514,28.5299765,8.021233534449369
RGI2000-v7.0-G-15-04809,84.16293555601098,28.502380000000002,46.92150399876442
RGI2000-v7.0-G-15-04810,84.19136303027645,28.497265,2.266189091290623
RGI2000-v7.0-G-15-04811,84.19325278356523,28.4860605,1.041347943787917
RGI2000-v7.0-G-15-04812,84.20212649394188,28.4798585,0.078944543244537
RGI2000-v7.0-G-15-04813,84.19898000874944,28.472362500000003,1.204622738436294
RGI2000-v7.0-G-15-04814,84.18555374348958,28.4706815,2.076325216985832
RGI2000-v7.0-G-15-04815,84.17686964639354,28.4653,0.365803999641254
RGI2000-v7.0-G-15-04816,84.17044604478642,28.468476000000003,0.581204035404558
RGI2000-v7.0-G-15-04817,84.16510317517681,28.4746065,0.239199047810277
RGI2000-v7.0-G-15-04818,84.14590623026162,28.477801499999998,2.853386758747663
RGI2000-v7.0-G-15-04819,84.13826197642358,28.468541000000002,0.013598272067229
RGI2000-v7.0-G-15-04820,84.12154914274441,28.4741295,0.15523193399502
RGI2000-v7.0-G-15-04821,84.11751180684325,28.456936,0.602239645772055
RGI2000-v7.0-G-15-04822,84.08486634268164,28.471238,0.089136419376491
RGI2000-v7.0-G-15-04823,84.0720373925367,28.4819985,0.055054905522965
RGI2000-v7.0-G-15-04824,84.06304345991984,28.480325,0.16779263775243
RGI2000-v7.0-G-15-04825,84.062198,28.485391,0.117338160392127
RGI2000-v7.0-G-15-04826,84.06895563618046,28.5046125,3.853563683934222
RGI2000-v7.0-G-15-04827,84.08187377118047,28.5014585,0.222825247006088
RGI2000-v7.0-G-15-04828,84.0717404222019,28.540436,0.125166085116642
RGI2000-v7.0-G-15-04829,84.0673358375347,28.5401065,0.067766766983951
RGI2000-v7.0-G-15-04830,84.04573089201895,28.5429715,13.191420962869323
RGI2000-v7.0-G-15-04831,84.01334538589126,28.5624805,9.024783646503774
RGI2000-v7.0-G-15-04832,83.99060836205112,28.55483,0.10552751772425
RGI2000-v7.0-G-15-04833,83.98242241890685,28.546375,0.405407862451104
RGI2000-v7.0-G-15-04834,83.98013512861272,28.5402015,0.188659815854633
RGI2000-v7.0-G-15-04835,83.97515533082249,28.539552999999998,0.202296932222373
RGI2000-v7.0-G-15-04836,83.97009230269575,28.5322625,0.28895105382926
RGI2000-v7.0-G-15-04837,83.973151078281,28.523353999999998,0.455683475467991
RGI2000-v7.0-G-15-04838,83.97113271155204,28.515121999999998,0.096934763790944
RGI2000-v7.0-G-15-04839,83.99102170772886,28.526361,0.809492134149761
RGI2000-v7.0-G-15-04840,83.96473061845771,28.491274500000003,2.204245353538851
RGI2000-v7.0-G-15-04841,84.03390297122502,28.6250985,1.051086894185604
RGI2000-v7.0-G-15-04842,84.03842987801335,28.7087385,0.083368544148665
RGI2000-v7.0-G-15-04843,84.030312201966,28.718164,0.295267258218592
RGI2000-v7.0-G-15-04844,84.03824276697532,28.7220565,1.220583425266515
RGI2000-v7.0-G-15-04845,84.04861502250108,28.7215175,0.244470708548073
RGI2000-v7.0-G-15-04846,84.05625631913423,28.720184,0.141950693051096
RGI2000-v7.0-G-15-04847,84.07244892410141,28.730807,2.033302149069281
RGI2000-v7.0-G-15-04848,84.08956513634897,28.730788,0.338550879282008
RGI2000-v7.0-G-15-04849,84.09541028597235,28.725164,0.1090077608578
RGI2000-v7.0-G-15-04850,84.09901506134969,28.721354499999997,0.384423527747173
RGI2000-v7.0-G-15-04851,84.10764466257669,28.719816,1.088948607204606
RGI2000-v7.0-G-15-04852,84.1099911196898,28.7282255,0.460357756452909
RGI2000-v7.0-G-15-04853,84.09933628105978,28.730503499999998,0.669430454682508
RGI2000-v7.0-G-15-04854,84.12096084967321,28.7240545,0.33518972477183
RGI2000-v7.0-G-15-04855,84.11745804767975,28.712431000000002,1.488279539877409
RGI2000-v7.0-G-15-04856,84.12089307680847,28.706959,1.332856045492706
RGI2000-v7.0-G-15-04857,84.1333075,28.7064975,0.189483357077468
RGI2000-v7.0-G-15-04858,84.14516851018507,28.712065,0.534479452518338
RGI2000-v7.0-G-15-04859,84.14900177789474,28.718227499999998,0.585356423875692
RGI2000-v7.0-G-15-04860,84.15435616090525,28.7102985,0.31235976696662
RGI2000-v7.0-G-15-04861,84.16245522673387,28.709486,0.591208932045365
RGI2000-v7.0-G-15-04862,84.13509435623513,28.721376499999998,1.365243327440541
RGI2000-v7.0-G-15-04863,84.12999463592709,28.766444,0.026194111411077
RGI2000-v7.0-G-15-04864,84.12539852776895,28.772464499999998,0.108738565980063
RGI2000-v7.0-G-15-04865,84.10956824748588,28.773505999999998,0.223941805650497
RGI2000-v7.0-G-15-04866,84.10878055248196,28.769323,0.077616305066928
RGI2000-v7.0-G-15-04867,84.10449364967229,28.7712905,0.14583144284756
RGI2000-v7.0-G-15-04868,84.09735371198676,28.770187999999997,0.090067027505759
RGI2000-v7.0-G-15-04869,84.08831305425187,28.7737695,0.22584718066707
RGI2000-v7.0-G-15-04870,84.08690765384615,28.7699925,0.054252585069086
RGI2000-v7.0-G-15-04871,84.08228439389302,28.771839,0.047184819294679
RGI2000-v7.0-G-15-04872,84.08401358612286,28.778823000000003,0.450044462112961
RGI2000-v7.0-G-15-04873,84.073721,28.779601,0.381835163710669
RGI2000-v7.0-G-15-04874,84.06330506085527,28.7846655,0.935763206311048
RGI2000-v7.0-G-15-04875,84.03429116926847,28.755903,9.302383501057193
RGI2000-v7.0-G-15-04876,84.01621984420788,28.7610775,2.649308539556841
RGI2000-v7.0-G-15-04877,84.01097769262356,28.747151000000002,1.591299289430342
RGI2000-v7.0-G-15-04878,84.00761518629409,28.736539999999998,0.083102273491611
RGI2000-v7.0-G-15-04879,84.03646670494699,28.7321595,0.048996521440582
RGI2000-v7.0-G-15-04880,84.05432827631579,28.739443,4.008000386411923
RGI2000-v7.0-G-15-04881,84.13225974089332,28.819496,0.172167782043914
RGI2000-v7.0-G-15-04882,84.13586872960848,28.819076000000003,0.221471027209745
RGI2000-v7.0-G-15-04883,84.13286826970955,28.8236705,0.246112461126272
RGI2000-v7.0-G-15-04884,84.13317712737759,28.826765,0.470670415283948
RGI2000-v7.0-G-15-04885,84.13523363072918,28.832344499999998,0.293035467776217
RGI2000-v7.0-G-15-04886,84.12893015636497,28.833168,0.185495001185512
RGI2000-v7.0-G-15-04887,84.14118845782896,28.840491,0.061897842579688
RGI2000-v7.0-G-15-04888,84.1448745,28.837441,0.056979811055292
RGI2000-v7.0-G-15-04889,84.15185731967787,28.839014,0.59979674128836
RGI2000-v7.0-G-15-04890,84.15000871621388,28.832539,0.171852847865968
RGI2000-v7.0-G-15-04891,84.16477369899943,28.830838999999997,0.722536989911185
RGI2000-v7.0-G-15-04892,84.16461442451819,28.825246,0.135955589220461
RGI2000-v7.0-G-15-04893,84.1739884780311,28.828097,0.408143627102506
RGI2000-v7.0-G-15-04894,84.17673649778762,28.8340935,0.195217335789807
RGI2000-v7.0-G-15-04895,84.1684410720669,28.837498500000002,4.240002066954092
RGI2000-v7.0-G-15-04896,84.16747507915038,28.8525115,0.137871146056664
RGI2000-v7.0-G-15-04897,84.16271738769355,28.855346,0.027827327490869
RGI2000-v7.0-G-15-04898,84.16179829578466,28.858746,4.280955893691607
RGI2000-v7.0-G-15-04899,84.17356775838574,28.8586145,0.484309912117725
RGI2000-v7.0-G-15-04900,84.18288634402843,28.8527495,0.205000365081372
RGI2000-v7.0-G-15-04901,84.20693645828419,28.8481895,0.791418689293724
RGI2000-v7.0-G-15-04902,84.21652445728114,28.846320499999997,0.139676939924022
RGI2000-v7.0-G-15-04903,84.21725287729359,28.851167,0.550218213541647
RGI2000-v7.0-G-15-04904,84.21803575189536,28.836509,0.191648812819188
RGI2000-v7.0-G-15-04905,84.22697526009884,28.827167,0.246802976638932
RGI2000-v7.0-G-15-04906,84.23029528073414,28.8272385,0.175776498622522
RGI2000-v7.0-G-15-04907,84.23468107432433,28.825021,0.852364846330273
RGI2000-v7.0-G-15-04908,84.24690965566037,28.825223,1.399742613117553
RGI2000-v7.0-G-15-04909,84.24265535696648,28.8137275,0.080785804715819
RGI2000-v7.0-G-15-04910,84.23922317328842,28.813471999999997,0.403715363140801
RGI2000-v7.0-G-15-04911,84.23253957434365,28.810947499999997,0.367917618971601
RGI2000-v7.0-G-15-04912,84.23950005897797,28.801124,1.124670001794456
RGI2000-v7.0-G-15-04913,84.24097955711983,28.793409,0.335707055650158
RGI2000-v7.0-G-15-04914,84.2438847254414,28.788957,0.097112087673315
RGI2000-v7.0-G-15-04915,84.23108904422492,28.796699500000003,0.164559148416568
RGI2000-v7.0-G-15-04916,84.2225718411633,28.8197185,1.419666529266533
RGI2000-v7.0-G-15-04917,84.2006948194913,28.8054985,0.188275779424335
RGI2000-v7.0-G-15-04918,84.20220173111997,28.797956,0.204161332789667
RGI2000-v7.0-G-15-04919,84.19132049999999,28.8047295,0.035428136496088
RGI2000-v7.0-G-15-04920,84.1858966140422,28.808293499999998,0.308895667988627
RGI2000-v7.0-G-15-04921,84.18288531905512,28.8031145,0.608883688388574
RGI2000-v7.0-G-15-04922,84.19176299770643,28.81223,0.051415844668898
RGI2000-v7.0-G-15-04923,84.18512941443615,28.816035499999998,0.136517534462949
RGI2000-v7.0-G-15-04924,84.17634966185014,28.820224,0.432088657491272
RGI2000-v7.0-G-15-04925,84.195070067757,28.819724,1.22581660734365
RGI2000-v7.0-G-15-04926,84.1428824374508,28.816277499999998,0.045965838775756
RGI2000-v7.0-G-15-04927,84.12142638681516,28.854746,0.150003125736546
RGI2000-v7.0-G-15-04928,84.12828017377552,28.8683095,3.06100153599064
RGI2000-v7.0-G-15-04929,84.11646827732794,28.8799155,0.100501032286386
RGI2000-v7.0-G-15-04930,84.11071014132712,28.878284999999998,0.549665856868471
RGI2000-v7.0-G-15-04931,84.07690573366477,28.8853875,0.117140318998402
RGI2000-v7.0-G-15-04932,84.06652402644231,28.893570500000003,0.761349584482956
RGI2000-v7.0-G-15-04933,84.06034665316206,28.89461,0.347275060984396
RGI2000-v7.0-G-15-04934,84.05716583707266,28.894996499999998,0.113622607523108
RGI2000-v7.0-G-15-04935,84.05792657394873,28.8910075,0.065233455444795
RGI2000-v7.0-G-15-04936,84.14937064106286,28.8647,3.066661911247063
RGI2000-v7.0-G-15-04937,84.1760397747231,28.8744575,12.268274411063786
RGI2000-v7.0-G-15-04938,84.19080406468177,28.8930945,1.166459646102233
RGI2000-v7.0-G-15-04939,84.18237533064516,28.909235000000002,0.38115820081858
RGI2000-v7.0-G-15-04940,84.1777429871234,28.9337525,0.71583898302657
RGI2000-v7.0-G-15-04941,84.16516002053247,28.932392,2.439369259485763
RGI2000-v7.0-G-15-04942,84.15951054367608,28.9403785,0.209238262343425
RGI2000-v7.0-G-15-04943,84.22011985609244,28.916987,0.422269806739426
RGI2000-v7.0-G-15-04944,84.21996767633229,28.8918,1.350620535819798
RGI2000-v7.0-G-15-04945,84.23627501720183,28.8891085,0.350259071079205
RGI2000-v7.0-G-15-04946,84.26782228397758,28.8849215,2.800130152357292
RGI2000-v7.0-G-15-04947,84.29471001082474,28.852975,0.093647793981622
RGI2000-v7.0-G-15-04948,84.29876404365604,28.8471845,0.284334495140037
RGI2000-v7.0-G-15-04949,84.30534045980421,28.840904,0.291309397938466
RGI2000-v7.0-G-15-04950,84.32392113803323,28.843359999999997,0.373918986779257
RGI2000-v7.0-G-15-04951,84.33378723174803,28.840153,0.046531072431369
RGI2000-v7.0-G-15-04952,84.34188769021388,28.8328025,2.465615044735038
RGI2000-v7.0-G-15-04953,84.35048956311797,28.841479,0.078666655803437
RGI2000-v7.0-G-15-04954,84.34924942251754,28.8523705,1.321128282630446
RGI2000-v7.0-G-15-04955,84.3643060602862,28.837407,2.09912550482247
RGI2000-v7.0-G-15-04956,84.37511315419648,28.8383555,0.159128702933862
RGI2000-v7.0-G-15-04957,84.38423973705412,28.8403105,7.764271680312106
RGI2000-v7.0-G-15-04958,84.40398532180319,28.827568,0.452434171128232
RGI2000-v7.0-G-15-04959,84.3976855564516,28.820658,0.098518370742108
RGI2000-v7.0-G-15-04960,84.4150403442705,28.828118500000002,0.220978391456769
RGI2000-v7.0-G-15-04961,84.41898620595794,28.827512,0.577298597989254
RGI2000-v7.0-G-15-04962,84.42143154408686,28.81812,1.990790607631022
RGI2000-v7.0-G-15-04963,84.42190146827957,28.807838,0.876278839891233
RGI2000-v7.0-G-15-04964,84.4276226269171,28.808318,0.253318140683935
RGI2000-v7.0-G-15-04965,84.42846346153846,28.803987,1.191484405704818
RGI2000-v7.0-G-15-04966,84.42198607763157,28.790840000000003,13.749540311282178
RGI2000-v7.0-G-15-04972,84.3727465,28.797624499999998,0.278568983116683
RGI2000-v7.0-G-15-04973,84.36821031418401,28.796016,0.123599694186733
RGI2000-v7.0-G-15-04974,84.3634020246808,28.793531,0.184493696401089
RGI2000-v7.0-G-15-04975,84.37335580023347,28.7857345,1.643819485715388
RGI2000-v7.0-G-15-04976,84.37746899290231,28.779753499999998,0.822535469758192
RGI2000-v7.0-G-15-04977,84.38320643165493,28.777541,0.529849493390472
RGI2000-v7.0-G-15-04978,84.38905084225942,28.769036999999997,7.24255909138073
RGI2000-v7.0-G-15-04979,84.38615531849481,28.7638605,0.258659694184348
RGI2000-v7.0-G-15-04980,84.36699490954729,28.759639999999997,17.153591307206135
RGI2000-v7.0-G-15-04981,84.34123499918232,28.747653,2.379927414439118
RGI2000-v7.0-G-15-04982,84.33535321597029,28.7531745,0.525526911141311
RGI2000-v7.0-G-15-04983,84.33013977158438,28.7556515,0.471256580572957
RGI2000-v7.0-G-15-04984,84.32372736808156,28.7569795,0.193279914130647
RGI2000-v7.0-G-15-04985,84.32878688864946,28.748645500000002,0.311937714911752
RGI2000-v7.0-G-15-04986,84.3274799070808,28.746389,0.279795115984133
RGI2000-v7.0-G-15-04987,84.33222593029838,28.7439725,0.12962281710005
RGI2000-v7.0-G-15-04988,84.3317631803159,28.7344845,1.840619669819336
RGI2000-v7.0-G-15-04989,84.32000882240663,28.731944499999997,0.57167480436055
RGI2000-v7.0-G-15-04990,84.31571692003632,28.728446499999997,0.691364489212346
RGI2000-v7.0-G-15-04991,84.3134960561558,28.725718,0.455515448358184
RGI2000-v7.0-G-15-04992,84.30901935551373,28.72083,0.403301013297694
RGI2000-v7.0-G-15-04993,84.30553830522564,28.698352,0.211934246855823
RGI2000-v7.0-G-15-04994,84.31218412407675,28.6894615,2.633102029124253
RGI2000-v7.0-G-15-04995,84.30696399939804,28.679426499999998,0.752656397057105
RGI2000-v7.0-G-15-04996,84.30522305271847,28.673531,8.145013726561189
RGI2000-v7.0-G-15-04997,84.29249362400517,28.685716,0.350285386892101
RGI2000-v7.0-G-15-04998,84.29285319051544,28.69094,0.034297900549058
RGI2000-v7.0-G-15-04999,84.28961212371291,28.693487,0.037055010687084
RGI2000-v7.0-G-15-05000,84.28093550788493,28.674751,0.344601668782123
RGI2000-v7.0-G-15-05001,84.28043291764591,28.666225,0.926850931527878
RGI2000-v7.0-G-15-05002,84.2834101822034,28.662637,0.634912551953802
RGI2000-v7.0-G-15-05003,84.28551440763272,28.653533000000003,2.567219105327565
RGI2000-v7.0-G-15-05004,84.29036670807771,28.6468855,0.374704629603302
RGI2000-v7.0-G-15-05005,84.30613331941646,28.6462165,2.458215289899351
RGI2000-v7.0-G-15-05006,84.31587969678569,28.644609000000003,1.929699710195298
RGI2000-v7.0-G-15-05007,84.3279217217003,28.645152000000003,0.016013485373096
RGI2000-v7.0-G-15-05008,84.3289664044273,28.640676499999998,0.145650955275158
RGI2000-v7.0-G-15-05009,84.32640075635592,28.6296125,1.889583435282448
RGI2000-v7.0-G-15-05010,84.33997516134697,28.6347445,0.25231060548916
RGI2000-v7.0-G-15-05011,84.33958106899438,28.6192835,0.384774726756239
RGI2000-v7.0-G-15-05012,84.32197623136186,28.6127705,1.343448634423441
RGI2000-v7.0-G-15-05013,84.33670681437195,28.6538465,0.105708530717368
RGI2000-v7.0-G-15-05014,84.3467488368115,28.659212,0.350661918197874
RGI2000-v7.0-G-15-05015,84.33798676353965,28.6653035,0.160637081117834
RGI2000-v7.0-G-15-05016,84.35107186569172,28.6733295,5.765350686267204
RGI2000-v7.0-G-15-05017,84.35321928607195,28.679595,0.120060325056756
RGI2000-v7.0-G-15-05018,84.35063111797149,28.694769,0.207310209154979
RGI2000-v7.0-G-15-05019,84.34584128721946,28.6960465,0.312293775162981
RGI2000-v7.0-G-15-05020,84.34361001949152,28.711593999999998,0.671331114195451
RGI2000-v7.0-G-15-05021,84.35808887481318,28.71121,8.812587977452017
RGI2000-v7.0-G-15-05022,84.38733469545579,28.693601,0.159265132304507
RGI2000-v7.0-G-15-05023,84.37772029274836,28.6815135,13.797117825965225
RGI2000-v7.0-G-15-05024,84.40381615374713,28.675417000000003,0.204725213736204
RGI2000-v7.0-G-15-05025,84.40887606019523,28.6774485,0.140872692772524
RGI2000-v7.0-G-15-05026,84.40479743215181,28.6684415,0.242002786554705
RGI2000-v7.0-G-15-05027,84.4105182470187,28.665585,1.343622680935069
RGI2000-v7.0-G-15-05028,84.41856664162214,28.667933,0.079554145234553
RGI2000-v7.0-G-15-05029,84.4227895960084,28.6632775,0.037244458507706
RGI2000-v7.0-G-15-05030,84.4226514123362,28.660024999999997,0.105977579586925
RGI2000-v7.0-G-15-05031,84.42221998790552,28.7018195,41.73585916618846
RGI2000-v7.0-G-15-05032,84.39972832667574,28.70479,0.23557751576637
RGI2000-v7.0-G-15-05033,84.46771957108014,28.710652,0.295067336558005
RGI2000-v7.0-G-15-05034,84.47755591769729,28.706789999999998,1.229719649532598
RGI2000-v7.0-G-15-05035,84.48537145774822,28.699635999999998,0.535421477504014
RGI2000-v7.0-G-15-05036,84.4892147261138,28.691888,0.056138233428074
RGI2000-v7.0-G-15-05037,84.49648187164948,28.6954585,0.172909494578731
RGI2000-v7.0-G-15-05038,84.49781591186775,28.701825999999997,0.171938523490743
RGI2000-v7.0-G-15-05039,84.50148274689386,28.7116185,16.20640454160407
RGI2000-v7.0-G-15-05040,84.51299826828645,28.728713499999998,12.53718264613639
RGI2000-v7.0-G-15-05053,84.5613511803063,28.737021,3.365805992859456
RGI2000-v7.0-G-15-05054,84.5766760522483,28.731687,0.67027406965066
RGI2000-v7.0-G-15-05056,84.6232028928467,28.734389999999998,0.09011174925692
RGI2000-v7.0-G-15-05058,84.64212553227452,28.7275615,0.096388293060969
RGI2000-v7.0-G-15-05062,84.59989190100663,28.6899555,0.064679864902112
RGI2000-v7.0-G-15-05063,84.55601450255523,28.684631500000002,0.102052560873554
RGI2000-v7.0-G-15-05064,84.55046985982142,28.6881105,0.15761481060062
RGI2000-v7.0-G-15-05065,84.53068411924686,28.687208,1.609003556940132
RGI2000-v7.0-G-15-05066,84.51918048869749,28.679066499999998,0.965576211789108
RGI2000-v7.0-G-15-05067,84.51033360868426,28.6731515,0.395460672755823
RGI2000-v7.0-G-15-05068,84.50228086889328,28.675773,3.825803529135692
RGI2000-v7.0-G-15-05069,84.50315816357238,28.653524,0.206709324966805
RGI2000-v7.0-G-15-05070,84.5032481931643,28.6488975,0.411161093964816
RGI2000-v7.0-G-15-05071,84.51090205283734,28.649758,0.115643072048994
RGI2000-v7.0-G-15-05072,84.51502624255951,28.6460035,1.195812111406743
RGI2000-v7.0-G-15-05073,84.52369942251816,28.654421,1.035307118106218
RGI2000-v7.0-G-15-05074,84.53534331792142,28.646612,5.911912194942958
RGI2000-v7.0-G-15-05075,84.54009082869949,28.6548085,0.059730650851267
RGI2000-v7.0-G-15-05076,84.53699440218946,28.672638,0.581457699477136
RGI2000-v7.0-G-15-05077,84.56009640326079,28.6477735,0.087793830022954
RGI2000-v7.0-G-15-05078,84.55924297307327,28.6434985,0.119067503318995
RGI2000-v7.0-G-15-05079,84.5681918773973,28.6462925,0.33121635266258
RGI2000-v7.0-G-15-05080,84.55731850483468,28.632073,1.031099853420979
RGI2000-v7.0-G-15-05081,84.55279432446645,28.610875999999998,10.783529722930355
RGI2000-v7.0-G-15-05082,84.5305945443445,28.618286,1.866260062591041
RGI2000-v7.0-G-15-05083,84.52100865408055,28.619405999999998,0.137163950495941
RGI2000-v7.0-G-15-05084,84.5300452167736,28.634646,4.297689291234012
RGI2000-v7.0-G-15-05085,84.53367008374944,28.5826085,7.745779301095519
RGI2000-v7.0-G-15-05086,84.5212548625818,28.581156,3.571722152183292
RGI2000-v7.0-G-15-05087,84.52268576703479,28.570294,0.062719290395517
RGI2000-v7.0-G-15-05088,84.51339094383283,28.563649499999997,0.760708867408267
RGI2000-v7.0-G-15-05089,84.50428947518057,28.556459,1.090893437014794
RGI2000-v7.0-G-15-05090,84.49356089019471,28.551397,0.124423454347613
RGI2000-v7.0-G-15-05091,84.48935548788468,28.550294,0.471541116763558
RGI2000-v7.0-G-15-05092,84.4848300661435,28.555689,0.183303267305053
RGI2000-v7.0-G-15-05093,84.47945060672899,28.5514375,0.056317926420223
RGI2000-v7.0-G-15-05094,84.4725422368421,28.549929499999998,1.061414552555902
RGI2000-v7.0-G-15-05095,84.46469131962448,28.545543000000002,0.030730187935973
RGI2000-v7.0-G-15-05096,84.46325050795755,28.5528665,0.057567161027255
RGI2000-v7.0-G-15-05097,84.46591274959465,28.560904999999998,0.438980607353672
RGI2000-v7.0-G-15-05098,84.47427798673348,28.5588255,0.164165181704665
RGI2000-v7.0-G-15-05099,84.47751834324791,28.56429,0.056733331270243
RGI2000-v7.0-G-15-05100,84.48050157416574,28.5731695,0.694066830900222
RGI2000-v7.0-G-15-05101,84.49864190170494,28.581484000000003,3.012894109738387
RGI2000-v7.0-G-15-05102,84.52099499427698,28.5519525,0.049516542374423
RGI2000-v7.0-G-15-05103,84.51329093369675,28.5424665,0.367720153396369
RGI2000-v7.0-G-15-05104,84.51215630979623,28.5374955,0.076715018354838
RGI2000-v7.0-G-15-05105,84.50811595481852,28.5282515,5.673812289836057
RGI2000-v7.0-G-15-05106,84.51290215461276,28.520784,0.260052170827819
RGI2000-v7.0-G-15-05107,84.51830954021739,28.512012,0.084446425463803
RGI2000-v7.0-G-15-05108,84.50864210504022,28.510658,0.449750818050955
RGI2000-v7.0-G-15-05109,84.51010669126819,28.4950315,0.124124802150172
RGI2000-v7.0-G-15-05110,84.5067307623631,28.492834000000002,0.053055945312088
RGI2000-v7.0-G-15-05111,84.52567201299826,28.471092,0.065211083401624
RGI2000-v7.0-G-15-05112,84.53033596044226,28.474279000000003,0.096642313596545
RGI2000-v7.0-G-15-05113,84.5414169484155,28.479940499999998,3.093362048449243
RGI2000-v7.0-G-15-05114,84.55600600283287,28.488870499999997,0.242488875259288
RGI2000-v7.0-G-15-05115,84.5679941510179,28.478134,0.061977066514438
RGI2000-v7.0-G-15-05116,84.57047983175306,28.473848,0.115037458643387
RGI2000-v7.0-G-15-05117,84.5601082090036,28.470456,0.123625004705721
RGI2000-v7.0-G-15-05118,84.57971175316797,28.462764,3.502739310380281
RGI2000-v7.0-G-15-05119,84.59571330066079,28.469435,0.053093790075369
RGI2000-v7.0-G-15-05120,84.60196582580414,28.469618,0.154143953481643
RGI2000-v7.0-G-15-05121,84.60695848026789,28.4610085,0.248909097136891
RGI2000-v7.0-G-15-05122,84.61920774409165,28.4670365,0.16323859555673
RGI2000-v7.0-G-15-05123,84.62722157737016,28.470568,0.307138419626478
RGI2000-v7.0-G-15-05124,84.6514511584249,28.482642,34.88879081821126
RGI2000-v7.0-G-15-05125,84.6807062178743,28.477164000000002,0.250238727457667
RGI2000-v7.0-G-15-05126,84.69436901755859,28.458892499999997,2.013919095917713
RGI2000-v7.0-G-15-05127,84.71294462682471,28.4587475,0.137715620286614
RGI2000-v7.0-G-15-05128,84.7163727999237,28.4529105,0.839397946488496
RGI2000-v7.0-G-15-05129,84.7139114537685,28.4663545,9.13307241723205
RGI2000-v7.0-G-15-05130,84.70763468891101,28.4817505,4.229261147373704
RGI2000-v7.0-G-15-05131,84.71816575095238,28.489545,0.562083951631507
RGI2000-v7.0-G-15-05132,84.72597625246715,28.488969500000003,1.424415484258059
RGI2000-v7.0-G-15-05133,84.73923424115044,28.486062500000003,0.178546235045277
RGI2000-v7.0-G-15-05134,84.7439016562555,28.482146,0.677035424444968
RGI2000-v7.0-G-15-05135,84.74965241493824,28.482840500000002,0.885480259247131
RGI2000-v7.0-G-15-05136,84.75695384632729,28.480497,1.070390540951209
RGI2000-v7.0-G-15-05137,84.76168664642162,28.480338,0.127890482030482
RGI2000-v7.0-G-15-05138,84.76431738232323,28.4802805,0.486298044077052
RGI2000-v7.0-G-15-05139,84.77236144098976,28.480127,0.429001873066728
RGI2000-v7.0-G-15-05140,84.78231006770832,28.4791315,0.160908711698426
RGI2000-v7.0-G-15-05141,84.79060707260484,28.4797875,0.262122015716198
RGI2000-v7.0-G-15-05142,84.76187428874735,28.467482500000003,0.057436300654501
RGI2000-v7.0-G-15-05143,84.75535402554334,28.469882,0.262215545765566
RGI2000-v7.0-G-15-05144,84.75764364402264,28.426294499999997,32.1411261102764
RGI2000-v7.0-G-15-05145,84.77396063763177,28.395103499999998,0.501873360814902
RGI2000-v7.0-G-15-05146,84.7786654986631,28.3901685,0.258951573572498
RGI2000-v7.0-G-15-05147,84.7863954476631,28.4006695,0.355516775606591
RGI2000-v7.0-G-15-05148,84.79724845904437,28.394070499999998,0.263807531429029
RGI2000-v7.0-G-15-05149,84.76251212994359,28.3887025,0.095621770693718
RGI2000-v7.0-G-15-05150,84.75998555739162,28.3858575,0.167198437902793
RGI2000-v7.0-G-15-05151,84.75615623,28.378887,0.228460984645665
RGI2000-v7.0-G-15-05152,84.75815903159739,28.3759145,0.050459296956027
RGI2000-v7.0-G-15-05153,84.75591974634148,28.375111,0.024546113051298
RGI2000-v7.0-G-15-05154,84.75492593373217,28.368518,0.861841729439064
RGI2000-v7.0-G-15-05155,84.75013072917561,28.363546499999998,0.086626528759685
RGI2000-v7.0-G-15-05156,84.74096730718321,28.3639905,0.493969118769371
RGI2000-v7.0-G-15-05157,84.73859310647181,28.3618385,0.203031020310706
RGI2000-v7.0-G-15-05158,84.71460330170778,28.353150499999998,0.180691234203101
RGI2000-v7.0-G-15-05159,84.70210773693762,28.3540355,0.567453366755326
RGI2000-v7.0-G-15-05160,84.70051145925014,28.36243,0.2515571049371
RGI2000-v7.0-G-15-05161,84.68811021014747,28.356867,1.535889350608797
RGI2000-v7.0-G-15-05162,84.68103189795919,28.365872500000002,2.033374253641407
RGI2000-v7.0-G-15-05163,84.66249781052036,28.3657115,0.030956957541857
RGI2000-v7.0-G-15-05164,84.64225458070486,28.375466,0.258142780760592
RGI2000-v7.0-G-15-05165,84.63470268225656,28.3876925,0.125966218105618
RGI2000-v7.0-G-15-05166,84.62877396474359,28.3882145,0.140180321005575
RGI2000-v7.0-G-15-05167,84.62963185113122,28.393991999999997,0.54281993203474
RGI2000-v7.0-G-15-05168,84.6331613982623,28.398691,0.156895240671043
RGI2000-v7.0-G-15-05169,84.62768478497708,28.41092,1.898383021502268
RGI2000-v7.0-G-15-05170,84.62920601379327,28.415675999999998,0.070251687513156
RGI2000-v7.0-G-15-05171,84.619410511,28.414037999999998,0.267228617829019
RGI2000-v7.0-G-15-05172,84.6138491521055,28.4199515,4.008060118658046
RGI2000-v7.0-G-15-05173,84.62771665688487,28.428216499999998,5.384299638955437
RGI2000-v7.0-G-15-05174,84.64308815678348,28.434965,0.356122321582261
RGI2000-v7.0-G-15-05175,84.60382617812951,28.4378295,4.727375779670512
RGI2000-v7.0-G-15-05176,84.59646676431336,28.418642499999997,0.288018693885294
RGI2000-v7.0-G-15-05177,84.59685806382979,28.415316,0.109218634128669
RGI2000-v7.0-G-15-05178,84.58482568192309,28.4127355,0.105655064626032
RGI2000-v7.0-G-15-05179,84.5811310326087,28.4124445,0.135551194116083
RGI2000-v7.0-G-15-05180,84.57572840546875,28.415695499999998,0.134619606613338
RGI2000-v7.0-G-15-05181,84.58596871964836,28.4212505,1.378151696711474
RGI2000-v7.0-G-15-05182,84.58180466018307,28.403917,0.087960947207105
RGI2000-v7.0-G-15-05183,84.57703286765958,28.404561,0.215107735013843
RGI2000-v7.0-G-15-05184,84.57066980522922,28.434401,2.59725996239247
RGI2000-v7.0-G-15-05185,84.57542773214593,28.446039,1.293429413628034
RGI2000-v7.0-G-15-05186,84.59034239974915,28.481506000000003,0.2706876229937
RGI2000-v7.0-G-15-05187,84.60494978642242,28.510797,0.114479234330215
RGI2000-v7.0-G-15-05188,84.61179299515086,28.5109275,0.231853728076843
RGI2000-v7.0-G-15-05189,84.62826003542281,28.50871,1.473704232129294
RGI2000-v7.0-G-15-05190,84.63925833792923,28.5090705,1.171124521840147
RGI2000-v7.0-G-15-05191,84.64807583431084,28.511830500000002,0.107542110445748
RGI2000-v7.0-G-15-05192,84.65490254971968,28.514495,0.703981680798385
RGI2000-v7.0-G-15-05193,84.65728042766914,28.518988,0.636542239089451
RGI2000-v7.0-G-15-05194,84.6613267243763,28.526091,0.114709374336139
RGI2000-v7.0-G-15-05195,84.66471166879327,28.534277,0.829580184641153
RGI2000-v7.0-G-15-05196,84.64805786226262,28.5331835,0.464158506225877
RGI2000-v7.0-G-15-05197,84.64023432566373,28.523894,0.839049989237795
RGI2000-v7.0-G-15-05198,84.63266782484091,28.528727500000002,0.663565966578077
RGI2000-v7.0-G-15-05199,84.6239443582775,28.523151499999997,1.151344609522408
RGI2000-v7.0-G-15-05200,84.59817790598456,28.537954,21.18042392636182
RGI2000-v7.0-G-15-05201,84.60073263804273,28.559713,0.034995928944463
RGI2000-v7.0-G-15-05202,84.60841549282921,28.5609795,0.107699619188701
RGI2000-v7.0-G-15-05203,84.60887530871443,28.5712105,0.395351060338031
RGI2000-v7.0-G-15-05204,84.5963989286102,28.597274499999997,0.771776031195917
RGI2000-v7.0-G-15-05205,84.58739490128607,28.5995375,0.04081772968823
RGI2000-v7.0-G-15-05206,84.58741474378154,28.6052125,0.306365275286351
RGI2000-v7.0-G-15-05207,84.58151874159664,28.60549,0.451242190852203
RGI2000-v7.0-G-15-05208,84.59954405338542,28.6064825,0.030191260493966
RGI2000-v7.0-G-15-05209,84.59928564038646,28.618413500000003,3.80977518937772
RGI2000-v7.0-G-15-05210,84.58905827300615,28.6276255,0.080777181142116
RGI2000-v7.0-G-15-05211,84.59989372056194,28.6318125,0.369814942362021
RGI2000-v7.0-G-15-05212,84.61166493803489,28.6296685,0.518586554088431
RGI2000-v7.0-G-15-05213,84.66993746303383,28.6263515,1.461528861107039
RGI2000-v7.0-G-15-05214,84.67852244702898,28.6332955,0.398859981266592
RGI2000-v7.0-G-15-05215,84.68207391889084,28.6297035,0.070515461654737
RGI2000-v7.0-G-15-05216,84.69679311721602,28.624700500000003,13.40205232266551
RGI2000-v7.0-G-15-05217,84.68861272475962,28.612392,0.230490226393027
RGI2000-v7.0-G-15-05218,84.69098055008001,28.608112,0.248711902612921
RGI2000-v7.0-G-15-05219,84.68283217456148,28.6125775,0.124332691015931
RGI2000-v7.0-G-15-05220,84.67168841365319,28.613045,0.678676784735454
RGI2000-v7.0-G-15-05221,84.70284059,28.606913,0.273330343129914
RGI2000-v7.0-G-15-05222,84.72696165798723,28.619553,0.162457130893106
RGI2000-v7.0-G-15-05226,84.69646503581933,28.6552,0.097382805087845
RGI2000-v7.0-G-15-05227,84.69274329354656,28.6448545,4.891431281840994
RGI2000-v7.0-G-15-05229,84.75512354296066,28.6129715,0.057798257268191
RGI2000-v7.0-G-15-05232,84.77297537485077,28.6066135,0.47715804227707
RGI2000-v7.0-G-15-05233,84.7641310913055,28.604153500000002,7.065374508471705
RGI2000-v7.0-G-15-05234,84.75794777430556,28.590962,0.920933843691802
RGI2000-v7.0-G-15-05235,84.76351694112299,28.5889315,0.278912489768928
RGI2000-v7.0-G-15-05236,84.76995166591155,28.58388,0.750995707471098
RGI2000-v7.0-G-15-05237,84.7792630383742,28.5834045,0.466907427802929
RGI2000-v7.0-G-15-05238,84.78814516402171,28.599278499999997,0.189819489205907
RGI2000-v7.0-G-15-05248,84.74983730128207,28.590465000000002,0.076247255606628
RGI2000-v7.0-G-15-05249,84.72493033175351,28.5107675,0.252493894604206
RGI2000-v7.0-G-15-05250,84.699599,28.415938500000003,0.060558867195285
RGI2000-v7.0-G-15-05251,84.70437416769738,28.4104335,0.258733735768944
RGI2000-v7.0-G-15-05252,84.70422424302774,28.400007,0.626658524348959
RGI2000-v7.0-G-15-05253,84.70305014124254,28.3857055,6.635816011759251
RGI2000-v7.0-G-15-05254,84.67828151638817,28.348620500000003,0.157186020905004
RGI2000-v7.0-G-15-05255,84.68251342205323,28.3409985,0.095031673048663
RGI2000-v7.0-G-15-05256,84.68736154409336,28.339461999999997,0.091088892974835
RGI2000-v7.0-G-15-05257,84.68782196978952,28.343359,0.673195666793388
RGI2000-v7.0-G-15-05258,84.67120026666666,28.341988999999998,0.031496064692876
RGI2000-v7.0-G-15-05259,84.66072526280988,28.3414145,0.055829222793986
RGI2000-v7.0-G-15-05260,84.65231297134403,28.3934025,7.813475214345726
RGI2000-v7.0-G-15-05261,84.768892,28.372303000000002,0.39181727097467
RGI2000-v7.0-G-15-05262,84.77761429559749,28.358544000000002,0.179017819043011
RGI2000-v7.0-G-15-05263,84.99419229374104,28.389671999999997,0.183807411355722
RGI2000-v7.0-G-15-05264,85.00363632411273,28.3883685,0.224030031558526
RGI2000-v7.0-G-15-05265,85.0128500170112,28.392985,0.36665701535749
RGI2000-v7.0-G-15-05266,85.01893187779444,28.390357,0.019523657436373
RGI2000-v7.0-G-15-05267,85.0197616736433,28.388023,0.036630908122654
RGI2000-v7.0-G-15-05268,85.02600173781951,28.393821,0.406759020793067
RGI2000-v7.0-G-15-05269,85.03494264336601,28.38977,3.182603268718102
RGI2000-v7.0-G-15-05270,85.0445257991081,28.376678,0.176651224013527
RGI2000-v7.0-G-15-05271,85.04534098750722,28.3715725,0.086997295209007
RGI2000-v7.0-G-15-05272,85.04981115306683,28.368567,0.044344659144208
RGI2000-v7.0-G-15-05273,85.05624332339987,28.376018000000002,0.369174669083293
RGI2000-v7.0-G-15-05274,85.06215915768348,28.3724585,0.261710348334357
RGI2000-v7.0-G-15-05275,85.06155485419669,28.368977,0.108380906428599
RGI2000-v7.0-G-15-05276,85.06232200993577,28.364677,0.469559410849158
RGI2000-v7.0-G-15-05277,85.07013205791284,28.3638075,0.063320236085535
RGI2000-v7.0-G-15-05278,85.07229000545357,28.367524,0.196098418107385
RGI2000-v7.0-G-15-05279,85.07936472531512,28.376893000000003,0.343709672261343
RGI2000-v7.0-G-15-05280,85.07092974543082,28.3834975,0.773378464588536
RGI2000-v7.0-G-15-05281,85.08603417178205,28.3878145,7.635765846777148
RGI2000-v7.0-G-15-05282,85.10263784085778,28.3808925,0.30822515492731
RGI2000-v7.0-G-15-05283,85.10712134166667,28.391641,0.606573027013107
RGI2000-v7.0-G-15-05284,85.1073401337321,28.400363,0.082531668029753
RGI2000-v7.0-G-15-05285,85.11231661830948,28.4036235,0.563482940436485
RGI2000-v7.0-G-15-05286,85.11924899845515,28.4035805,0.175844418555531
RGI2000-v7.0-G-15-05287,85.11070083456647,28.4113145,0.270192008979294
RGI2000-v7.0-G-15-05288,85.10966154479769,28.415396,0.233828009825122
RGI2000-v7.0-G-15-05289,85.10895506574104,28.422242,2.368221126504127
RGI2000-v7.0-G-15-05290,85.10806804955367,28.4376115,0.593602295158799
RGI2000-v7.0-G-15-05291,85.10113007180293,28.44403,0.135911264177015
RGI2000-v7.0-G-15-05292,85.09456250865094,28.444015999999998,0.056636811250975
RGI2000-v7.0-G-15-05293,85.09816543563232,28.4504855,0.35024587118369
RGI2000-v7.0-G-15-05294,85.09777310164812,28.4538835,0.054289643229132
RGI2000-v7.0-G-15-05295,85.09234774319796,28.4529735,0.202736912588252
RGI2000-v7.0-G-15-05296,85.09155811273165,28.463757,0.193084558254394
RGI2000-v7.0-G-15-05297,85.10159943154198,28.468209,1.91427167121154
RGI2000-v7.0-G-15-05304,85.14298273433165,28.4943035,2.177896521647499
RGI2000-v7.0-G-15-05305,85.13122967190776,28.493219,1.284821588234409
RGI2000-v7.0-G-15-05306,85.1234424226493,28.489702,0.034168961173107
RGI2000-v7.0-G-15-05307,85.11665472216035,28.489876,1.076781205844223
RGI2000-v7.0-G-15-05308,85.1074962967194,28.4893445,0.080428539890876
RGI2000-v7.0-G-15-05309,85.13579366194969,28.503709999999998,0.061274955395872
RGI2000-v7.0-G-15-05310,85.13984328052632,28.506398,0.159039780809749
RGI2000-v7.0-G-15-05311,85.1364285,28.512504999999997,0.315760568365815
RGI2000-v7.0-G-15-05312,85.14970383563647,28.5156715,3.873801647529361
RGI2000-v7.0-G-15-05313,85.1570692692481,28.5275905,0.280093098370758
RGI2000-v7.0-G-15-05314,85.15457355882353,28.533411,0.126154210875629
RGI2000-v7.0-G-15-05315,85.1544572065674,28.545035,0.49796646531768
RGI2000-v7.0-G-15-05316,85.14807869230769,28.54686,0.237288909357531
RGI2000-v7.0-G-15-05317,85.14267614220184,28.553437,0.153544170865379
RGI2000-v7.0-G-15-05318,85.13704081936743,28.5523605,0.151413234982226
RGI2000-v7.0-G-15-05319,85.16667219766147,28.5414665,0.64882903612102
RGI2000-v7.0-G-15-05320,85.17912838153595,28.5431335,1.713260477122495
RGI2000-v7.0-G-15-05359,85.19165312630517,28.325321,0.380859950225603
RGI2000-v7.0-G-15-05360,85.1734298452381,28.318928,1.764269193171117
RGI2000-v7.0-G-15-05361,85.1679963841438,28.3184,0.094144389339037
RGI2000-v7.0-G-15-05362,85.16243746683168,28.3192835,0.105442886531306
RGI2000-v7.0-G-15-05363,85.15443881421331,28.323254,0.129971723096392
RGI2000-v7.0-G-15-05364,85.16586997412796,28.327825,0.469421867000388
RGI2000-v7.0-G-15-05365,85.13902518981573,28.3173005,8.651213901713577
RGI2000-v7.0-G-15-05366,85.11997331061374,28.315251500000002,0.260144739912938
RGI2000-v7.0-G-15-05367,85.11741356802669,28.321371,0.064039299713931
RGI2000-v7.0-G-15-05368,85.12027773360703,28.3338015,0.209499984304839
RGI2000-v7.0-G-15-05369,85.11347579719727,28.335848,0.26042131490187
RGI2000-v7.0-G-15-05370,85.1078606735358,28.337502999999998,0.863155522665402
RGI2000-v7.0-G-15-05371,85.10089685698689,28.3343585,0.499119447065697
RGI2000-v7.0-G-15-05372,85.0900332996863,28.3344435,3.516876849919582
RGI2000-v7.0-G-15-05373,85.08173589017204,28.329200999999998,0.372726749291536
RGI2000-v7.0-G-15-05374,85.07086153351955,28.333768,1.431245358582482
RGI2000-v7.0-G-15-05375,85.05981386105427,28.3261915,0.290887045625781
RGI2000-v7.0-G-15-05376,85.04265963043426,28.323271,0.237697224791008
RGI2000-v7.0-G-15-05377,85.04493075904723,28.316364,0.278354274558325
RGI2000-v7.0-G-15-05378,85.04215390289258,28.311431499999998,0.076678440918777
RGI2000-v7.0-G-15-05379,85.03704387379562,28.336118499999998,0.065933709331254
RGI2000-v7.0-G-15-05380,85.0406839284849,28.337163500000003,0.23618963226986
RGI2000-v7.0-G-15-05381,85.0388563814935,28.344350499999997,0.287388705951563
RGI2000-v7.0-G-15-05382,85.03454893547328,28.34449,0.496585522850032
RGI2000-v7.0-G-15-05383,85.0238695,28.342119,0.06488571999923
RGI2000-v7.0-G-15-05384,85.02733570829244,28.3367525,0.040081451469455
RGI2000-v7.0-G-15-05385,85.02518079895455,28.3497225,0.130761487832725
RGI2000-v7.0-G-15-05386,85.01876632956534,28.3499415,0.24553902340455
RGI2000-v7.0-G-15-05387,85.05233657882275,28.3433855,7.618198507562117
RGI2000-v7.0-G-15-05388,85.07730609552581,28.349764,0.338421934295093
RGI2000-v7.0-G-15-05389,85.11141928641382,28.355665000000002,0.049097555976236
RGI2000-v7.0-G-15-05390,85.10989353463202,28.3614565,0.126503330607758
RGI2000-v7.0-G-15-05391,85.11982626383053,28.378128500000003,1.040017360203682
RGI2000-v7.0-G-15-05392,85.06217048621393,28.3968785,1.028911204362514
RGI2000-v7.0-G-15-05393,85.06025577869417,28.4005985,0.131546760698451
RGI2000-v7.0-G-15-05394,85.03580017529234,28.417361,0.618352298516743
RGI2000-v7.0-G-15-05395,85.01181659999177,28.413307,0.035697258793455
RGI2000-v7.0-G-15-05396,85.0038822715311,28.415042,0.49335110923687
RGI2000-v7.0-G-15-05397,84.992827,28.4167085,0.231618270078699
RGI2000-v7.0-G-15-05398,84.9953329499849,28.403021,3.19394326252085
RGI2000-v7.0-G-15-05399,85.01211879428803,28.403686,0.538855254035285
RGI2000-v7.0-G-15-05400,84.9703520825603,28.511766,0.070033056730797
RGI2000-v7.0-G-15-05401,84.96618750088601,28.5212915,0.047527822710837
RGI2000-v7.0-G-15-05402,84.95954938844673,28.5276305,0.887405524291857
RGI2000-v7.0-G-15-05403,84.94757060592158,28.524844,0.124632336818743
RGI2000-v7.0-G-15-05404,84.93795234216245,28.526823999999998,1.499758284381475
RGI2000-v7.0-G-15-05405,84.9284150377031,28.537322500000002,0.74241739129042
RGI2000-v7.0-G-15-05406,84.93080175198939,28.547663,1.734325497081627
RGI2000-v7.0-G-15-05407,84.9390462498371,28.556559999999998,0.128490121120397
RGI2000-v7.0-G-15-05408,84.94259038622664,28.563122999999997,1.215444371784008
RGI2000-v7.0-G-15-05409,84.95293022161172,28.561621000000002,0.146575657311589
RGI2000-v7.0-G-15-05410,84.95772193037975,28.560972,0.400774978419979
RGI2000-v7.0-G-15-05411,84.94866160837438,28.548309500000002,0.244778234589761
RGI2000-v7.0-G-15-05412,84.94749936039884,28.54143,0.654033209512503
RGI2000-v7.0-G-15-05413,84.966446068769,28.545090000000002,8.998224402355468
RGI2000-v7.0-G-15-05414,84.9802212546419,28.525406,1.990322613170386
RGI2000-v7.0-G-15-05415,84.95463160957263,28.5157285,0.915024089003271
RGI2000-v7.0-G-15-05416,84.9241425242616,28.565306,0.58076215564581
RGI2000-v7.0-G-15-05417,84.93324624392181,28.5803715,2.503048453994111
RGI2000-v7.0-G-15-05418,84.94325563467149,28.583717,0.117281978778937
RGI2000-v7.0-G-15-05419,84.94569806306306,28.587166,0.024855135645137
RGI2000-v7.0-G-15-05424,84.92412098369167,28.592392,0.25747020523415
RGI2000-v7.0-G-15-05432,84.85138863945187,28.568856,0.0765431837759
RGI2000-v7.0-G-15-05433,84.94597823371105,28.5769445,0.510420774708149
RGI2000-v7.0-G-15-05434,84.97589130293974,28.5733355,5.275158781379232
RGI2000-v7.0-G-15-05435,84.99901565969388,28.571886499999998,0.353903507990975
RGI2000-v7.0-G-15-05436,85.00659730296715,28.578732000000002,0.136141265904621
RGI2000-v7.0-G-15-05437,85.00842937301826,28.5825795,0.145341356875626
RGI2000-v7.0-G-15-05438,85.007324125,28.5859485,0.114835188372226
RGI2000-v7.0-G-15-05439,84.99825008906912,28.5858105,1.152994205965254
RGI2000-v7.0-G-15-05440,85.01409130542407,28.5938005,1.504987458850578
RGI2000-v7.0-G-15-05441,85.02826955974005,28.5929735,0.050491980958742
RGI2000-v7.0-G-15-05442,85.03292433629707,28.5909085,0.180113631735918
RGI2000-v7.0-G-15-05443,85.03463728846154,28.596592,0.088440198076347
RGI2000-v7.0-G-15-05444,85.02663521973221,28.5996625,0.964004168646709
RGI2000-v7.0-G-15-05445,85.02338874143447,28.608512,0.459620019732905
RGI2000-v7.0-G-15-05446,85.01722940418924,28.608331,0.890382537301752
RGI2000-v7.0-G-15-05447,85.00219107489607,28.6094145,3.056911128154626
RGI2000-v7.0-G-15-05448,84.99755107936508,28.6167,0.356124156713231
RGI2000-v7.0-G-15-05451,85.01011210713983,28.6314565,0.05463322860964
RGI2000-v7.0-G-15-05455,85.01595458836944,28.636871499999998,0.060571582960558
RGI2000-v7.0-G-15-05457,85.04487168522952,28.65589,0.074754277708747
RGI2000-v7.0-G-15-05458,85.04780107550164,28.666690000000003,0.220636575291822
RGI2000-v7.0-G-15-05460,85.05836375395256,28.678378000000002,0.061612116370861
RGI2000-v7.0-G-15-05461,85.06046722841737,28.6802565,0.046275501391048
RGI2000-v7.0-G-15-05464,85.0689583069751,28.6777005,0.214607087960668
RGI2000-v7.0-G-15-05465,85.07611259852226,28.6693565,0.43877371952215
RGI2000-v7.0-G-15-05466,85.07598806896212,28.662805,0.267014752955455
RGI2000-v7.0-G-15-05467,85.08111064874582,28.6604955,0.035688933939974
RGI2000-v7.0-G-15-05468,85.08615003189021,28.6666335,0.73693645919268
RGI2000-v7.0-G-15-05471,85.09209071763394,28.6722695,0.575843846712803
RGI2000-v7.0-G-15-05472,85.09400281027409,28.6671375,0.19051704027859
RGI2000-v7.0-G-15-05474,85.13317894958783,28.6694045,0.664727268266639
RGI2000-v7.0-G-15-05476,85.14351349876696,28.659436999999997,0.05509234120223
RGI2000-v7.0-G-15-05477,85.14651133614484,28.656835,0.061602396163265
RGI2000-v7.0-G-15-05479,85.15214267855518,28.644672,0.498298651211841
RGI2000-v7.0-G-15-05482,85.17675363862384,28.643988,0.06283829446746
RGI2000-v7.0-G-15-05485,85.18923439848484,28.641544,0.046148979734162
RGI2000-v7.0-G-15-05486,85.18224924348597,28.637482,0.588720688308963
RGI2000-v7.0-G-15-05487,85.17982359269664,28.631773,0.174286496892547
RGI2000-v7.0-G-15-05488,85.1788234771808,28.601666,0.044028857061795
RGI2000-v7.0-G-15-05489,85.17287436081202,28.600437499999998,0.127165795329029
RGI2000-v7.0-G-15-05490,85.18262698529638,28.5798905,0.060266559309832
RGI2000-v7.0-G-15-05491,85.18446855527311,28.567359000000003,0.670456282205365
RGI2000-v7.0-G-15-05730,85.53109119548047,28.302100000000003,0.31402031140935
RGI2000-v7.0-G-15-05731,85.53687067876376,28.299947500000002,0.28106573297816
RGI2000-v7.0-G-15-05732,85.53679972649643,28.2779625,9.841571728417925
RGI2000-v7.0-G-15-05733,85.54525325595841,28.273971500000002,0.310889776890775
RGI2000-v7.0-G-15-05734,85.5536102572187,28.271694,0.014640817997942
RGI2000-v7.0-G-15-05735,85.55809848033866,28.267531499999997,0.032178354120886
RGI2000-v7.0-G-15-05736,85.55614930117096,28.26332,0.051188622081496
RGI2000-v7.0-G-15-05737,85.56317299540093,28.2554185,0.395478280108316
RGI2000-v7.0-G-15-05738,85.57483678291317,28.255042,4.175288829028237
RGI2000-v7.0-G-15-05739,85.54999713610519,28.2475205,4.786157650601032
RGI2000-v7.0-G-15-05740,85.53615665519324,28.2474745,0.900182416572816
RGI2000-v7.0-G-15-05741,85.53301757227736,28.2379635,0.143002998143805
RGI2000-v7.0-G-15-05742,85.52084575055065,28.2356285,0.200331836830201
RGI2000-v7.0-G-15-05743,85.51544685062893,28.2360125,0.161420823508315
RGI2000-v7.0-G-15-05744,85.50963601419753,28.239427499999998,0.34807539087323
RGI2000-v7.0-G-15-05745,85.5170391473431,28.246289,0.744279648892483
RGI2000-v7.0-G-15-05746,85.51269654522358,28.2514415,1.468220293494574
RGI2000-v7.0-G-15-05747,85.50054492084007,28.255519,0.064935717217813
RGI2000-v7.0-G-15-05748,85.49966813793104,28.243618,0.72249346507649
RGI2000-v7.0-G-15-05749,85.48570696237752,28.2392825,0.758007349374869
RGI2000-v7.0-G-15-05750,85.483408,28.245784999999998,0.052728588414169
RGI2000-v7.0-G-15-05751,85.48340897121484,28.249702999999997,1.189571193604304
RGI2000-v7.0-G-15-05752,85.47075146604938,28.242963,0.084961940286802
RGI2000-v7.0-G-15-05753,85.46612434737833,28.244410000000002,0.11459171536987
RGI2000-v7.0-G-15-05754,85.45930482943038,28.243171500000003,0.610086056784443
RGI2000-v7.0-G-15-05755,85.45506920002535,28.2368335,0.460588707828117
RGI2000-v7.0-G-15-05756,85.46997557278551,28.233671,0.086105250565184
RGI2000-v7.0-G-15-05757,85.460276773629,28.2548005,1.864798009745158
RGI2000-v7.0-G-15-05758,85.453520285877,28.252429499999998,0.061172359331061
RGI2000-v7.0-G-15-05759,85.45000149979424,28.252674,0.04878631909098
RGI2000-v7.0-G-15-05760,85.47078082455016,28.2614075,0.037657337852527
RGI2000-v7.0-G-15-05761,85.46425108051207,28.269951,0.150320386003706
RGI2000-v7.0-G-15-05762,85.48113886021872,28.266465,3.200998915840608
RGI2000-v7.0-G-15-05763,85.50842037591926,28.180629000000003,0.062207444080659
RGI2000-v7.0-G-15-05764,85.50574760276797,28.179585,0.082571911322557
RGI2000-v7.0-G-15-05765,85.49924922136833,28.1726045,0.091928377518141
RGI2000-v7.0-G-15-05766,85.49705701955119,28.1707105,0.132113964291822
RGI2000-v7.0-G-15-05767,85.49093741533545,28.172497,0.088744787106141
RGI2000-v7.0-G-15-05768,85.5039287393993,28.1674785,1.727060222768653
RGI2000-v7.0-G-15-05769,85.51046519905898,28.1672375,0.087064131123289
RGI2000-v7.0-G-15-05770,85.51881463884054,28.1626995,2.581908300558808
RGI2000-v7.0-G-15-05771,85.52366908437827,28.150774499999997,0.431938750408382
RGI2000-v7.0-G-15-05772,85.53508873363096,28.1573875,1.134956135812754
RGI2000-v7.0-G-15-05773,85.54009775612401,28.1621365,0.619490394602234
RGI2000-v7.0-G-15-05774,85.54964731746381,28.1620825,0.355037638554846
RGI2000-v7.0-G-15-05775,85.5559579323168,28.1632745,0.574579073911426
RGI2000-v7.0-G-15-05776,85.55610103922453,28.169898500000002,0.283170010782244
RGI2000-v7.0-G-15-05777,85.55115061765113,28.175139,0.609193959340215
RGI2000-v7.0-G-15-05778,85.54744657557876,28.1755275,0.069384853381626
RGI2000-v7.0-G-15-05779,85.54213740347166,28.1737535,0.701986009681886
RGI2000-v7.0-G-15-05780,85.5352195068854,28.172787,0.23467372575744
RGI2000-v7.0-G-15-05781,85.53247355897221,28.17021,0.091485760166131
RGI2000-v7.0-G-15-05782,85.56803196398747,28.158932,0.058419981289651
RGI2000-v7.0-G-15-05783,85.57648574503311,28.164322,0.27591663336816
RGI2000-v7.0-G-15-05784,85.57988812233933,28.162903,0.954786396323708
RGI2000-v7.0-G-15-05785,85.58588032014994,28.161359,0.472612588768282
RGI2000-v7.0-G-15-05786,85.59023631211187,28.160333,0.706276199888123
RGI2000-v7.0-G-15-05787,85.58710669798198,28.152219000000002,0.112721552668878
RGI2000-v7.0-G-15-05788,85.57958702613338,28.151766000000002,0.184820082025008
RGI2000-v7.0-G-15-05789,85.59499282980616,28.1526885,0.068298532670901
RGI2000-v7.0-G-15-05790,85.61037400091394,28.155658000000003,0.94239694327473
RGI2000-v7.0-G-15-05791,85.6108743290653,28.1627595,0.058653236426975
RGI2000-v7.0-G-15-05792,85.61901620083627,28.165772500000003,0.48104698003074
RGI2000-v7.0-G-15-05793,85.62224082828283,28.171654,0.282649572017314
RGI2000-v7.0-G-15-05794,85.6155720642767,28.175717,0.547586410517114
RGI2000-v7.0-G-15-05795,85.59876808973692,28.1669615,0.930466467609395
RGI2000-v7.0-G-15-05796,85.62138372619049,28.1583265,0.244754381682073
RGI2000-v7.0-G-15-05797,85.61653800892255,28.146728,0.216203936374181
RGI2000-v7.0-G-15-05798,85.61731527390025,28.137239,0.257749450670618
RGI2000-v7.0-G-15-05799,85.62425885987261,28.134809,0.92692833347991
RGI2000-v7.0-G-15-05800,85.62390737592875,28.1261055,0.666512901565054
RGI2000-v7.0-G-15-05801,85.62957841638666,28.124885,0.031655688830162
RGI2000-v7.0-G-15-05802,85.63341933679703,28.1247865,0.290308424598888
RGI2000-v7.0-G-15-05803,85.63862438922764,28.129245,0.136022613525678
RGI2000-v7.0-G-15-05804,85.63300824120645,28.139509500000003,0.393944672139516
RGI2000-v7.0-G-15-05805,85.63804738452914,28.143346,0.032336807350726
RGI2000-v7.0-G-15-05806,85.64408465117793,28.147784,0.073645354883126
RGI2000-v7.0-G-15-05807,85.6493939148965,28.15166,0.032487183268016
RGI2000-v7.0-G-15-05808,85.65477489232208,28.154439,0.191816140966223
RGI2000-v7.0-G-15-05809,85.66866880176211,28.149103,4.746489917882778
RGI2000-v7.0-G-15-05810,85.67014265925926,28.155494500000003,0.195277724168256
RGI2000-v7.0-G-15-05811,85.6750652638298,28.161008000000002,0.45811411430927
RGI2000-v7.0-G-15-05812,85.66611912651342,28.163692,0.674679908768134
RGI2000-v7.0-G-15-05813,85.66568037042683,28.1668345,0.08029127636224
RGI2000-v7.0-G-15-05814,85.67097071970299,28.1754925,1.295325740041708
RGI2000-v7.0-G-15-05815,85.66514147519084,28.179323,0.1662868671332
RGI2000-v7.0-G-15-05816,85.67220317698873,28.182639,0.121962474429623
RGI2000-v7.0-G-15-05817,85.67393627315768,28.1886355,0.375842672278789
RGI2000-v7.0-G-15-05818,85.6831259644201,28.1820455,0.241228865328257
RGI2000-v7.0-G-15-05819,85.69165946945758,28.177895,0.1785926684679
RGI2000-v7.0-G-15-05820,85.68233551755853,28.1701375,0.105988226367566
RGI2000-v7.0-G-15-05821,85.696825145676,28.1629155,1.912579099707674
RGI2000-v7.0-G-15-05822,85.70379025541061,28.1591935,0.211221326815588
RGI2000-v7.0-G-15-05823,85.70627300318031,28.1712395,0.442904990741365
RGI2000-v7.0-G-15-05824,85.74074892035398,28.163694999999997,0.137350911527822
RGI2000-v7.0-G-15-05825,85.74338070738446,28.169137,0.031739764630839
RGI2000-v7.0-G-15-05826,85.74334108515927,28.1755225,1.610445196941464
RGI2000-v7.0-G-15-05827,85.75284306117021,28.179357500000002,0.808957268627361
RGI2000-v7.0-G-15-05828,85.76291319042102,28.184252,0.972020831011273
RGI2000-v7.0-G-15-05829,85.76050895282279,28.2028475,0.07661557864143
RGI2000-v7.0-G-15-05830,85.74299798192047,28.207258,16.6430907642442
RGI2000-v7.0-G-15-05831,85.73896376462419,28.19935,0.065031536284321
RGI2000-v7.0-G-15-05832,85.73230779645459,28.201816,0.161474104398419
RGI2000-v7.0-G-15-05833,85.72054144055355,28.207179,2.772530557746321
RGI2000-v7.0-G-15-05834,85.71139016303468,28.2172505,0.079423798133468
RGI2000-v7.0-G-15-05835,85.70598543101545,28.213932999999997,0.31731449517415
RGI2000-v7.0-G-15-05836,85.70564032147311,28.209719,0.095430917818074
RGI2000-v7.0-G-15-05837,85.70323899253484,28.207704,0.067365960657041
RGI2000-v7.0-G-15-05838,85.70109683141393,28.2081625,0.085513806686256
RGI2000-v7.0-G-15-05839,85.7008199950622,28.211640000000003,0.08315620326029
RGI2000-v7.0-G-15-05840,85.69730311278387,28.211078,0.045344545812138
RGI2000-v7.0-G-15-05841,85.66053542749907,28.2370865,0.425223607629718
RGI2000-v7.0-G-15-05842,85.66282171419982,28.243593,0.165192577412935
RGI2000-v7.0-G-15-05843,85.66750882260067,28.245349,0.099206470899887
RGI2000-v7.0-G-15-05844,85.66627991328359,28.252659,1.382736875829482
RGI2000-v7.0-G-15-05845,85.65242361034043,28.2498195,0.326927875820281
RGI2000-v7.0-G-15-05846,85.65333290281993,28.244081,1.198543323425063
RGI2000-v7.0-G-15-05847,85.6410304217218,28.255995499999997,11.799479708516623
RGI2000-v7.0-G-15-05848,85.6379241100629,28.264284,0.115728906249595
RGI2000-v7.0-G-15-05849,85.64238783767651,28.2655225,0.044977846858273
RGI2000-v7.0-G-15-05850,85.67097915899198,28.2678565,0.739951163158987
RGI2000-v7.0-G-15-05851,85.67906614682539,28.27206,0.044617691339311
RGI2000-v7.0-G-15-05852,85.68288181243214,28.270152000000003,0.148916061333366
RGI2000-v7.0-G-15-05853,85.69124944443129,28.2757025,0.256706072750175
RGI2000-v7.0-G-15-05854,85.69519843318602,28.274257,0.486813420687894
RGI2000-v7.0-G-15-05855,85.70313286615476,28.2734575,0.433607557330027
RGI2000-v7.0-G-15-05856,85.70908319654538,28.274615,0.078704387890033
RGI2000-v7.0-G-15-05857,85.695830691645,28.265957,0.084807111910795
RGI2000-v7.0-G-15-05858,85.69489195230264,28.261049999999997,0.03574138332845
RGI2000-v7.0-G-15-05859,85.6862420201808,28.295104000000002,0.236282599866332
RGI2000-v7.0-G-15-05860,85.67171630215802,28.300051500000002,57.44745296485231
RGI2000-v7.0-G-15-05896,85.72969349345877,28.2981335,1.060307817112599
RGI2000-v7.0-G-15-05898,85.73386943010142,28.287353,0.162621281385016
RGI2000-v7.0-G-15-05899,85.73890991397553,28.28165,0.178083144317364
RGI2000-v7.0-G-15-05900,85.7403714528626,28.272839,0.845969987245553
RGI2000-v7.0-G-15-05910,85.59128093832453,28.304948,0.08446265827861
RGI2000-v7.0-G-15-05911,85.59391488408497,28.300836,0.563214002940088
RGI2000-v7.0-G-15-05912,85.59777509488273,28.298654499999998,0.585723639988548
RGI2000-v7.0-G-15-05913,85.58489136771736,28.303344,0.246367697934582
RGI2000-v7.0-G-15-05915,85.6004245,28.248721,0.165548482559477
RGI2000-v7.0-G-15-05916,85.60685925480873,28.2466065,0.71585750543828
RGI2000-v7.0-G-15-05917,85.61729635787461,28.236443,2.054887630702907
RGI2000-v7.0-G-15-05918,85.49520275,28.146147,0.349134062196068
RGI2000-v7.0-G-15-05919,85.48796061185695,28.1459725,1.047942580814118
RGI2000-v7.0-G-15-05920,85.4796257508802,28.146149,0.07068681028189
RGI2000-v7.0-G-15-05921,85.49138292996109,28.138748,0.126295994670487
RGI2000-v7.0-G-15-05922,85.49715587974683,28.1355675,0.429801444228487
RGI2000-v7.0-G-15-05923,85.48691014554012,28.106948,0.15196462603691
RGI2000-v7.0-G-15-05924,85.47779398143001,28.105925,0.037280594496114
RGI2000-v7.0-G-15-05925,85.47954838650895,28.101692,0.35558786410593
RGI2000-v7.0-G-15-05926,85.47236527870564,28.107556000000002,0.318373649353897
RGI2000-v7.0-G-15-05927,85.46546808554083,28.107383499999997,0.241447606804212
RGI2000-v7.0-G-15-05928,85.4677345,28.115246499999998,0.024791000115854
RGI2000-v7.0-G-15-05929,85.2074804433669,28.2397815,0.060759534712111
RGI2000-v7.0-G-15-05930,85.20699319394153,28.252698000000002,2.474527720887083
RGI2000-v7.0-G-15-05931,85.19870102052977,28.252782,0.033392453853214
RGI2000-v7.0-G-15-05932,85.19363469275251,28.254641499999998,0.709817670904111
RGI2000-v7.0-G-15-05933,85.19278305659341,28.2624405,0.136200269122605
RGI2000-v7.0-G-15-05934,85.18731300675677,28.266140999999998,0.068819302840566
RGI2000-v7.0-G-15-05935,85.1907584235083,28.270412999999998,1.421373042123323
RGI2000-v7.0-G-15-05936,85.17967706822611,28.2706265,0.89403983718777
RGI2000-v7.0-G-15-05937,85.17928934483683,28.26453,0.024395459639155
RGI2000-v7.0-G-15-05938,85.18141800370685,28.2600055,0.160778318425906
RGI2000-v7.0-G-15-05939,85.16879391359811,28.2756365,0.593286946348338
RGI2000-v7.0-G-15-05940,85.16368567272727,28.276232999999998,0.12770884702569
RGI2000-v7.0-G-15-05941,85.1605078543346,28.2812955,0.12220690206063
RGI2000-v7.0-G-15-05942,85.1537065678375,28.283725500000003,0.156853573351806
RGI2000-v7.0-G-15-05943,85.16036998023338,28.287855,0.127431976342695
RGI2000-v7.0-G-15-05944,85.15695453385824,28.294915,0.563117805474856
RGI2000-v7.0-G-15-05945,85.15499706100815,28.3008345,0.263218445575047
RGI2000-v7.0-G-15-05946,85.14702116595288,28.2925835,0.178133132470207
RGI2000-v7.0-G-15-05947,85.1381930160048,28.2960905,0.175886400451047
RGI2000-v7.0-G-15-05948,85.13241543917556,28.2978035,0.082339941982853
RGI2000-v7.0-G-15-05949,85.132637076012,28.3011865,0.012062305620536
RGI2000-v7.0-G-15-05950,85.12580836787969,28.301202,0.731955899270482
RGI2000-v7.0-G-15-05951,85.12118129960399,28.30763,0.301832539443523
RGI2000-v7.0-G-15-05952,85.10191847940669,28.316736,0.775160748465706
RGI2000-v7.0-G-15-05953,85.18391790737698,28.292491,0.029052066548606
RGI2000-v7.0-G-15-05954,85.18787308829366,28.284533500000002,0.901837940494801
RGI2000-v7.0-G-15-05955,85.20040159598256,28.281641,0.028485456024423
RGI2000-v7.0-G-15-05956,85.20402890403767,28.2695335,0.266917051978738
RGI2000-v7.0-G-15-05957,85.21173196234207,28.264104000000003,0.280713904944175
RGI2000-v7.0-G-15-05965,85.07388787315018,28.544407,0.025271629166082
RGI2000-v7.0-G-15-05966,85.07469145833333,28.549574,0.192078662883808
RGI2000-v7.0-G-15-05967,85.06204104931004,28.554637999999997,2.714636391854025
RGI2000-v7.0-G-15-05968,85.0616505716137,28.544961,0.395182817083639
RGI2000-v7.0-G-15-05969,85.05803988969066,28.5356445,0.160873782494239
RGI2000-v7.0-G-15-05970,85.045813708,28.547115,0.178219701983575
RGI2000-v7.0-G-15-05971,85.03247958946258,28.566885,0.826461292705928
RGI2000-v7.0-G-15-05972,85.0285730304878,28.564766,0.115021835192609
RGI2000-v7.0-G-15-05973,85.04683919920575,28.5746615,2.215406451369259
RGI2000-v7.0-G-15-05974,85.05817592666247,28.567640500000003,3.314746750393593
RGI2000-v7.0-G-15-05975,85.0449341770362,28.5910775,1.086214609434789
RGI2000-v7.0-G-15-05976,85.05699617602593,28.596276500000002,0.087807576043909
RGI2000-v7.0-G-15-05977,85.06820119566504,28.5944955,2.069121768782862
RGI2000-v7.0-G-15-06096,84.31914415700666,28.6574645,4.269787064609188
RGI2000-v7.0-G-15-06097,84.18588676118787,28.649839,0.357924272821004
RGI2000-v7.0-G-15-06098,84.18392006334301,28.6447345,0.1157241081224
RGI2000-v7.0-G-15-06099,84.20968409285885,28.501936,2.885104073286684
RGI2000-v7.0-G-15-06100,84.22042959144144,28.4945235,2.604733676494095
RGI2000-v7.0-G-15-06101,84.23927355520684,28.490539,1.50394018818085
RGI2000-v7.0-G-15-06102,84.25152737082816,28.4897195,1.451953628711023
RGI2000-v7.0-G-15-06103,84.26192538642994,28.488681,0.845544281879348
RGI2000-v7.0-G-15-06104,84.27027412938278,28.491114500000002,0.555574447903981
RGI2000-v7.0-G-15-06105,84.27721755408828,28.4787805,1.710532604343332
RGI2000-v7.0-G-15-06106,84.2846017706895,28.473488,0.177068847723817
RGI2000-v7.0-G-15-06107,84.29109781883994,28.4702745,0.098009312095241
RGI2000-v7.0-G-15-06108,84.26743298241692,28.4721295,0.262590801534545
RGI2000-v7.0-G-15-06109,84.26343793088714,28.472898,0.140712419400047
RGI2000-v7.0-G-15-06110,84.25867612677274,28.474251,0.31137593184036
RGI2000-v7.0-G-15-06111,84.242917337269,28.4696305,2.888504477775325
RGI2000-v7.0-G-15-06112,84.23975057857143,28.464239,0.168282419559172
RGI2000-v7.0-G-15-06113,84.2296670404157,28.464703,0.140285905177075
RGI2000-v7.0-G-15-06114,84.22380507505517,28.4700935,0.157140823265102
RGI2000-v7.0-G-15-06115,84.22289483531705,28.476215,0.092500848026237
RGI2000-v7.0-G-15-06116,84.21319669440553,28.4754805,1.270251599917811
RGI2000-v7.0-G-15-06117,84.23909683547257,28.441041,0.092085469785387
RGI2000-v7.0-G-15-06118,84.241902418239,28.439265,0.06966562868368
RGI2000-v7.0-G-15-06119,84.24525669521557,28.445234,0.130905415879331
RGI2000-v7.0-G-15-06120,84.4875146716216,28.461243,0.059335634886805
RGI2000-v7.0-G-15-06121,84.53948506967214,28.4998185,0.40653051905003
RGI2000-v7.0-G-15-06122,84.5498680545438,28.5179585,24.767309467060098
RGI2000-v7.0-G-15-06123,84.56669538087341,28.547857999999998,0.188025933358781
RGI2000-v7.0-G-15-06124,84.57500275562458,28.5746915,16.22223916408226
RGI2000-v7.0-G-15-06125,84.54733911700183,28.5816615,0.065638603986967
RGI2000-v7.0-G-15-06126,84.48489797817955,28.543735,0.533208189596476
RGI2000-v7.0-G-15-06128,85.50004355455353,28.128999999999998,0.900814641234728
RGI2000-v7.0-G-15-06129,85.5034230513601,28.1216195,1.419047353472318
RGI2000-v7.0-G-15-06130,85.51366689556963,28.118575999999997,0.105665916322297
RGI2000-v7.0-G-15-06131,85.51299752822581,28.1107485,0.03227914955382
RGI2000-v7.0-G-15-06132,85.52351344063706,28.137421500000002,0.072617135044065
RGI2000-v7.0-G-15-06133,85.51930908651323,28.143506000000002,0.31159674436996
RGI2000-v7.0-G-15-06134,85.51758387591215,28.148743500000002,0.40401714478445
RGI2000-v7.0-G-15-06135,85.53326972047242,28.150947000000002,0.671391051755484
RGI2000-v7.0-G-15-06136,85.54200147526683,28.1499735,0.349991819265781
RGI2000-v7.0-G-15-06137,85.54647448372492,28.1477215,0.267988708730384
RGI2000-v7.0-G-15-06138,85.55014914720421,28.144661,0.132594595116665
RGI2000-v7.0-G-15-06139,85.60498051205394,28.148331499999998,1.715585633605953
RGI2000-v7.0-G-15-06140,85.61609153519062,28.1311005,0.332995506308272
RGI2000-v7.0-G-15-06141,85.61589832685573,28.124537500000002,0.06727207635505
RGI2000-v7.0-G-15-06142,85.60815818421253,28.127359,0.033047931150422
RGI2000-v7.0-G-15-06143,85.67105047766324,28.138713,0.93893380261347
RGI2000-v7.0-G-15-06144,85.68063350150274,28.1363365,0.125310051091004
RGI2000-v7.0-G-15-06145,85.68506838341969,28.1340275,0.133292099211461
RGI2000-v7.0-G-15-06146,85.6928477274866,28.1315495,0.022855004420635
RGI2000-v7.0-G-15-06147,85.6948444250512,28.1356815,0.150258963332198
RGI2000-v7.0-G-15-06148,85.69894965026738,28.1286165,0.075868414127811
RGI2000-v7.0-G-15-06149,85.69695331395349,28.12505,0.267484306881852
RGI2000-v7.0-G-15-06150,85.69595353803597,28.144253,1.868300503011981
RGI2000-v7.0-G-15-06151,85.71784081011167,28.145134,0.096942127845166
RGI2000-v7.0-G-15-06152,85.72222466880129,28.147164500000002,0.40914362776067
RGI2000-v7.0-G-15-06153,85.7492176761427,28.142595999999998,0.072337690340971
RGI2000-v7.0-G-15-06154,85.7556405,28.138824,0.633488776165955
RGI2000-v7.0-G-15-06155,85.7686110900222,28.135930000000002,1.091251387892933
RGI2000-v7.0-G-15-06156,85.77814166311302,28.131713,0.09564204962372
RGI2000-v7.0-G-15-06157,85.78142334187294,28.144056499999998,1.325384951927627
RGI2000-v7.0-G-15-06158,85.77383258186813,28.1490515,0.146732701418716
RGI2000-v7.0-G-15-06159,85.78189225,28.156308,0.222250664797884
RGI2000-v7.0-G-15-06160,85.797079796588,28.157348,11.356201845382317
RGI2000-v7.0-G-15-06161,85.81090389745223,28.137591,0.148990818058844
RGI2000-v7.0-G-15-06162,85.81438608574496,28.134297500000002,0.026077585232873
RGI2000-v7.0-G-15-06163,85.81898262449386,28.1326085,0.136953429126178
RGI2000-v7.0-G-15-06164,85.81480231779662,28.124670000000002,0.14361408433665
RGI2000-v7.0-G-15-06165,85.82404676241364,28.145314,0.156316255488128
RGI2000-v7.0-G-15-06166,85.83247556540854,28.159529,14.396828204351955
RGI2000-v7.0-G-15-06167,85.81799944888432,28.1743785,0.463251523572441
RGI2000-v7.0-G-15-06168,85.81517042170785,28.175733,0.170324971550862
RGI2000-v7.0-G-15-06175,85.86941782817404,28.129897,0.266884073904483
RGI2000-v7.0-G-15-06176,85.86771900380624,28.134155,0.848165296010723
RGI2000-v7.0-G-15-06177,85.85245112684211,28.1373215,3.20354325047037
RGI2000-v7.0-G-15-06178,85.85162255575348,28.128261000000002,0.156140012307052
RGI2000-v7.0-G-15-06179,85.85199518656094,28.123587999999998,0.030438471548537
RGI2000-v7.0-G-15-06180,85.85124299382335,28.1204125,0.211323462495597
RGI2000-v7.0-G-15-06181,85.86973551039458,28.112156,2.351478325687836
RGI2000-v7.0-G-15-06182,85.8671348075232,28.0993255,0.233580564558265
RGI2000-v7.0-G-15-06183,85.85805908374763,28.096384,0.292994315793196
RGI2000-v7.0-G-15-06184,85.88439905337637,28.102809,2.409836525212152
RGI2000-v7.0-G-15-06198,85.9029280966464,28.0845135,0.122098262782593
RGI2000-v7.0-G-15-06199,85.89169942623074,28.083907500000002,2.164877778987228
RGI2000-v7.0-G-15-06200,85.8888639334865,28.0722325,0.264517422077255
RGI2000-v7.0-G-15-06201,85.88977069946438,28.067596,0.027645041915142
RGI2000-v7.0-G-15-06202,85.89862156021897,28.073526,0.118818707386763
RGI2000-v7.0-G-15-06204,85.90417407558576,28.0479845,0.313389323054946
RGI2000-v7.0-G-15-06205,85.89561393924555,28.0510515,0.168240745613008
RGI2000-v7.0-G-15-06206,85.89936493894231,28.038853,0.022816277738377
RGI2000-v7.0-G-15-06207,85.91540073421528,28.0457655,0.581644279085516
RGI2000-v7.0-G-15-06217,86.08918972327436,28.088527499999998,0.298692537231935
RGI2000-v7.0-G-15-06218,86.09056270304953,28.079159,0.845642141503064
RGI2000-v7.0-G-15-06221,86.09799079481819,28.069256,0.604282366607556
RGI2000-v7.0-G-15-06222,86.10911133367557,28.0653445,0.056515807019376
RGI2000-v7.0-G-15-06223,86.09695709514331,28.054769,0.726931007877352
RGI2000-v7.0-G-15-06231,86.09993104735449,28.0932765,0.270388970275417
RGI2000-v7.0-G-15-06232,86.10826310624999,28.091865,0.031124258790995
RGI2000-v7.0-G-15-06233,86.11486918092105,28.0897965,0.083624394032516
RGI2000-v7.0-G-15-06279,86.18808508053692,28.170999000000002,0.109498219966416
RGI2000-v7.0-G-15-06297,86.08408372787224,28.0227945,0.557399453914437
RGI2000-v7.0-G-15-06298,86.08879104619565,28.017176499999998,0.944052499241658
RGI2000-v7.0-G-15-06299,86.09678701526539,28.0149125,1.145273140893023
RGI2000-v7.0-G-15-06300,86.1077254010965,28.0164115,0.027448791633784
RGI2000-v7.0-G-15-06301,86.10827715908385,28.018520000000002,0.322020697110937
RGI2000-v7.0-G-15-06302,86.10590213510355,28.0238725,0.048910562464506
RGI2000-v7.0-G-15-06303,86.10411192459816,28.00069,2.744821437014677
RGI2000-v7.0-G-15-06311,86.10732395343884,27.9882125,0.354531406728702
RGI2000-v7.0-G-15-06312,86.11264478994602,27.980001,1.356010603217291
RGI2000-v7.0-G-15-06313,86.11296103433538,27.9727645,0.548871038098692
RGI2000-v7.0-G-15-06314,86.11519265929653,27.966606,0.156207499820938
RGI2000-v7.0-G-15-06325,86.14517354967603,28.011011,0.615294426765471
RGI2000-v7.0-G-15-06326,86.14505466927855,28.019789,0.14806871877272
RGI2000-v7.0-G-15-06327,86.13292305795756,28.019264999999997,0.780934395257466
RGI2000-v7.0-G-15-06328,86.20883078706765,28.049123,0.580591923057668
RGI2000-v7.0-G-15-06329,86.20880337248323,28.055248,0.069847001994793
RGI2000-v7.0-G-15-06330,86.21788630276356,28.0497515,0.06037486947928
RGI2000-v7.0-G-15-06331,86.21549715380074,28.045537,0.056833801000195
RGI2000-v7.0-G-15-06332,86.21323470132145,28.044032,0.03803616481245
RGI2000-v7.0-G-15-06333,86.21612364047387,28.042589,0.040510579546735
RGI2000-v7.0-G-15-06334,86.2075106530221,28.065109,0.026707814718346
RGI2000-v7.0-G-15-06335,86.20741448886415,28.068719,0.039741442450073
RGI2000-v7.0-G-15-06336,86.2079697307496,28.071548999999997,0.037622216341571
RGI2000-v7.0-G-15-06337,86.20968373376624,28.0741225,0.049332436149278
RGI2000-v7.0-G-15-06338,86.2071394090909,28.077393,0.121556306236198
RGI2000-v7.0-G-15-06339,86.20444212255964,28.076225,0.072208120198007
RGI2000-v7.0-G-15-06340,86.20193689470443,28.078802,0.181175287153168
RGI2000-v7.0-G-15-06341,86.20507329578066,28.088234,0.736007547648426
RGI2000-v7.0-G-15-06342,86.20246918828124,28.0950675,0.097775814713233
RGI2000-v7.0-G-15-06343,86.2062655867679,28.096983,0.054590486095382
RGI2000-v7.0-G-15-06346,86.2168897449682,28.098678,0.163781278362139
RGI2000-v7.0-G-15-06348,86.21852252331003,28.109634999999997,0.025595336817749
RGI2000-v7.0-G-15-06395,86.30358682088519,27.959412,0.201241690116131
RGI2000-v7.0-G-15-06396,86.2957208786307,27.962939499999997,0.270341520853457
RGI2000-v7.0-G-15-06397,86.31059521884586,27.945195,0.767253133406549
RGI2000-v7.0-G-15-06398,86.32463081818182,27.9442655,0.222806623281076
RGI2000-v7.0-G-15-06399,86.33051356063116,27.941494499999997,0.563415060047031
RGI2000-v7.0-G-15-06400,86.3355854911822,27.954466,0.481621048417947
RGI2000-v7.0-G-15-06405,86.36961854292608,27.9380925,0.208003494276632
RGI2000-v7.0-G-15-06406,86.37210075195615,27.936872,0.08303077040632
RGI2000-v7.0-G-15-06407,86.37585919401891,27.934673500000002,0.397071733221899
RGI2000-v7.0-G-15-06409,86.38234699027254,27.9313215,0.494173522583007
RGI2000-v7.0-G-15-06410,86.38083396899225,27.928046000000002,0.308183808329737
RGI2000-v7.0-G-15-06411,86.38437454631337,27.9248605,0.289052735811445
RGI2000-v7.0-G-15-06415,86.39592353909762,27.9216135,0.714840271067846
RGI2000-v7.0-G-15-06416,86.3958912138774,27.918266000000003,0.086803289100419
RGI2000-v7.0-G-15-06417,86.4003080375,27.914213,0.511235055334946
RGI2000-v7.0-G-15-06418,86.4021679756551,27.910173,0.204109107862396
RGI2000-v7.0-G-15-06419,86.40280003593548,27.9074905,0.19409244614017
RGI2000-v7.0-G-15-06420,86.40375839219436,27.9047655,0.359024750979457
RGI2000-v7.0-G-15-06421,86.41238578459226,27.9011145,0.1515898133329
RGI2000-v7.0-G-15-06422,86.4180521615807,27.905923,0.115704664180377
RGI2000-v7.0-G-15-06423,86.422508,27.904138500000002,0.246117294618435
RGI2000-v7.0-G-15-06424,86.43310854849366,27.899181499999997,0.478741405909228
RGI2000-v7.0-G-15-06425,86.44394270212766,27.898046,0.03186828201787
RGI2000-v7.0-G-15-06426,86.44597524621213,27.900364000000003,0.044922637755489
RGI2000-v7.0-G-15-06427,86.45158877733546,27.9070635,0.064231465036209
RGI2000-v7.0-G-15-06428,86.45921997823899,27.910563000000003,0.023018487476891
RGI2000-v7.0-G-15-06429,86.45969376535953,27.899839,1.566163077261885
RGI2000-v7.0-G-15-06430,86.44227925663111,27.8924865,0.089966104930298
RGI2000-v7.0-G-15-06432,86.46394860078941,27.922426,0.113654252844205
RGI2000-v7.0-G-15-06433,86.47003982994931,27.926679999999998,0.253947794767542
RGI2000-v7.0-G-15-06434,86.48060277487173,27.92743,1.188938969908087
RGI2000-v7.0-G-15-06435,86.48779185420524,27.923271,0.019738074258477
RGI2000-v7.0-G-15-06436,86.48856023392999,27.921186,0.031480580774034
RGI2000-v7.0-G-15-06437,86.50458254395525,27.914594,19.78378516468842
RGI2000-v7.0-G-15-06438,86.52651491673178,27.927698999999997,0.069912918659615
RGI2000-v7.0-G-15-06439,86.5331901333647,27.948336,4.530382362372767
RGI2000-v7.0-G-15-06440,86.5463009704817,27.941868,0.767302324835132
RGI2000-v7.0-G-15-06441,86.52328398992984,27.962263,1.946691909613251
RGI2000-v7.0-G-15-06442,86.53391223225627,27.973559,0.375399961827645
RGI2000-v7.0-G-15-06443,86.51672078109284,27.982461,0.071660823262297
RGI2000-v7.0-G-15-06467,86.36508013722744,27.937265,0.225311360338482
RGI2000-v7.0-G-15-06468,86.35818649447802,27.936178499999997,0.513169270729103
RGI2000-v7.0-G-15-06469,86.3493989957782,27.9244685,0.030976039016593
RGI2000-v7.0-G-15-06470,86.34499852542373,27.926113,0.074631478227135
RGI2000-v7.0-G-15-06664,86.60954524271142,28.092751,0.184727973769882
RGI2000-v7.0-G-15-06665,86.61803224118287,28.071241999999998,0.267166583516647
RGI2000-v7.0-G-15-06666,86.61141285317325,28.067042999999998,0.347920837693377
RGI2000-v7.0-G-15-06667,86.60610187408818,28.064025,0.014617485403539
RGI2000-v7.0-G-15-06668,86.60489003845635,28.066260999999997,0.030127237661431
RGI2000-v7.0-G-15-06669,86.60541773547689,28.069395999999998,0.04035793987875
RGI2000-v7.0-G-15-06670,86.59916593987342,28.065022,0.048623283140905
RGI2000-v7.0-G-15-06671,86.60665684793034,28.0525925,0.307961165686148
RGI2000-v7.0-G-15-06672,86.60770642213805,28.045536,0.226178323536109
RGI2000-v7.0-G-15-06673,86.60851465065593,28.040632000000002,0.02635839159785
RGI2000-v7.0-G-15-06674,86.60039726754333,28.0438695,0.145475787587436
RGI2000-v7.0-G-15-06675,86.6005992476469,28.0347705,0.033157905735714
RGI2000-v7.0-G-15-06676,86.6027860325922,28.030131,0.135007856168733
RGI2000-v7.0-G-15-06677,86.60728784660574,28.023491,0.026585317919913
RGI2000-v7.0-G-15-06678,86.62446264537445,28.0337925,13.133542467480158
RGI2000-v7.0-G-15-06679,86.65677889616254,28.034003,0.046266610904825
RGI2000-v7.0-G-15-06680,86.65648329242651,28.0409935,0.476210183177665
RGI2000-v7.0-G-15-06681,86.66105069992943,28.047747,0.537217823792231
RGI2000-v7.0-G-15-06682,86.66452927022058,28.0366085,0.123155880271037
RGI2000-v7.0-G-15-06683,86.66260177925676,28.0265705,0.925489357495842
RGI2000-v7.0-G-15-06684,86.661453,28.0201125,0.048964977199553
RGI2000-v7.0-G-15-06685,86.66869028307889,27.9996225,0.035179028623379
RGI2000-v7.0-G-15-06686,86.64913485277246,27.9982255,0.388743003801793
RGI2000-v7.0-G-15-06687,86.64495484993441,28.002504000000002,0.503689399888434
RGI2000-v7.0-G-15-06688,86.64317843681319,27.994866000000002,0.42648759314055
RGI2000-v7.0-G-15-06689,86.63554479284464,27.997508,0.14601309028353
RGI2000-v7.0-G-15-06690,86.63952028454926,27.985523,0.317490576913707
RGI2000-v7.0-G-15-06691,86.64291848478499,27.986791500000002,0.212243809186363
RGI2000-v7.0-G-15-06692,86.6429180389247,27.980943500000002,0.053311283172699
RGI2000-v7.0-G-15-06693,86.63811278468253,27.981065,0.146086870939874
RGI2000-v7.0-G-15-06694,86.64397119192422,27.9674935,0.139658251890945
RGI2000-v7.0-G-15-06695,86.64754573425861,27.9683035,0.016061474310081
RGI2000-v7.0-G-15-06696,86.65295641898734,27.967817500000002,0.054190953462448
RGI2000-v7.0-G-15-06697,86.65084306408014,27.964232,0.049021373794061
RGI2000-v7.0-G-15-06698,86.6527245021059,27.9583215,0.257725642902662
RGI2000-v7.0-G-15-06699,86.65897164456237,27.940683,0.013391056287256
RGI2000-v7.0-G-15-06700,86.66792105697792,27.940680999999998,0.692948337592661
RGI2000-v7.0-G-15-06701,86.67367972801938,27.9257465,0.982126547856971
RGI2000-v7.0-G-15-06702,86.67821613755311,27.924436999999998,0.028191268385623
RGI2000-v7.0-G-15-06703,86.6810478750381,27.9286375,0.051205182698003
RGI2000-v7.0-G-15-06704,86.68404042298579,27.928136,0.040959906676623
RGI2000-v7.0-G-15-06705,86.66766245926584,27.9215095,0.03753456648657
RGI2000-v7.0-G-15-06706,86.66540320240586,27.9248475,0.109401439130428
RGI2000-v7.0-G-15-06707,86.66580761794964,27.913463999999998,0.11772075143687
RGI2000-v7.0-G-15-06708,86.66712764229712,27.90685,0.132972030625156
RGI2000-v7.0-G-15-06709,86.67057381907499,27.9053125,0.012317113610298
RGI2000-v7.0-G-15-06710,86.67378805660377,27.911700500000002,0.095349854850769
RGI2000-v7.0-G-15-06711,86.67914273201347,27.906036999999998,0.157635962335411
RGI2000-v7.0-G-15-06712,86.67674430974857,27.8978535,0.983870218445556
RGI2000-v7.0-G-15-06713,86.67221722397503,27.8873915,0.445530943140387
RGI2000-v7.0-G-15-06714,86.66821021329494,27.889511,0.188515527598879
RGI2000-v7.0-G-15-06715,86.66970855408806,27.8823235,0.106912358914764
RGI2000-v7.0-G-15-06716,86.67373904799106,27.8787875,0.050035627146836
RGI2000-v7.0-G-15-06717,86.67661995457098,27.8739545,0.029327735591827
RGI2000-v7.0-G-15-06718,86.67927148205789,27.8612675,0.040816652823832
RGI2000-v7.0-G-15-06719,86.67886784660206,27.857357,0.010649706214071
RGI2000-v7.0-G-15-06720,86.69386006396488,27.883795499999998,0.056542984511782
RGI2000-v7.0-G-15-06721,86.69455992778963,27.892758,0.187040791753131
RGI2000-v7.0-G-15-06722,86.74830109939472,27.914091,0.023327812790455
RGI2000-v7.0-G-15-06723,86.75122138072842,27.916173999999998,0.022998811830003
RGI2000-v7.0-G-15-06724,86.75285769149035,27.9186755,0.470941360517685
RGI2000-v7.0-G-15-06725,86.76385420118342,27.919562499999998,0.367455987586519
RGI2000-v7.0-G-15-06726,86.76729551169265,27.9263485,0.097819704003871
RGI2000-v7.0-G-15-06727,86.75786515680025,27.929165500000003,0.353481100383234
RGI2000-v7.0-G-15-06728,86.75395065924278,27.946005999999997,0.091663509960465
RGI2000-v7.0-G-15-06729,86.75324303342246,27.954684999999998,0.070775508128067
RGI2000-v7.0-G-15-06730,86.75623425645003,27.960832500000002,0.338630014782212
RGI2000-v7.0-G-15-06731,86.7516064778481,27.969748,0.061344224649702
RGI2000-v7.0-G-15-06732,86.75758313873833,27.970883999999998,0.933959317709726
RGI2000-v7.0-G-15-06733,86.76360397242647,27.976568,0.203135944333282
RGI2000-v7.0-G-15-06734,86.7687826674107,27.971483,0.164243396752463
RGI2000-v7.0-G-15-06735,86.77386054446222,27.971987499999997,0.082877722192323
RGI2000-v7.0-G-15-06736,86.77646089349099,27.967686,0.101942905090172
RGI2000-v7.0-G-15-06737,86.78155534020044,27.9688855,0.045197915497706
RGI2000-v7.0-G-15-06738,86.7879211870824,27.9711785,0.025781855177086
RGI2000-v7.0-G-15-06739,86.79281653583709,27.963527,0.830314935056819
RGI2000-v7.0-G-15-06740,86.79783144849785,27.967406,0.102872188839818
RGI2000-v7.0-G-15-06741,86.79212615505034,27.953077,0.440466361018317
RGI2000-v7.0-G-15-06742,86.83864816015466,27.9452275,0.015846065735965
RGI2000-v7.0-G-15-06743,86.83909930111145,27.938369,0.086129450213688
RGI2000-v7.0-G-15-06744,86.83065154977376,27.927287,0.120374033936062
RGI2000-v7.0-G-15-06745,86.85190443574426,27.948965,0.046028490477393
RGI2000-v7.0-G-15-06746,86.847963,27.951725500000002,0.177888691719044
RGI2000-v7.0-G-15-06747,86.84905095473252,27.960847,0.022494083905162
RGI2000-v7.0-G-15-06748,86.84912602814885,27.965261499999997,0.455617049958685
RGI2000-v7.0-G-15-06749,86.86918069921472,27.972204,0.079919054833823
RGI2000-v7.0-G-15-06750,86.87786822965512,27.970022,0.145174325292012
RGI2000-v7.0-G-15-06751,86.88175197464788,27.960510499999998,0.046850452783019
RGI2000-v7.0-G-15-06752,86.88737525,27.9634455,0.687993856938433
RGI2000-v7.0-G-15-06753,86.88738822369558,27.950764,0.035675903020351
RGI2000-v7.0-G-15-06754,86.87446009210797,27.945270999999998,0.48098439969986
RGI2000-v7.0-G-15-06755,86.8617700241546,27.9386805,4.314590498860809
RGI2000-v7.0-G-15-06756,86.89014052826268,27.9364655,3.089932064433105
RGI2000-v7.0-G-15-06757,86.90628871824462,27.9504695,1.332384191260803
RGI2000-v7.0-G-15-06758,86.92205318011992,27.931099,10.66920874340258
RGI2000-v7.0-G-15-06759,86.93560011381004,27.9276195,0.273674263803823
RGI2000-v7.0-G-15-06760,86.93859796180556,27.923097499999997,0.117121757485742
RGI2000-v7.0-G-15-06761,86.93301019209355,27.9226655,0.813502269927867
RGI2000-v7.0-G-15-06762,86.93270840560166,27.9157565,0.211271340681626
RGI2000-v7.0-G-15-06763,86.95026918159107,27.913925,17.485880075262433
RGI2000-v7.0-G-15-06764,86.96335876875,27.9046465,1.012523332370227
RGI2000-v7.0-G-15-06765,86.97165325742017,27.910975999999998,0.05259139983175
RGI2000-v7.0-G-15-06766,86.98253363089287,27.909400499999997,34.80437923808078
RGI2000-v7.0-G-15-06767,86.96798057072361,27.882547000000002,0.076000790700587
RGI2000-v7.0-G-15-06768,86.97985287746181,27.8700725,0.072656038675859
RGI2000-v7.0-G-15-06769,86.9579545721356,27.85038,11.732117516683918
RGI2000-v7.0-G-15-06770,86.946961,27.862921999999998,0.63294362069666
RGI2000-v7.0-G-15-06771,86.93960356681515,27.8645965,0.58130745891847
RGI2000-v7.0-G-15-06772,86.93406957711406,27.864708999999998,0.104887815072227
RGI2000-v7.0-G-15-06773,86.92999586815338,27.8660455,0.025431568187046
RGI2000-v7.0-G-15-06774,86.92077190177983,27.8673035,0.038939227309359
RGI2000-v7.0-G-15-06775,86.91530613015233,27.868577000000002,0.14188162763718
RGI2000-v7.0-G-15-06776,86.90374272838346,27.8589665,0.106803641408533
RGI2000-v7.0-G-15-06777,86.90706349140359,27.856478,0.084853493793327
RGI2000-v7.0-G-15-06778,86.909448,27.854198500000003,0.020913853814573
RGI2000-v7.0-G-15-06779,86.89989952371602,27.842792,4.966832513927436
RGI2000-v7.0-G-15-06780,86.88484814685316,27.839474000000003,0.758740634129886
RGI2000-v7.0-G-15-06781,86.88035178061594,27.847316999999997,0.710485871500414
RGI2000-v7.0-G-15-06782,86.87663294196662,27.850807500000002,0.449514703608686
RGI2000-v7.0-G-15-06783,86.86971328881029,27.8546725,0.470792726557689
RGI2000-v7.0-G-15-06784,86.8643167089259,27.8553735,0.251862935974158
RGI2000-v7.0-G-15-06785,86.85913903288497,27.858456,0.023459104452403
RGI2000-v7.0-G-15-06786,86.8574122094146,27.858734499999997,0.034348335864446
RGI2000-v7.0-G-15-06787,86.86013969042315,27.8610195,0.029963934335025
RGI2000-v7.0-G-15-06788,86.86194293226754,27.862561499999998,0.222168460853896
RGI2000-v7.0-G-15-06789,86.85670780190136,27.862384,0.107635773380149
RGI2000-v7.0-G-15-06790,86.84917021446809,27.8626505,0.144908015061263
RGI2000-v7.0-G-15-06791,86.84884109889299,27.859271,0.211914524614992
RGI2000-v7.0-G-15-06792,86.85797444282238,27.853101000000002,0.059662840958965
RGI2000-v7.0-G-15-06793,86.85896039489953,27.875828499999997,1.069758277354737
RGI2000-v7.0-G-15-06794,86.8824138369169,27.874204,5.480062718722412
RGI2000-v7.0-G-15-06795,86.90139998437499,27.8778495,3.098414639827773
RGI2000-v7.0-G-15-06796,86.9155185,27.886313,0.141736285231731
RGI2000-v7.0-G-15-06797,86.93723696306132,27.880985000000003,2.244368478177922
RGI2000-v7.0-G-15-06798,86.94522886777779,27.870005,0.093009387473603
RGI2000-v7.0-G-15-06799,86.92493007933317,27.8445575,0.454353516957249
RGI2000-v7.0-G-15-06800,86.92533119165515,27.818617,0.068501636870906
RGI2000-v7.0-G-15-06801,86.91727649109414,27.8178825,0.823867827413105
RGI2000-v7.0-G-15-06802,86.9184641396565,27.809642,0.497865671590083
RGI2000-v7.0-G-15-06803,86.90445259208519,27.820453999999998,1.484533593002312
RGI2000-v7.0-G-15-06804,86.89914770652175,27.808357,1.610779091202851
RGI2000-v7.0-G-15-06805,86.88918099295225,27.8049345,1.213596007078282
RGI2000-v7.0-G-15-06806,86.88105278416486,27.808469,0.656363134925815
RGI2000-v7.0-G-15-06807,86.87848425,27.8137265,0.150035236703118
RGI2000-v7.0-G-15-06808,86.86710395935411,27.810838500000003,0.234375101110866
RGI2000-v7.0-G-15-06809,86.86275718097995,27.810644,0.060820707887295
RGI2000-v7.0-G-15-06810,86.86193053476615,27.8045745,0.108821921143453
RGI2000-v7.0-G-15-06811,86.86979961869883,27.8010995,0.739559591223118
RGI2000-v7.0-G-15-06812,86.86518956372657,27.794385,0.055657568252565
RGI2000-v7.0-G-15-06813,86.85978020247488,27.793355499999997,0.366214801006596
RGI2000-v7.0-G-15-06814,86.85698328619154,27.795049499999998,0.147449041432301
RGI2000-v7.0-G-15-06815,86.8537451007432,27.7893945,0.194560293264038
RGI2000-v7.0-G-15-06816,86.85233220455642,27.8063985,1.246171806420785
RGI2000-v7.0-G-15-06817,86.84975714350102,27.8166195,0.076124703240802
RGI2000-v7.0-G-15-06818,86.85800402498886,27.8177385,0.060086721337949
RGI2000-v7.0-G-15-06819,86.86754058014313,27.8213115,1.074972073801998
RGI2000-v7.0-G-15-06820,86.88236457795101,27.8246375,2.399535803454501
RGI2000-v7.0-G-15-06821,86.88929699264706,27.8302045,0.032898406858337
RGI2000-v7.0-G-15-06822,86.89861932775378,27.798119,0.026102666755188
RGI2000-v7.0-G-15-06823,86.89432155311704,27.7963515,0.05632985070501
RGI2000-v7.0-G-15-06824,86.90027713282937,27.790477000000003,0.105650853114158
RGI2000-v7.0-G-15-06825,86.89256635740986,27.787771499999998,1.442876364081922
RGI2000-v7.0-G-15-06826,86.88587709650923,27.779106499999997,0.032580472047013
RGI2000-v7.0-G-15-06827,86.89824399999999,27.772787,3.152494612061629
RGI2000-v7.0-G-15-06828,86.90692785801782,27.774884,0.08949269032399
RGI2000-v7.0-G-15-06829,86.90893700000001,27.772907,0.088676838159883
RGI2000-v7.0-G-15-06830,86.91220080327804,27.776464,0.153067748246581
RGI2000-v7.0-G-15-06831,86.9167796610629,27.7707805,0.306079311958419
RGI2000-v7.0-G-15-06832,86.91680254808318,27.766911,0.034703944851898
RGI2000-v7.0-G-15-06833,86.91878810748128,27.7636735,0.067544711237943
RGI2000-v7.0-G-15-06834,86.91981351000896,27.7593235,0.115050092568399
RGI2000-v7.0-G-15-06835,86.91151674209246,27.759562000000003,0.105947265808794
RGI2000-v7.0-G-15-06836,86.91250810171104,27.754610999999997,0.234131876349749
RGI2000-v7.0-G-15-06837,86.90575867042628,27.753414,0.234644085660929
RGI2000-v7.0-G-15-06838,86.9030992995128,27.7595665,0.214063565334451
RGI2000-v7.0-G-15-06839,86.89813420311566,27.756055500000002,0.425343357840989
RGI2000-v7.0-G-15-06840,86.88955714628821,27.748200500000003,0.407073134112744
RGI2000-v7.0-G-15-06841,86.89749984260705,27.7412285,0.149480778455681
RGI2000-v7.0-G-15-06842,86.89284818759205,27.7274515,0.531371732808221
RGI2000-v7.0-G-15-06843,86.8885177469983,27.7277185,1.636413973137983
RGI2000-v7.0-G-15-06844,86.8811043068226,27.721214,2.347358282462741
RGI2000-v7.0-G-15-06845,86.87711863307119,27.727077,0.037657838701238
RGI2000-v7.0-G-15-06846,86.8631970907613,27.721849499999998,1.424432429945014
RGI2000-v7.0-G-15-06847,86.86737102171693,27.713666,0.323777658728475
RGI2000-v7.0-G-15-06848,86.86156644801298,27.704645499999998,0.330667309734944
RGI2000-v7.0-G-15-06849,86.8581475330169,27.7065195,0.676672789746791
RGI2000-v7.0-G-15-06850,86.84888372783462,27.7030195,0.552256369760196
RGI2000-v7.0-G-15-06851,86.84356566593985,27.705571499999998,0.012913404832514
RGI2000-v7.0-G-15-06852,86.84093966902861,27.701646500000003,0.097152598512144
RGI2000-v7.0-G-15-06853,86.84537914590526,27.710154,0.257986217564365
RGI2000-v7.0-G-15-06854,86.84560406589674,27.7174175,0.036436631666029
RGI2000-v7.0-G-15-06855,86.85033009052404,27.717332,0.136148542958128
RGI2000-v7.0-G-15-06856,86.85221962476281,27.720005,0.190241148356329
RGI2000-v7.0-G-15-06857,86.836128,27.7151705,0.079587068397683
RGI2000-v7.0-G-15-06858,86.86705927,27.700584499999998,0.237894084373274
RGI2000-v7.0-G-15-06859,86.87177064248459,27.700924,0.41901073550738
RGI2000-v7.0-G-15-06860,86.88207368932618,27.699603,1.238907451325043
RGI2000-v7.0-G-15-06861,86.87807834535104,27.686276999999997,4.293517219074412
RGI2000-v7.0-G-15-06862,86.86428940770043,27.671803500000003,0.252824172560005
RGI2000-v7.0-G-15-06863,86.85829316778464,27.668598000000003,0.499719033526569
RGI2000-v7.0-G-15-06864,86.86389071636906,27.664983499999998,0.038394235869342
RGI2000-v7.0-G-15-06865,86.86619806872326,27.6652165,0.01672997788964
RGI2000-v7.0-G-15-06866,86.86160855989016,27.661019000000003,0.192895155946113
RGI2000-v7.0-G-15-06867,86.85211957608695,27.665092,0.08695015541012
RGI2000-v7.0-G-15-06868,86.87926316838974,27.662606,3.897789283259148
RGI2000-v7.0-G-15-06869,86.88224139574469,27.652943999999998,0.510674845442386
RGI2000-v7.0-G-15-06870,86.87775509946948,27.6482715,0.035546940498887
RGI2000-v7.0-G-15-06871,86.86611176311297,27.6377405,0.109468055196568
RGI2000-v7.0-G-15-06872,86.89080588678647,27.669285000000002,0.125042953660678
RGI2000-v7.0-G-15-06873,86.90416259691358,27.683463000000003,0.223641966818081
RGI2000-v7.0-G-15-06874,86.91264739130435,27.692348,1.097621461699641
RGI2000-v7.0-G-15-06875,86.91721905211635,27.6880575,0.3315903656489
RGI2000-v7.0-G-15-06876,86.92217384829448,27.6872755,0.276291060336965
RGI2000-v7.0-G-15-06877,86.92923775,27.684735500000002,0.069034519818687
RGI2000-v7.0-G-15-06878,86.90372584120371,27.7055385,6.388094007512697
RGI2000-v7.0-G-15-06879,86.96015176177337,27.7239475,0.074114759691087
RGI2000-v7.0-G-15-06880,86.96986347959184,27.728928,0.486623893926082
RGI2000-v7.0-G-15-06881,86.96560472331154,27.73735,0.330865482391972
RGI2000-v7.0-G-15-06882,86.9614376591453,27.742053,0.308998287211001
RGI2000-v7.0-G-15-06883,86.96323052247962,27.746816,0.294245198611349
RGI2000-v7.0-G-15-06884,86.97314507499999,27.738839,0.046929564682523
RGI2000-v7.0-G-15-06885,86.9825390652174,27.736054,2.772708919676243
RGI2000-v7.0-G-15-06886,86.98838583837959,27.730947999999998,0.102797816264773
RGI2000-v7.0-G-15-06887,86.99319788672616,27.729197999999997,0.258731929827446
RGI2000-v7.0-G-15-06888,87.00047925694444,27.728721999999998,0.031789891410099
RGI2000-v7.0-G-15-06889,86.99668404720148,27.717151,2.240337885188296
RGI2000-v7.0-G-15-06890,86.99398441176022,27.709714499999997,0.523691345555066
RGI2000-v7.0-G-15-06891,86.99020155704699,27.7032965,1.075010858314747
RGI2000-v7.0-G-15-06892,86.985242,27.695494,0.977502606227284
RGI2000-v7.0-G-15-06893,86.97964747557472,27.692808499999998,0.179618778374663
RGI2000-v7.0-G-15-06894,86.98411699366628,27.6809085,0.195431955649796
RGI2000-v7.0-G-15-06895,86.98641988879353,27.676902499999997,0.018662060986532
RGI2000-v7.0-G-15-06896,86.98693290532545,27.67214,0.055817359524514
RGI2000-v7.0-G-15-06897,86.98436308830897,27.6585745,0.062793911392261
RGI2000-v7.0-G-15-06898,86.9811395,27.655732999999998,0.028958415430802
RGI2000-v7.0-G-15-06899,86.98115172984814,27.6533315,0.075498349850832
RGI2000-v7.0-G-15-06900,86.9856867215909,27.650751,0.043894017593234
RGI2000-v7.0-G-15-06901,86.97900934687499,27.647408499999997,0.127720073223055
RGI2000-v7.0-G-15-06902,87.01286894622126,27.704563,1.256946799842895
RGI2000-v7.0-G-15-06903,87.01854527155172,27.717862500000003,2.074056020141803
RGI2000-v7.0-G-15-06904,87.02358496107784,27.7313865,0.217759823303553
RGI2000-v7.0-G-15-06905,87.02889558749891,27.7356835,0.124371880281573
RGI2000-v7.0-G-15-06906,87.0475193738759,27.742083,1.524881139031094
RGI2000-v7.0-G-15-06907,87.06051399948025,27.768721499999998,0.201197702606013
RGI2000-v7.0-G-15-06908,87.06752576046512,27.7685065,0.097559937317258
RGI2000-v7.0-G-15-06909,87.07149196594735,27.7691255,0.14914995351941
RGI2000-v7.0-G-15-06910,87.07921672413794,27.768572,0.720128507118506
RGI2000-v7.0-G-15-06911,87.080628,27.760301,0.544872389996055
RGI2000-v7.0-G-15-06912,87.09202457558139,27.7629035,1.54349822060696
RGI2000-v7.0-G-15-06913,87.09777904990275,27.755488999999997,0.809527808120856
RGI2000-v7.0-G-15-06914,87.10234934726753,27.750093,0.288672293198957
RGI2000-v7.0-G-15-06915,87.11506259744051,27.7651585,2.129593247586789
RGI2000-v7.0-G-15-06916,87.11484673636795,27.7731135,0.245217893570153
RGI2000-v7.0-G-15-06917,87.1143171796875,27.7786245,0.365266387066701
RGI2000-v7.0-G-15-06918,87.11146146577475,27.780908,0.498936449103533
RGI2000-v7.0-G-15-06919,87.10732929630682,27.781651500000002,0.04774639747363
RGI2000-v7.0-G-15-06920,87.09313436229966,27.7769995,0.636083646305335
RGI2000-v7.0-G-15-06921,87.09484008163265,27.771645,0.164141668226268
RGI2000-v7.0-G-15-06922,87.0791115597723,27.7874615,0.399340932609081
RGI2000-v7.0-G-15-06923,87.06487307986146,27.783215,0.382217708816995
RGI2000-v7.0-G-15-06924,87.06409996875001,27.7783845,0.567454076867443
RGI2000-v7.0-G-15-06925,87.05522784297872,27.78394,0.219164228828305
RGI2000-v7.0-G-15-06926,87.0438116391258,27.7804665,3.277221860928267
RGI2000-v7.0-G-15-06927,87.0396703056206,27.798664000000002,0.512757567397818
RGI2000-v7.0-G-15-06928,87.04736585289949,27.818722,0.995599440361553
RGI2000-v7.0-G-15-06929,87.05390483889313,27.820708,0.747199393157978
RGI2000-v7.0-G-15-06930,87.05395711831129,27.8324715,1.230686171805027
RGI2000-v7.0-G-15-06931,87.05512560222222,27.839745,0.202051445876716
RGI2000-v7.0-G-15-06932,87.05817489750001,27.843319,0.105929600411994
RGI2000-v7.0-G-15-06933,87.06178752900641,27.846674,0.288762110285218
RGI2000-v7.0-G-15-06934,87.05415029202084,27.8496065,0.170033214278341
RGI2000-v7.0-G-15-06935,87.04705425,27.8471465,0.609422075520714
RGI2000-v7.0-G-15-06936,87.0418750497496,27.847700500000002,1.05746438108683
RGI2000-v7.0-G-15-06937,87.04163873793185,27.8368825,0.122885605718383
RGI2000-v7.0-G-15-06938,87.03435047912599,27.8368685,0.250393262567913
RGI2000-v7.0-G-15-06939,87.02509762994791,27.845211499999998,0.702601071470496
RGI2000-v7.0-G-15-06940,87.02067858827493,27.8553455,0.881886891804509
RGI2000-v7.0-G-15-06941,87.01061463542563,27.856626,0.846100427370375
RGI2000-v7.0-G-15-06942,87.01543621428573,27.867604,0.084017256336767
RGI2000-v7.0-G-15-06943,87.02249991127195,27.8659595,0.067331991127329
RGI2000-v7.0-G-15-06944,87.03575890939581,27.892183,0.11412381332596
RGI2000-v7.0-G-15-06945,87.03323968246445,27.898501,0.645787477440479
RGI2000-v7.0-G-15-06946,87.02421578280868,27.9030935,0.076443161663482
RGI2000-v7.0-G-15-06947,87.02918032484621,27.910892,2.455815343070046
RGI2000-v7.0-G-15-06948,87.0465190097607,27.909601000000002,3.68308508283566
RGI2000-v7.0-G-15-06949,87.05664778266033,27.905706000000002,3.168418961923547
RGI2000-v7.0-G-15-06950,87.0653416440716,27.891339,3.071743519660881
RGI2000-v7.0-G-15-06951,87.08205313047219,27.889615,0.042824113995536
RGI2000-v7.0-G-15-06952,87.08241810993303,27.8984885,0.038117887279706
RGI2000-v7.0-G-15-06954,87.08871812713359,27.8685735,4.361868123459343
RGI2000-v7.0-G-15-06955,87.09927128082563,27.861311,4.000147899665722
RGI2000-v7.0-G-15-06956,87.0945882745098,27.842783,0.31673931027989
RGI2000-v7.0-G-15-06957,87.10732260376885,27.842257,1.528243199367169
RGI2000-v7.0-G-15-06958,87.11527465625,27.835018499999997,0.641592487102032
RGI2000-v7.0-G-15-06959,87.112999959311,27.8291085,0.552001224200936
RGI2000-v7.0-G-15-06960,87.12352747565973,27.8229795,0.86646200509821
RGI2000-v7.0-G-15-06961,87.11978174176647,27.8171115,0.165042497532728
RGI2000-v7.0-G-15-06962,87.13553169716775,27.81979,3.663637974830721
RGI2000-v7.0-G-15-06963,87.1493442220948,27.8229705,1.16670497543819
RGI2000-v7.0-G-15-06968,87.21598171788577,27.816612,0.368976083164673
RGI2000-v7.0-G-15-06969,87.16993427118507,27.802311500000002,0.804294720302897
RGI2000-v7.0-G-15-06970,87.16480151888035,27.8106485,1.972389504592214
RGI2000-v7.0-G-15-07191,87.03973610071091,27.928759,4.676231475159454
RGI2000-v7.0-G-15-07192,87.04447758494784,27.9210125,0.021213582862179
RGI2000-v7.0-G-15-07193,87.05333958482143,27.87757,0.059649081313979
RGI2000-v7.0-G-15-07194,87.05482669012946,27.875424000000002,0.054945680577115
RGI2000-v7.0-G-15-07195,87.06068482311923,27.8764955,0.171849696033086
RGI2000-v7.0-G-15-07196,87.00652976652789,27.822102,26.996432214462732
RGI2000-v7.0-G-15-07197,87.0118566405902,27.816173,0.093720343180875
RGI2000-v7.0-G-15-07198,87.00868393318486,27.8131285,0.19860713590164
RGI2000-v7.0-G-15-07199,87.00604132235227,27.8073955,0.02369287474211
RGI2000-v7.0-G-15-07200,87.00408493919991,27.8051335,0.038896260165019
RGI2000-v7.0-G-15-07201,86.99707368652561,27.809988,3.261210962703519
RGI2000-v7.0-G-15-07202,86.98861825331352,27.814494500000002,0.204985244672477
RGI2000-v7.0-G-15-07203,86.97485389538045,27.816459000000002,1.853709513281067
RGI2000-v7.0-G-15-07204,86.9665695311804,27.814683000000002,0.030778166225943
RGI2000-v7.0-G-15-07205,86.96483727373418,27.8222375,1.219009121216965
RGI2000-v7.0-G-15-07206,86.97196783798537,27.7859695,0.600535148229693
RGI2000-v7.0-G-15-07207,86.97112934858151,27.777780999999997,0.699332870168753
RGI2000-v7.0-G-15-07208,86.9747631356534,27.771803499999997,0.720263751766597
RGI2000-v7.0-G-15-07209,86.98270591899185,27.773871,1.848707830401761
RGI2000-v7.0-G-15-07210,86.96520523928591,27.7665175,0.387143589341749
RGI2000-v7.0-G-15-07211,86.96036963132912,27.7718955,0.23461964112136
RGI2000-v7.0-G-15-07212,86.97904199999999,27.75331,1.308605048026821
RGI2000-v7.0-G-15-07213,87.00416990169037,27.759822,19.473849828885136
RGI2000-v7.0-G-15-07214,87.12313108877285,27.7455325,0.524737763819286
RGI2000-v7.0-G-15-07215,87.13380144318135,27.746221,0.130885922790983
RGI2000-v7.0-G-15-07216,87.14064452308004,27.745367,0.171542477733257
RGI2000-v7.0-G-15-07217,87.12572311614721,27.7580025,3.223197075692112
RGI2000-v7.0-G-15-07218,87.1960358785558,27.772865,0.280639087108016
RGI2000-v7.0-G-15-07394,87.57403142213104,27.858833,0.227641467289049
RGI2000-v7.0-G-15-07398,87.59192575025419,27.833332,0.126338823171756
RGI2000-v7.0-G-15-07400,87.59305862693157,27.8191475,0.07972996154368
RGI2000-v7.0-G-15-07405,87.61645259318746,27.808259,0.580514249931261
RGI2000-v7.0-G-15-07406,87.6626156637682,27.804491,0.023423675035882
RGI2000-v7.0-G-15-07407,87.663577,27.810702,0.241102666847382
RGI2000-v7.0-G-15-07408,87.66205693695595,27.816519,0.108092024534941
RGI2000-v7.0-G-15-07409,87.66264787311016,27.819646499999998,0.015616805305103
RGI2000-v7.0-G-15-07411,87.66402324773443,27.8292915,0.653324567561675
RGI2000-v7.0-G-15-07416,87.67074330165639,27.802699,0.282906006026427
RGI2000-v7.0-G-15-07417,87.67529623525557,27.799061000000002,0.423210036164333
RGI2000-v7.0-G-15-07418,87.67296631763926,27.7904675,0.677503423142818
RGI2000-v7.0-G-15-07419,87.66590508247604,27.79421,0.735124326840038
RGI2000-v7.0-G-15-07420,87.66961720800083,27.783469500000002,0.18880034593159
RGI2000-v7.0-G-15-07421,87.67511033003953,27.780911,0.521145190844725
RGI2000-v7.0-G-15-07422,87.66572924543445,27.777960999999998,0.253559858862583
RGI2000-v7.0-G-15-07423,87.66555397747231,27.7742515,0.0255037060553
RGI2000-v7.0-G-15-07424,87.66579795772059,27.7709985,0.27086601169543
RGI2000-v7.0-G-15-07425,87.66030145402299,27.766385999999997,0.123419797482245
RGI2000-v7.0-G-15-07426,87.65554289034321,27.7647005,0.071568947469811
RGI2000-v7.0-G-15-07427,87.6536785179081,27.7592945,0.354236804528612
RGI2000-v7.0-G-15-07428,87.66146308333333,27.759051,0.83142565548813
RGI2000-v7.0-G-15-07429,87.67111495531915,27.7632765,2.005384550506871
RGI2000-v7.0-G-15-07430,87.68017757301402,27.7524455,0.121881942734929
RGI2000-v7.0-G-15-07431,87.68576137113402,27.751761000000002,0.029216646858124
RGI2000-v7.0-G-15-07432,87.68545561932939,27.7558185,0.098644966908144
RGI2000-v7.0-G-15-07433,87.68406435071942,27.770408,0.53802437506715
RGI2000-v7.0-G-15-07434,87.65963348394226,27.7465825,0.09437322696546
RGI2000-v7.0-G-15-07435,87.65495554361823,27.748769000000003,0.59132977274185
RGI2000-v7.0-G-15-07436,87.655825,27.742908999999997,0.036915923617621
RGI2000-v7.0-G-15-07437,87.65220184906948,27.7422565,0.184321934411965
RGI2000-v7.0-G-15-07438,87.63956719711732,27.724745,0.08509656806427
RGI2000-v7.0-G-15-07439,87.64563325009861,27.719116,0.441497574396155
RGI2000-v7.0-G-15-07440,87.64434968366555,27.7139135,0.39120963064047
RGI2000-v7.0-G-15-07441,87.64357969891827,27.7097765,0.09770778111007
RGI2000-v7.0-G-15-07442,87.64093910545023,27.706744999999998,0.132346194339468
RGI2000-v7.0-G-15-07443,87.6296993727274,27.707531,0.225889929899801
RGI2000-v7.0-G-15-07444,87.62481859875,27.707103500000002,0.194625841692801
RGI2000-v7.0-G-15-07445,87.6179696770115,27.705237,0.678901007687161
RGI2000-v7.0-G-15-07446,87.61462883168704,27.6993665,0.057825814761367
RGI2000-v7.0-G-15-07447,87.61972593810043,27.69332,0.537302529070234
RGI2000-v7.0-G-15-07448,87.61551269756356,27.686851500000003,0.03918703345663
RGI2000-v7.0-G-15-07449,87.61127198275861,27.689704499999998,0.412093124151953
RGI2000-v7.0-G-15-07450,87.60815926069182,27.685102999999998,0.022252568201729
RGI2000-v7.0-G-15-07451,87.60990337252609,27.6770455,0.282086332631316
RGI2000-v7.0-G-15-07452,87.60516752962086,27.675607,0.025880828299529
RGI2000-v7.0-G-15-07453,87.61535719109702,27.677805,0.089104974820961
RGI2000-v7.0-G-15-07454,87.62038274585068,27.671139,0.588790149961365
RGI2000-v7.0-G-15-07455,87.60967973087071,27.706341000000002,0.966489826795812
RGI2000-v7.0-G-15-07456,87.60691783882389,27.7172415,0.568364453767001
RGI2000-v7.0-G-15-07457,87.61459944816528,27.718209,0.381046784498307
RGI2000-v7.0-G-15-07458,87.62207477152207,27.7206555,0.669424201890734
RGI2000-v7.0-G-15-07459,87.63209830042734,27.718723,0.956944813334619
RGI2000-v7.0-G-15-07460,87.61071143975903,27.727240000000002,0.057219475734588
RGI2000-v7.0-G-15-07461,87.60830483019218,27.7251305,0.097310351049132
RGI2000-v7.0-G-15-07462,87.70640518033176,27.6778135,0.025691808814026
RGI2000-v7.0-G-15-07463,87.78710265860215,27.738694,0.042053362993608
RGI2000-v7.0-G-15-07464,87.79542156886069,27.755868999999997,0.068802444734841
RGI2000-v7.0-G-15-07465,87.7982111361386,27.758364999999998,0.325695725679928
RGI2000-v7.0-G-15-07466,87.8007806292373,27.759902500000003,0.075796218285266
RGI2000-v7.0-G-15-07467,87.80486060728354,27.7635935,0.385462839011002
RGI2000-v7.0-G-15-07468,87.80922563409081,27.765009,0.066038718286054
RGI2000-v7.0-G-15-07469,87.81451219518954,27.7677455,0.098934849717657
RGI2000-v7.0-G-15-07470,87.81208194774037,27.7725385,0.569210467302344
RGI2000-v7.0-G-15-07471,87.81033849064042,27.776196499999998,0.053943389431296
RGI2000-v7.0-G-15-07472,87.8049716508165,27.778345,0.063255141107931
RGI2000-v7.0-G-15-07473,87.80505586363637,27.772115,0.472028576749235
RGI2000-v7.0-G-15-07474,87.81587238225902,27.761397,0.021601960232468
RGI2000-v7.0-G-15-07475,87.8173909123532,27.759556500000002,0.011843649058169
RGI2000-v7.0-G-15-07476,87.822754617513,27.759242999999998,0.039040447588315
RGI2000-v7.0-G-15-07477,87.8179616894869,27.748732500000003,0.043661052069544
RGI2000-v7.0-G-15-07478,87.81715261563878,27.784822,0.280367599055484
RGI2000-v7.0-G-15-07479,87.82039872550797,27.7886905,0.418885643321524
RGI2000-v7.0-G-15-07480,87.81658754917413,27.7941815,0.08527241821052
RGI2000-v7.0-G-15-07481,87.81227603285123,27.7993755,0.162774755931844
RGI2000-v7.0-G-15-07482,87.81260202451358,27.8085235,0.134144706036504
RGI2000-v7.0-G-15-07483,87.80792475999885,27.812378000000002,0.043480801214526
RGI2000-v7.0-G-15-07484,87.80227079617835,27.8136785,0.898003489447391
RGI2000-v7.0-G-15-07485,87.79748224007962,27.8229585,0.043741005257931
RGI2000-v7.0-G-15-07486,87.79324725497018,27.820991499999998,0.0979600194397
RGI2000-v7.0-G-15-07487,87.79163658310023,27.8250215,0.194624449788459
RGI2000-v7.0-G-15-07488,87.79085981991526,27.8317605,0.041900286149136
RGI2000-v7.0-G-15-07489,87.78917950811575,27.83336,0.102769303080914
RGI2000-v7.0-G-15-07490,87.78265592397113,27.830994500000003,1.102562897361544
RGI2000-v7.0-G-15-07491,87.7733659812913,27.839757499999997,0.070181932786838
RGI2000-v7.0-G-15-07492,87.77697111726937,27.8494765,4.11497376565567
RGI2000-v7.0-G-15-07496,87.78252295219124,27.869563999999997,0.058695952218569
RGI2000-v7.0-G-15-07497,87.78005744707207,27.8771735,2.838239592075661
RGI2000-v7.0-G-15-07498,87.79161889587853,27.878659499999998,0.170529520683862
RGI2000-v7.0-G-15-07499,87.79471768726049,27.8761715,0.684850878558264
RGI2000-v7.0-G-15-07500,87.7965749847132,27.866218500000002,0.462872694653667
RGI2000-v7.0-G-15-07501,87.79417492067402,27.8606725,0.091118011909284
RGI2000-v7.0-G-15-07502,87.788880450275,27.8601765,0.234975436882122
RGI2000-v7.0-G-15-07505,87.75043909685284,27.830287,1.702150292981549
RGI2000-v7.0-G-15-07528,87.792687584503,27.899711,0.413409511670465
RGI2000-v7.0-G-15-07530,87.81579703402184,27.918616,0.175196318999935
RGI2000-v7.0-G-15-07531,87.81956150395132,27.919523499999997,0.192368918102862
RGI2000-v7.0-G-15-07532,87.82479837135321,27.9149545,0.320077194495724
RGI2000-v7.0-G-15-07533,87.82833403591191,27.92179,0.085274406738495
RGI2000-v7.0-G-15-07542,87.83507456172839,27.946283,0.793127691573466
RGI2000-v7.0-G-15-07813,88.08237197380953,27.5922795,0.350747707779094
RGI2000-v7.0-G-15-07814,88.0760579933751,27.578079000000002,0.250386297403304
RGI2000-v7.0-G-15-07815,88.07238941536639,27.576963499999998,0.114581330586894
RGI2000-v7.0-G-15-07816,88.07183468566775,27.5750075,0.054666415694485
RGI2000-v7.0-G-15-07817,88.07882537418223,27.5745315,0.226014835195538
RGI2000-v7.0-G-15-07818,88.0698736348054,27.567968,2.488967298920858
RGI2000-v7.0-G-15-07819,88.07667345753481,27.563374500000002,0.07158190916571
RGI2000-v7.0-G-15-07820,88.07544198985138,27.557191,0.146219092832399
RGI2000-v7.0-G-15-07828,88.06385854978586,27.5488575,1.397009277557471
RGI2000-v7.0-G-15-07829,88.05505404001846,27.554275,0.861237061780846
RGI2000-v7.0-G-15-07830,88.05134419446946,27.558453,0.12633138624255
RGI2000-v7.0-G-15-07831,88.04651921096774,27.5572705,0.169071521505959
RGI2000-v7.0-G-15-07832,88.04240515935484,27.552559000000002,0.016448009978401
RGI2000-v7.0-G-15-07833,88.03908012764852,27.5536585,0.031482298504555
RGI2000-v7.0-G-15-07834,88.03521917516017,27.556538,0.125922233480067
RGI2000-v7.0-G-15-07835,88.03214929862938,27.554855,0.040438720619644
RGI2000-v7.0-G-15-07836,88.02829158944954,27.553514,0.138470494243437
RGI2000-v7.0-G-15-07837,88.03935665290253,27.5584925,0.078844656214109
RGI2000-v7.0-G-15-07838,88.05186012017543,27.564567,0.19747251660659
RGI2000-v7.0-G-15-07839,88.05767334206989,27.537072,0.119857594806864
RGI2000-v7.0-G-15-07840,88.05843555085653,27.534170500000002,0.167325275280501
RGI2000-v7.0-G-15-07841,88.06263016316944,27.528118,0.068340771879628
RGI2000-v7.0-G-15-07842,88.06557491079059,27.5285275,0.04171367122693
RGI2000-v7.0-G-15-07843,88.01605705010121,27.5574255,0.047367485140612
RGI2000-v7.0-G-15-07844,87.98094564078498,27.5966085,0.165017009608734
RGI2000-v7.0-G-15-07845,87.9822061113739,27.598814500000003,0.232103992481474
RGI2000-v7.0-G-15-07846,87.97609483505154,27.600878,0.283922347446912
RGI2000-v7.0-G-15-07847,87.97036280242463,27.6021035,0.393005022980189
RGI2000-v7.0-G-15-07848,87.9677589516129,27.6068325,0.031558246151397
RGI2000-v7.0-G-15-07849,87.98181779978586,27.608401,0.20832955949523
RGI2000-v7.0-G-15-07850,87.99311343127133,27.6139195,0.146647855840837
RGI2000-v7.0-G-15-07851,87.99650601458629,27.612139,0.035708234921808
RGI2000-v7.0-G-15-07852,88.00394368577327,27.6138515,0.330015889387291
RGI2000-v7.0-G-15-07853,87.99927045155471,27.620914,0.372681879862395
RGI2000-v7.0-G-15-07854,87.99176422957692,27.6181525,0.473965416732741
RGI2000-v7.0-G-15-07855,88.01356486699164,27.618380000000002,0.278608599354638
RGI2000-v7.0-G-15-07856,88.01080166709401,27.6289095,1.018300857814797
RGI2000-v7.0-G-15-07857,88.0279244751773,27.619772,0.342481890480271
RGI2000-v7.0-G-15-07858,88.03248705400455,27.6129325,0.237678981839351
RGI2000-v7.0-G-15-07859,88.0363710397662,27.611293,0.035055191915071
RGI2000-v7.0-G-15-07860,88.03783350404764,27.615749,0.490198324652866
RGI2000-v7.0-G-15-07861,88.04519385196534,27.6317515,3.524911486599624
RGI2000-v7.0-G-15-07862,88.05475294146136,27.638632,0.193010900339766
RGI2000-v7.0-G-15-07863,88.04529666909976,27.646832,0.116678837386368
RGI2000-v7.0-G-15-07864,88.04218832998458,27.66814,0.08007366841243
RGI2000-v7.0-G-15-07865,88.07318902,27.6682355,0.254890082182661
RGI2000-v7.0-G-15-07866,88.08863261566724,27.6412345,0.309662739925001
RGI2000-v7.0-G-15-07867,88.09434178921133,27.6411655,0.069975810244872
RGI2000-v7.0-G-15-07868,88.10155514390355,27.647489999999998,64.34973379276242
RGI2000-v7.0-G-15-07884,88.1877770479808,27.806635,0.078054427551126
RGI2000-v7.0-G-15-07885,88.17672168916619,27.79938,84.50400413375039
RGI2000-v7.0-G-15-07886,88.14954175300176,27.767658,0.034219022233382
RGI2000-v7.0-G-15-07887,88.12547908942588,27.796738,0.051210108622797
RGI2000-v7.0-G-15-07888,88.12275666252332,27.800234,0.699895359805155
RGI2000-v7.0-G-15-07889,88.11792700149253,27.813038,0.059956785230094
RGI2000-v7.0-G-15-07890,88.11546455430516,27.813905,0.031801348056491
RGI2000-v7.0-G-15-07891,88.10889668082191,27.8107885,1.801455504258712
RGI2000-v7.0-G-15-07892,88.09916588538795,27.814774,2.276151521128426
RGI2000-v7.0-G-15-07893,88.08934202947711,27.811687999999997,0.02707837774805
RGI2000-v7.0-G-15-07894,88.0842927947889,27.812573,0.808047500912419
RGI2000-v7.0-G-15-07895,88.07451386616702,27.806815999999998,0.024999821008409
RGI2000-v7.0-G-15-07896,88.06751044494375,27.8084785,0.067301887803724
RGI2000-v7.0-G-15-07897,88.05646614504717,27.83724,0.277797572626493
RGI2000-v7.0-G-15-07898,88.06112532826208,27.841386,0.763870289160108
RGI2000-v7.0-G-15-07899,88.05643859377136,27.843952,0.196314591941448
RGI2000-v7.0-G-15-07900,88.06170879329328,27.8480425,0.071829874230624
RGI2000-v7.0-G-15-07901,88.07070427827858,27.84715,1.61794055311815
RGI2000-v7.0-G-15-07902,88.06060755407469,27.856271,6.60016025569658
RGI2000-v7.0-G-15-07903,88.04645487002178,27.8635915,0.382930685482517
RGI2000-v7.0-G-15-07904,88.04325798759328,27.8597525,0.05821803249852
RGI2000-v7.0-G-15-07905,88.03925197422996,27.860931,0.209815048526098
RGI2000-v7.0-G-15-07906,88.03615908771377,27.863847,0.061989704435727
RGI2000-v7.0-G-15-07907,88.03943134213281,27.865635,0.074976870632695
RGI2000-v7.0-G-15-07908,88.04115009254505,27.878548000000002,0.030041983453171
RGI2000-v7.0-G-15-07909,88.04320189382726,27.885337,0.024498513275929
RGI2000-v7.0-G-15-07910,88.03684289164494,27.88565,4.518869865970967
RGI2000-v7.0-G-15-07911,88.0229720317077,27.8825005,0.617002838971133
RGI2000-v7.0-G-15-07912,88.02479309796573,27.877866500000003,0.157204785127307
RGI2000-v7.0-G-15-07913,88.0201241360181,27.8883235,0.297448952795642
RGI2000-v7.0-G-15-07914,88.01606394995818,27.8909965,0.813233095633915
RGI2000-v7.0-G-15-07915,88.00716152772299,27.892668,1.114361644079176
RGI2000-v7.0-G-15-07916,87.99651516028807,27.888232000000002,0.180318105751677
RGI2000-v7.0-G-15-07917,87.98974968454935,27.885534,0.085782516878083
RGI2000-v7.0-G-15-07939,87.91112796492615,27.9097565,1.281346865837522
RGI2000-v7.0-G-15-07943,87.86048,27.9367645,0.055172476572319
RGI2000-v7.0-G-15-07944,87.85109519121778,27.935356,4.016578975928589
RGI2000-v7.0-G-15-07945,87.84768437076849,27.9219515,0.611700236259589
RGI2000-v7.0-G-15-07946,87.85909128552632,27.916491,1.371073751862286
RGI2000-v7.0-G-15-07947,87.83677061266158,27.901428000000003,3.34229946053953
RGI2000-v7.0-G-15-07948,87.84732349990614,27.883939499999997,0.333420410200398
RGI2000-v7.0-G-15-07949,87.85234137778691,27.885739,0.403472282490737
RGI2000-v7.0-G-15-07950,87.86261156584821,27.890388,0.069963708262864
RGI2000-v7.0-G-15-07951,87.87440745618474,27.892984,0.517951079024033
RGI2000-v7.0-G-15-07952,87.88619184122398,27.8916365,7.070544382414439
RGI2000-v7.0-G-15-07953,87.89638502388536,27.887596000000002,0.668502431273444
RGI2000-v7.0-G-15-07954,87.91365488229133,27.8868355,11.586571941072577
RGI2000-v7.0-G-15-07955,87.92186650237379,27.867709,0.895542794489604
RGI2000-v7.0-G-15-07956,87.92239862654799,27.859133,0.640076558276174
RGI2000-v7.0-G-15-07957,87.9526255,27.8493425,0.130062862141272
RGI2000-v7.0-G-15-07958,87.95822927702469,27.8572135,0.057744821319225
RGI2000-v7.0-G-15-07959,87.96013609711264,27.8605525,0.129823991471695
RGI2000-v7.0-G-15-07960,87.96189625,27.8728475,4.903162712657558
RGI2000-v7.0-G-15-07961,87.96156970424391,27.88405,0.077635744295445
RGI2000-v7.0-G-15-07962,87.95159953332448,27.8882315,9.185503758421381
RGI2000-v7.0-G-15-08045,88.05147249152543,27.8850365,3.369698711209547
RGI2000-v7.0-G-15-08046,88.06133429151922,27.8829655,0.390578689661444
RGI2000-v7.0-G-15-08047,88.10772271153846,27.86537,1.366156460931776
RGI2000-v7.0-G-15-08048,88.11524929769392,27.846165,0.508601877778097
RGI2000-v7.0-G-15-08049,88.09511424107339,27.8410725,9.060849941934416
RGI2000-v7.0-G-15-08050,88.0991377768498,27.829279,0.26368913310713
RGI2000-v7.0-G-15-08051,88.0945754701825,27.774229,0.121117445626268
RGI2000-v7.0-G-15-08052,88.0952615,27.7697665,0.194226089227329
RGI2000-v7.0-G-15-08053,88.10120928245685,27.771794,0.257729366636584
RGI2000-v7.0-G-15-08054,88.10691066158537,27.772118499999998,0.245569510561651
RGI2000-v7.0-G-15-08055,88.0999354264856,27.7580615,2.859043418304922
RGI2000-v7.0-G-15-08056,88.10867638217287,27.7535475,0.284024603303382
RGI2000-v7.0-G-15-08057,88.08806529150003,27.752371500000002,0.808204306312331
RGI2000-v7.0-G-15-08058,88.07972304754652,27.758191500000002,1.212603333476199
RGI2000-v7.0-G-15-08059,88.07143958377424,27.7613745,1.787567295042633
RGI2000-v7.0-G-15-08060,88.06088811354883,27.764874,0.669598077032164
RGI2000-v7.0-G-15-08061,88.0642757707627,27.773628000000002,0.66793557198277
RGI2000-v7.0-G-15-08062,88.07607256992567,27.7777975,0.118357013288271
RGI2000-v7.0-G-15-08063,88.07976414027763,27.77494,0.064118615244284
RGI2000-v7.0-G-15-08064,88.08385466981133,27.7728635,0.434179183801311
RGI2000-v7.0-G-15-08065,88.04774322671307,27.7707975,0.012352181037881
RGI2000-v7.0-G-15-08066,88.04142166721854,27.7461765,0.075123458344122
RGI2000-v7.0-G-15-08067,88.03877580957342,27.739047499999998,0.71612252333241
RGI2000-v7.0-G-15-08068,88.03790563005919,27.7343565,1.617020519481043
RGI2000-v7.0-G-15-08069,88.04376955800726,27.7321495,0.094895096729455
RGI2000-v7.0-G-15-08070,88.04777248072824,27.7325655,0.100145105894303
RGI2000-v7.0-G-15-08071,88.05389440446842,27.734068999999998,0.032324891582582
RGI2000-v7.0-G-15-08072,88.05351277294167,27.742413499999998,0.114938733051796
RGI2000-v7.0-G-15-08073,88.05229213163756,27.723186,0.933337680612083
RGI2000-v7.0-G-15-08074,88.05061040661644,27.714086,0.37399218395156
RGI2000-v7.0-G-15-08075,88.05960670353214,27.71588,0.675353214084353
RGI2000-v7.0-G-15-08076,88.06746354545456,27.715913999999998,0.152484549022558
RGI2000-v7.0-G-15-08077,88.08395799372477,27.733621,11.894177452923897
RGI2000-v7.0-G-15-08078,88.10296730668736,27.7321245,0.097665613691934
RGI2000-v7.0-G-15-08079,88.11866903378247,27.7132365,4.216974257982966
RGI2000-v7.0-G-15-08080,88.03703505122124,27.703740000000003,8.282828531057108
RGI2000-v7.0-G-15-08081,88.02058034888549,27.688775,1.184991253942356
RGI2000-v7.0-G-15-08082,88.01126441881014,27.689799999999998,0.08021020912907
RGI2000-v7.0-G-15-08083,88.00697705311207,27.690185,0.161990813750784
RGI2000-v7.0-G-15-08084,88.00773174513122,27.685017000000002,0.172807476057876
RGI2000-v7.0-G-15-08085,88.01077142806561,27.694981499999997,0.249260215934635
RGI2000-v7.0-G-15-08086,88.00073060377358,27.6952,0.508766348207648
RGI2000-v7.0-G-15-08087,87.98840782608696,27.693199,0.141302019354548
RGI2000-v7.0-G-15-08088,87.98274755291351,27.691535000000002,0.433583163697335
RGI2000-v7.0-G-15-08089,87.98973771306208,27.687131,0.021457795582739
RGI2000-v7.0-G-15-08090,87.99212058632025,27.686472000000002,0.036438274543296
RGI2000-v7.0-G-15-08091,87.98335116291497,27.6745215,2.292611057916219
RGI2000-v7.0-G-15-08092,87.98081140128313,27.666774,0.110496276682508
RGI2000-v7.0-G-15-08093,87.97498254565218,27.6649475,0.662562890528184
RGI2000-v7.0-G-15-08094,87.98092850610067,27.6587925,0.184886899769766
RGI2000-v7.0-G-15-08095,87.97548671358831,27.656827999999997,0.060551523045278
RGI2000-v7.0-G-15-08096,87.96609603414635,27.6556575,0.024618477224496
RGI2000-v7.0-G-15-08097,87.98958406457876,27.6538775,0.121046155215739
RGI2000-v7.0-G-15-08098,87.99509851409277,27.657007999999998,0.670250023765026
RGI2000-v7.0-G-15-08099,88.00125559010644,27.662336,0.45849996383216
RGI2000-v7.0-G-15-08100,88.00967580555556,27.666812,0.021841032733316
RGI2000-v7.0-G-15-08101,88.01115864261232,27.666902,0.892388036993054
RGI2000-v7.0-G-15-08102,88.01423298169796,27.6556675,12.360253046191406
RGI2000-v7.0-G-15-08103,88.01952176969456,27.7216415,0.041893301429813
RGI2000-v7.0-G-15-08104,88.02371983779193,27.7255715,0.544250760301228
RGI2000-v7.0-G-15-08105,88.01458138600853,27.727197,0.631802754136387
RGI2000-v7.0-G-15-08106,88.01147144968553,27.7343515,0.490218858735304
RGI2000-v7.0-G-15-08107,88.00781405453726,27.737092500000003,0.028533357099545
RGI2000-v7.0-G-15-08108,88.00400031484901,27.736266,0.080384430469042
RGI2000-v7.0-G-15-08109,88.00464459925618,27.741844,0.06460128371637
RGI2000-v7.0-G-15-08110,88.01081678418184,27.742216,0.092091838933615
RGI2000-v7.0-G-15-08111,88.01572169867623,27.745252999999998,0.329705603016031
RGI2000-v7.0-G-15-08112,88.0214768673036,27.7486285,0.794556847231484
RGI2000-v7.0-G-15-08113,88.02541977777778,27.752944,0.147779368217223
RGI2000-v7.0-G-15-08114,88.02824444991847,27.748261999999997,0.133286472115497
RGI2000-v7.0-G-15-08115,88.0169586749788,27.738715,0.017257667493926
RGI2000-v7.0-G-15-08116,88.02219109251703,27.735228499999998,0.466290273513883
RGI2000-v7.0-G-15-08117,88.0093264599856,27.7565465,0.50574943933285
RGI2000-v7.0-G-15-08118,87.97589543200837,27.767482,0.037830279654383
RGI2000-v7.0-G-15-08119,87.96643592721261,27.7756395,0.134626330149865
RGI2000-v7.0-G-15-08120,87.9647998890641,27.784222,0.590090617496342
RGI2000-v7.0-G-15-08121,87.9586552991453,27.794024,1.459265358105295
RGI2000-v7.0-G-15-08122,87.95307724841788,27.8015085,2.752837020514296
RGI2000-v7.0-G-15-08123,87.94946024560464,27.811006,0.041123585037996
RGI2000-v7.0-G-15-08124,87.95315457828096,27.819678500000002,1.185845834377917
RGI2000-v7.0-G-15-08125,87.95841758008474,27.8194735,0.584194156272678
RGI2000-v7.0-G-15-08126,87.96361399882785,27.8220305,3.15671018516908
RGI2000-v7.0-G-15-08127,87.97197273376624,27.8081465,1.457354399188051
RGI2000-v7.0-G-15-08128,87.97943337893759,27.803076500000003,0.09910549641801
RGI2000-v7.0-G-15-08129,87.98149504813207,27.804465,0.029568441413409
RGI2000-v7.0-G-15-08130,87.98195887100083,27.8016035,0.018657751077986
RGI2000-v7.0-G-15-08131,87.98479219444445,27.804102999999998,0.066886600242288
RGI2000-v7.0-G-15-08132,87.98590142965367,27.800036499999997,0.199649157737004
RGI2000-v7.0-G-15-08133,87.98177897044047,27.7960335,0.06464142113667
RGI2000-v7.0-G-15-08134,87.98487826754882,27.792785000000002,0.126172113562192
RGI2000-v7.0-G-15-08135,87.98775053961457,27.790640000000003,0.038208311761219
RGI2000-v7.0-G-15-08136,87.98848172016018,27.791513000000002,0.015326072355364
RGI2000-v7.0-G-15-08137,88.0048299621294,27.8078285,0.707613568800721
RGI2000-v7.0-G-15-08138,88.00054103692307,27.815059,0.089741528224074
RGI2000-v7.0-G-15-08139,88.00716816385571,27.817708500000002,0.17943874642676
RGI2000-v7.0-G-15-08140,87.99529071854353,27.820114,0.069114162396476
RGI2000-v7.0-G-15-08141,87.98790073154815,27.816688499999998,2.711952228612998
RGI2000-v7.0-G-15-08142,87.99896867260648,27.8267855,0.777174105916515
RGI2000-v7.0-G-15-08143,88.00330449318994,27.831469,0.071728700889735
RGI2000-v7.0-G-15-08144,88.00706397253256,27.842418000000002,1.912792382248304
RGI2000-v7.0-G-15-08145,88.01160370160422,27.8486275,0.102663377702248
RGI2000-v7.0-G-15-08146,88.01607191705077,27.85329,0.18662852902277
RGI2000-v7.0-G-15-08147,88.0119652306867,27.85491,0.028347173212661
RGI2000-v7.0-G-15-08148,88.02128772222223,27.839028,0.099191940682317
RGI2000-v7.0-G-15-08149,88.01820126565846,27.837647,0.085540625139413
RGI2000-v7.0-G-15-08150,88.02561060881104,27.837136,0.100018813595001
RGI2000-v7.0-G-15-08151,88.02445355233232,27.833559,0.024006281355003
RGI2000-v7.0-G-15-08152,88.02192490634482,27.829347499999997,0.505770786613887
RGI2000-v7.0-G-15-08153,87.98417670881469,27.841787,4.265304369121259
RGI2000-v7.0-G-15-08154,87.98451240072639,27.8474615,0.217009995077282
RGI2000-v7.0-G-15-08155,87.9813730133187,27.8518125,0.679386387754556
RGI2000-v7.0-G-15-08156,87.97693975104603,27.849154,0.080456429255312
RGI2000-v7.0-G-15-08157,87.98170041467306,27.8651415,11.648860305973816
RGI2000-v7.0-G-15-08158,87.98042471367913,27.8308395,1.489413812158332
RGI2000-v7.0-G-15-08159,87.9408208688253,27.8197115,1.527610766884974
RGI2000-v7.0-G-15-08160,87.9350172970176,27.824721500000003,0.224242612707542
RGI2000-v7.0-G-15-08161,87.93007917212068,27.823009,1.03835309141337
RGI2000-v7.0-G-15-08162,87.93679617069604,27.813382500000003,0.070993224975795
RGI2000-v7.0-G-15-08163,87.92999693905406,27.8054265,2.007279744694829
RGI2000-v7.0-G-15-08164,87.9191915512988,27.804617,1.941185325185904
RGI2000-v7.0-G-15-08165,87.91223148460085,27.8010805,0.555041983002701
RGI2000-v7.0-G-15-08166,87.90876841100906,27.803539,0.610604628142073
RGI2000-v7.0-G-15-08167,87.90381925913242,27.803775,0.18657524358884
RGI2000-v7.0-G-15-08168,87.90464753291536,27.80848,0.176518071001248
RGI2000-v7.0-G-15-08169,87.90341615843698,27.815452999999998,0.307967864178638
RGI2000-v7.0-G-15-08170,87.89631895903483,27.8089425,0.127259579557959
RGI2000-v7.0-G-15-08171,87.91512525018004,27.8221135,0.62052569193346
RGI2000-v7.0-G-15-08172,87.91695427181983,27.789487,0.818279897595452
RGI2000-v7.0-G-15-08173,87.91110248749888,27.787000499999998,0.875299825505263
RGI2000-v7.0-G-15-08174,87.90627287147308,27.775073499999998,1.080115216527815
RGI2000-v7.0-G-15-08175,87.9003872582995,27.775347,0.157254735738103
RGI2000-v7.0-G-15-08176,87.88971474090047,27.764611000000002,4.430959371589426
RGI2000-v7.0-G-15-08177,87.89804246894622,27.752495,0.193870189555555
RGI2000-v7.0-G-15-08178,87.9040929057984,27.7471435,0.333478851043046
RGI2000-v7.0-G-15-08179,87.90104123607588,27.740777,2.394103599569581
RGI2000-v7.0-G-15-08180,87.89048337910975,27.732848,0.08082512329619
RGI2000-v7.0-G-15-08181,87.89852995315971,27.7187325,2.055972562491279
RGI2000-v7.0-G-15-08182,87.90949259240935,27.7244165,0.502494139812395
RGI2000-v7.0-G-15-08183,87.9129759993857,27.727149,0.290085934042399
RGI2000-v7.0-G-15-08184,87.91500130298738,27.73169,0.834090619631628
RGI2000-v7.0-G-15-08185,87.91790536728152,27.744402,0.052109871147985
RGI2000-v7.0-G-15-08186,87.92108983333333,27.751187,0.096865273092522
RGI2000-v7.0-G-15-08187,87.92972650785406,27.754473,0.812903565726734
RGI2000-v7.0-G-15-08188,87.93178012414359,27.749595499999998,0.261890746079446
RGI2000-v7.0-G-15-08189,87.93337161828646,27.74382,0.648907164156074
RGI2000-v7.0-G-15-08190,87.92995979007007,27.740895000000002,1.197314901692214
RGI2000-v7.0-G-15-08191,87.93462894021738,27.736113500000002,0.041051951639426
RGI2000-v7.0-G-15-08192,87.91823449646122,27.7177665,0.684955153456834
RGI2000-v7.0-G-15-08193,87.92318993555779,27.714081,0.383823032136156
RGI2000-v7.0-G-15-08194,87.92726781782946,27.7111925,0.177872356211309
RGI2000-v7.0-G-15-08195,87.91862336986301,27.703728499999997,1.869132832213275
RGI2000-v7.0-G-15-08196,87.921535,27.696126,0.055097754700781
RGI2000-v7.0-G-15-08197,87.90600503127061,27.6924165,1.553377217224654
RGI2000-v7.0-G-15-08198,87.9046729102046,27.70438,0.292875015406461
RGI2000-v7.0-G-15-08199,87.87022765221775,27.727838,0.037126810325271
RGI2000-v7.0-G-15-08200,87.872462795406,27.737339499999997,0.019555873414965
RGI2000-v7.0-G-15-08201,87.92781940062562,27.764669499999997,0.876045358399457
RGI2000-v7.0-G-15-08202,87.93293233612945,27.761575999999998,0.279255042970519
RGI2000-v7.0-G-15-08203,87.92350268418942,27.7795305,1.643499245334024
RGI2000-v7.0-G-15-08204,87.87410302873563,27.8538465,0.2022056821339
RGI2000-v7.0-G-15-08205,87.87482649233716,27.8602835,0.052700379096634
RGI2000-v7.0-G-15-08206,87.87888401029448,27.864838499999998,0.016766103953805
RGI2000-v7.0-G-15-08207,87.88549887131519,27.871457499999998,0.20362270007748
RGI2000-v7.0-G-15-08208,87.82226471602928,27.831657,0.161496954241564
RGI2000-v7.0-G-15-08209,87.82069169541283,27.826573,0.061271441708034
RGI2000-v7.0-G-15-08210,87.82507481113537,27.826347,0.122905757353887
RGI2000-v7.0-G-15-08211,87.82714534469633,27.8204865,0.116338880981802
RGI2000-v7.0-G-15-08212,87.82589941522677,27.8161865,0.095215995318154
RGI2000-v7.0-G-15-08213,87.82083655825242,27.813778499999998,0.490046784558774
RGI2000-v7.0-G-15-08214,87.81599237234043,27.818785,0.299915680439396
RGI2000-v7.0-G-15-08215,87.81776329625669,27.821723,0.103563735415247
RGI2000-v7.0-G-15-08216,87.78556040645019,27.813608,4.345826914890953
RGI2000-v7.0-G-15-08217,87.78594618298432,27.8082105,0.130604750269981
RGI2000-v7.0-G-15-08218,87.79182143716024,27.796883,5.109152969604082
RGI2000-v7.0-G-15-08219,87.79602279187577,27.789111499999997,0.219839899140154
RGI2000-v7.0-G-15-08220,87.76851538560341,27.7984315,2.0946262880523
RGI2000-v7.0-G-15-08221,87.7631199476636,27.7905845,0.052813942405553
RGI2000-v7.0-G-15-08222,87.7657547554856,27.785384999999998,0.067231874142965
RGI2000-v7.0-G-15-08223,87.7680065593849,27.823269,1.778486806759145
RGI2000-v7.0-G-15-08224,87.75789548727661,27.8262425,0.409459362787739
RGI2000-v7.0-G-15-08227,87.72172381486969,27.8048885,0.063453157883137
RGI2000-v7.0-G-15-08228,87.71857697077922,27.804547,0.050148735402939
RGI2000-v7.0-G-15-08229,87.72115950423729,27.799782,0.123757138839253
RGI2000-v7.0-G-15-08230,87.69672818129435,27.808454,0.274425576713906
RGI2000-v7.0-G-15-08287,86.86328249333333,28.024115000000002,0.013282500029878
RGI2000-v7.0-G-15-08289,86.84623830649352,28.014584499999998,0.020320899775972
RGI2000-v7.0-G-15-08290,86.84354255338653,28.012096,0.094864192676322
RGI2000-v7.0-G-15-08291,86.84193928495793,28.0095995,0.052349939105905
RGI2000-v7.0-G-15-08292,86.83479692913961,28.0093665,0.611424538259916
RGI2000-v7.0-G-15-08293,86.83179679056123,28.004733,0.389643194549565
RGI2000-v7.0-G-15-08294,86.82143582050901,28.0027635,0.260647501190235
RGI2000-v7.0-G-15-08295,86.81193519817316,27.9960955,14.581405967572152
RGI2000-v7.0-G-15-08296,86.79607977575361,27.9957075,0.043655544890574
RGI2000-v7.0-G-15-08297,86.77325461414668,27.9973465,0.012283852896752
RGI2000-v7.0-G-15-08298,86.7701814922292,27.9908195,0.018643913600486
RGI2000-v7.0-G-15-08299,86.76813188769961,28.0084975,14.521175925921392
RGI2000-v7.0-G-15-08300,86.75255564391982,28.036206,1.163710741229093
RGI2000-v7.0-G-15-08301,86.73083587078747,28.0076645,0.148734995263633
RGI2000-v7.0-G-15-08302,86.72713803055377,27.983552500000002,0.442977680335295
RGI2000-v7.0-G-15-08303,86.73259829506438,27.982166,0.201386061766706
RGI2000-v7.0-G-15-08304,86.74654758403362,27.977696,0.310139625654309
RGI2000-v7.0-G-15-08305,86.70653252466934,28.022550000000003,70.1537619292569
RGI2000-v7.0-G-15-08306,86.69890266254696,28.046969,0.445891037015797
RGI2000-v7.0-G-15-08307,86.74357206411638,28.090895500000002,0.056004946276423
RGI2000-v7.0-G-15-08308,86.74705608259666,28.090128999999997,0.292865320482317
RGI2000-v7.0-G-15-08331,86.90491858135596,27.976805,26.35023378900643
RGI2000-v7.0-G-15-08332,86.92989780977052,27.981075500000003,0.605395314122982
RGI2000-v7.0-G-15-08333,86.93050302533334,27.971937,0.061652512819256
RGI2000-v7.0-G-15-08334,86.94959374999999,27.954125,0.339847008713389
RGI2000-v7.0-G-15-08335,87.00146675052744,27.9542095,0.050997154815896
RGI2000-v7.0-G-15-08336,86.78947008230722,27.898421,0.17406465030525
RGI2000-v7.0-G-15-08337,86.7809371787078,27.8952945,0.383203560745963
RGI2000-v7.0-G-15-08338,86.77402056683069,27.900115,0.030533718148862
RGI2000-v7.0-G-15-08339,86.77190798719377,27.906005,0.070743245404561
RGI2000-v7.0-G-15-08340,86.76668149604743,27.9034955,0.302735670401805
RGI2000-v7.0-G-15-08341,86.76798717483297,27.910521000000003,0.065638865495204
RGI2000-v7.0-G-15-08342,86.75615005467296,27.908571000000002,0.409413113364241
RGI2000-v7.0-G-15-08343,86.75544318910892,27.9011455,0.150652557540615
RGI2000-v7.0-G-15-08344,86.75573093792651,27.8930205,0.016827171286891
RGI2000-v7.0-G-15-08345,86.76844560858586,27.889712,0.210377522548403
RGI2000-v7.0-G-15-08346,86.7830660311111,27.906515,0.620880219444928
RGI2000-v7.0-G-15-08347,86.804711,27.807706,0.288063922321466
RGI2000-v7.0-G-15-08348,86.81076058240535,27.808753,0.098179666158338
RGI2000-v7.0-G-15-08349,86.81631061581027,27.8069075,0.169013177503467
RGI2000-v7.0-G-15-08350,86.8231688396347,27.800891999999997,1.060956698900964
RGI2000-v7.0-G-15-08351,86.82624490996598,27.791813,0.548992754568568
RGI2000-v7.0-G-15-08352,86.82939713082274,27.784911,0.603136115361507
RGI2000-v7.0-G-15-08353,86.83401973182958,27.778006,4.660532512330067
RGI2000-v7.0-G-15-08354,86.8173280393873,27.775284,0.066051328595634
RGI2000-v7.0-G-15-08355,86.81434280769231,27.7780195,0.108784509477487
RGI2000-v7.0-G-15-08356,86.79899053421072,27.776359,3.306064742884749
RGI2000-v7.0-G-15-08357,86.78405012300115,27.7832485,0.022205325444686
RGI2000-v7.0-G-15-08358,86.77604261033284,27.782505999999998,0.225638295247872
RGI2000-v7.0-G-15-08359,86.77700429625855,27.7758845,0.043028853210909
RGI2000-v7.0-G-15-08360,86.77829886904762,27.771365000000003,0.105890522033826
RGI2000-v7.0-G-15-08361,86.79164174346583,27.791798,0.521346829425606
RGI2000-v7.0-G-15-08362,86.79984746591063,27.792622,0.056039527761668
RGI2000-v7.0-G-15-08363,86.79668243192529,27.7998025,1.143492817798608
RGI2000-v7.0-G-15-08364,86.77596726169548,27.795892000000002,0.079661030807598
RGI2000-v7.0-G-15-08365,86.76999113664007,27.7994475,0.261633872526063
RGI2000-v7.0-G-15-08366,86.82510563624722,27.8128435,0.088983865710563
RGI2000-v7.0-G-15-08367,86.8310860235849,27.812964,0.027157948035909
RGI2000-v7.0-G-15-08368,86.8336837562876,27.8139875,0.016837142160399
RGI2000-v7.0-G-15-08369,86.8388149549543,27.813141,0.081890737339929
RGI2000-v7.0-G-15-08370,86.83919192297756,27.8174405,0.063961494551431
RGI2000-v7.0-G-15-08371,86.83208376646695,27.8077915,0.411489335207548
RGI2000-v7.0-G-15-08372,86.85497220142737,27.769797,0.025657264824008
RGI2000-v7.0-G-15-08373,86.85154953084688,27.7683195,0.030522625228288
RGI2000-v7.0-G-15-08374,86.85335944933185,27.7587825,0.089670969637824
RGI2000-v7.0-G-15-08375,86.85241966348471,27.75425,0.09636487674
RGI2000-v7.0-G-15-08376,86.85683158102766,27.752579,0.20555359636679
RGI2000-v7.0-G-15-08377,86.83016242375886,27.748176,0.272905583271665
RGI2000-v7.0-G-15-08378,86.82005483531287,27.7460895,0.051829083692831
RGI2000-v7.0-G-15-08379,86.82003964638261,27.7531085,0.058461211253366
RGI2000-v7.0-G-15-08380,86.81326197629309,27.75063,0.040234245127854
RGI2000-v7.0-G-15-08381,86.80720532451403,27.7510205,0.059481821547397
RGI2000-v7.0-G-15-08382,86.81196534576094,27.745317999999997,0.292474098750757
RGI2000-v7.0-G-15-08383,86.80521614848811,27.7397245,0.474107047001591
RGI2000-v7.0-G-15-08384,86.79740634341253,27.737507,0.179755214649708
RGI2000-v7.0-G-15-08385,86.79318219640504,27.7354475,0.322841257658264
RGI2000-v7.0-G-15-08386,86.80053297716206,27.7307435,0.342871277966214
RGI2000-v7.0-G-15-08387,86.79841086825911,27.7252355,1.408437830450583
RGI2000-v7.0-G-15-08388,86.79590728771552,27.718273,0.366440106001632
RGI2000-v7.0-G-15-08389,86.79359857150357,27.7140145,0.026613168240141
RGI2000-v7.0-G-15-08390,86.79314653159145,27.710628,0.152012330455117
RGI2000-v7.0-G-15-08391,86.78754475793727,27.717804,0.305255940212352
RGI2000-v7.0-G-15-08392,86.7801791647001,27.705617,0.070046658678712
RGI2000-v7.0-G-15-08393,86.77696334223072,27.7009795,0.023145705557336
RGI2000-v7.0-G-15-08394,86.78647034572849,27.700916499999998,0.311191212089688
RGI2000-v7.0-G-15-08395,86.7839584535946,27.6952335,0.142189778455618
RGI2000-v7.0-G-15-08396,86.78641412095689,27.69361,0.106158764134546
RGI2000-v7.0-G-15-08397,86.78760504512579,27.6881085,0.107764244248509
RGI2000-v7.0-G-15-08398,86.79148268968379,27.687834,0.107443394731661
RGI2000-v7.0-G-15-08399,86.78897586870696,27.6819,0.143557029597196
RGI2000-v7.0-G-15-08400,86.7844449612555,27.6859705,0.013074121998596
RGI2000-v7.0-G-15-08401,86.78219210469406,27.7326115,0.022034831793172
RGI2000-v7.0-G-15-08402,86.79375992188267,27.7463635,0.29601302103452
RGI2000-v7.0-G-15-08403,86.81912973267984,27.764187,0.125210298677317
RGI2000-v7.0-G-15-08404,86.8294630367455,27.7607295,3.212939502401158
RGI2000-v7.0-G-15-08405,86.66193096540178,27.7696435,0.10457265316303
RGI2000-v7.0-G-15-08406,86.65620231214149,27.771221,0.277644828881659
RGI2000-v7.0-G-15-08407,86.64579919136605,27.774894500000002,0.038331216752546
RGI2000-v7.0-G-15-08408,86.64727160288066,27.786186999999998,1.073115076341489
RGI2000-v7.0-G-15-08409,86.63830873817332,27.7864485,0.036714682007683
RGI2000-v7.0-G-15-08410,86.63300574428682,27.794258499999998,0.594597382959894
RGI2000-v7.0-G-15-08411,86.62970164559565,27.793318,0.166899656951977
RGI2000-v7.0-G-15-08412,86.61412934810497,27.80085,0.110846791646293
RGI2000-v7.0-G-15-08413,86.61058825478469,27.7993205,0.222530488367203
RGI2000-v7.0-G-15-08414,86.60714035459182,27.7967255,0.77789840554475
RGI2000-v7.0-G-15-08415,86.6012279638866,27.7956955,0.65540354692029
RGI2000-v7.0-G-15-08416,86.5869673126642,27.7954955,3.071967162839738
RGI2000-v7.0-G-15-08417,86.57140647272641,27.808904499999997,0.296918890044511
RGI2000-v7.0-G-15-08418,86.56807422727273,27.819188,0.54654378920223
RGI2000-v7.0-G-15-08419,86.57878269625323,27.818042,0.212426690317869
RGI2000-v7.0-G-15-08420,86.590773,27.8177735,0.342528751518821
RGI2000-v7.0-G-15-08421,86.6066479325183,27.8139075,0.066680565385236
RGI2000-v7.0-G-15-08422,86.5828645726452,27.8390535,0.056485318700481
RGI2000-v7.0-G-15-08423,86.5795766048387,27.839821999999998,0.109244688677601
RGI2000-v7.0-G-15-08424,86.58090830428958,27.8455675,0.336955758252435
RGI2000-v7.0-G-15-08425,86.58771394865994,27.85155,0.690535391211722
RGI2000-v7.0-G-15-08426,86.58037464866864,27.8548345,0.39160693247247
RGI2000-v7.0-G-15-08427,86.5720062184875,27.863725,2.701515371152884
RGI2000-v7.0-G-15-08428,86.55476036310782,27.860284,0.479882417031701
RGI2000-v7.0-G-15-08429,86.55083064820676,27.8517655,0.034046790316531
RGI2000-v7.0-G-15-08430,86.55062535458612,27.8431365,0.263019279986673
RGI2000-v7.0-G-15-08431,86.56300415946501,27.848732,0.905893998906452
RGI2000-v7.0-G-15-08432,86.57053614847487,27.843833500000002,0.288519114233736
RGI2000-v7.0-G-15-08433,86.55421882840909,27.829475000000002,1.16959362188587
RGI2000-v7.0-G-15-08434,86.55269336688937,27.818022,0.901417888575062
RGI2000-v7.0-G-15-08435,86.54489167574042,27.8137225,0.183809504265291
RGI2000-v7.0-G-15-08436,86.55739752959792,27.8103645,0.150579712695367
RGI2000-v7.0-G-15-08437,86.56347911771894,27.784922,0.145520941863259
RGI2000-v7.0-G-15-08438,86.55066397700892,27.784461,8.767864519904494
RGI2000-v7.0-G-15-08439,86.55585824960632,27.774699,0.255723214591709
RGI2000-v7.0-G-15-08440,86.56393243369868,27.7724385,0.301858264729548
RGI2000-v7.0-G-15-08441,86.57295313693035,27.7739315,7.955946000673585
RGI2000-v7.0-G-15-08442,86.59782121097047,27.77086,0.219838092416617
RGI2000-v7.0-G-15-08443,86.60332029763548,27.7691645,0.036317946237268
RGI2000-v7.0-G-15-08444,86.607458106508,27.771729999999998,0.035514087447823
RGI2000-v7.0-G-15-08445,86.6123808392857,27.76539,0.67963890991774
RGI2000-v7.0-G-15-08446,86.61155513489723,27.761642000000002,0.387698180931403
RGI2000-v7.0-G-15-08447,86.60877753054262,27.755601499999997,0.329814583124617
RGI2000-v7.0-G-15-08448,86.58916087473573,27.7544175,0.53084410874899
RGI2000-v7.0-G-15-08449,86.58391373444863,27.7382845,0.326851822396254
RGI2000-v7.0-G-15-08450,86.59588793155025,27.737791,3.261303610812986
RGI2000-v7.0-G-15-08451,86.60692112500001,27.726709,0.205521789415744
RGI2000-v7.0-G-15-08452,86.61013034433962,27.722324,0.371349454168789
RGI2000-v7.0-G-15-08453,86.61196769285714,27.717075,0.053769176374642
RGI2000-v7.0-G-15-08454,86.6162659059633,27.713113,0.065518583430042
RGI2000-v7.0-G-15-08455,86.62254899226234,27.712296000000002,0.571087217978985
RGI2000-v7.0-G-15-08456,86.63336793229108,27.7115195,0.162314880887213
RGI2000-v7.0-G-15-08457,86.63245323631956,27.7021215,0.044136605323625
RGI2000-v7.0-G-15-08458,86.63054863301883,27.722996000000002,0.909095892706134
RGI2000-v7.0-G-15-08459,86.6191411565917,27.7267785,0.027304092273821
RGI2000-v7.0-G-15-08460,86.62663926748303,27.739780500000002,3.046377204950872
RGI2000-v7.0-G-15-08461,86.65630493200742,27.782624,0.027740804151457
RGI2000-v7.0-G-15-08462,86.56896206751054,27.739494,3.653418102907925
RGI2000-v7.0-G-15-08463,86.56306439866505,27.7339865,0.039139168024087
RGI2000-v7.0-G-15-08464,86.56371753331841,27.7314035,0.381328230432242
RGI2000-v7.0-G-15-08465,86.56288371740325,27.7290985,0.138450725126283
RGI2000-v7.0-G-15-08466,86.55997245573771,27.723383,0.380348527870249
RGI2000-v7.0-G-15-08467,86.55805213997868,27.720019999999998,0.118338881690212
RGI2000-v7.0-G-15-08468,86.55570278089797,27.715657,0.426033536610064
RGI2000-v7.0-G-15-08469,86.5487855020408,27.723125500000002,0.429200795238396
RGI2000-v7.0-G-15-08470,86.55099028486025,27.730227,0.576683646628943
RGI2000-v7.0-G-15-08471,86.55420178479658,27.736397,0.306949357368121
RGI2000-v7.0-G-15-08472,86.55061662296512,27.7485745,2.355453794299869
RGI2000-v7.0-G-15-08473,86.55142007829406,27.75457,0.169765419978004
RGI2000-v7.0-G-15-08474,86.54731120914062,27.757711999999998,0.025381362957809
RGI2000-v7.0-G-15-08475,86.56410424799301,27.74751,0.07448876240393
RGI2000-v7.0-G-15-08476,86.541800922123,27.706667,0.245950262557755
RGI2000-v7.0-G-15-08477,86.50491392715868,27.765865,0.213651210168657
RGI2000-v7.0-G-15-08478,86.51080540028263,27.772441,0.060441927560722
RGI2000-v7.0-G-15-08479,86.51407247172692,27.773825,0.122666197769079
RGI2000-v7.0-G-15-08480,86.5175612763663,27.775036999999998,0.017837856416866
RGI2000-v7.0-G-15-08481,86.51973466301969,27.7787155,0.310059682430532
RGI2000-v7.0-G-15-08482,86.5249940530846,27.787022999999998,1.21934847741565
RGI2000-v7.0-G-15-08483,86.5100423697662,27.783879,1.49111672157396
RGI2000-v7.0-G-15-08484,86.50935921027242,27.7911955,0.056967400221472
RGI2000-v7.0-G-15-08485,86.50831438901189,27.793795,0.256770303709193
RGI2000-v7.0-G-15-08486,86.50296459324704,27.799014,1.520093144482535
RGI2000-v7.0-G-15-08487,86.4988559611958,27.809958,0.186594721818601
RGI2000-v7.0-G-15-08488,86.49493738243243,27.817708,0.818092993122868
RGI2000-v7.0-G-15-08489,86.50356625621879,27.8189505,0.066981313829995
RGI2000-v7.0-G-15-08490,86.48338693678707,27.8192115,0.382601437144135
RGI2000-v7.0-G-15-08491,86.4815627331081,27.824392500000002,0.041860839981632
RGI2000-v7.0-G-15-08492,86.47924846236559,27.8273095,0.503953368208713
RGI2000-v7.0-G-15-08493,86.47173429964329,27.829467,0.027920897725745
RGI2000-v7.0-G-15-08494,86.46803147214982,27.8314245,0.739182639235479
RGI2000-v7.0-G-15-08495,86.45573554361708,27.8338225,0.136563780159726
RGI2000-v7.0-G-15-08496,86.44981208090266,27.830721500000003,0.019091046365265
RGI2000-v7.0-G-15-08497,86.4544650213923,27.8399695,0.524915674412019
RGI2000-v7.0-G-15-08498,86.44695203815147,27.8472005,0.037063219290805
RGI2000-v7.0-G-15-08499,86.44534317624955,27.852578,0.072708206499186
RGI2000-v7.0-G-15-08500,86.45030398058253,27.8552135,0.767587264737534
RGI2000-v7.0-G-15-08501,86.44179053846153,27.842505,1.820949856850794
RGI2000-v7.0-G-15-08502,86.43621325613839,27.8389145,0.033745002510501
RGI2000-v7.0-G-15-08503,86.43220449829934,27.838728500000002,0.46683693925186
RGI2000-v7.0-G-15-08504,86.43330473796917,27.8280825,4.321070455596659
RGI2000-v7.0-G-15-08505,86.44687244947656,27.819412,2.572815133791847
RGI2000-v7.0-G-15-08506,86.45693818760832,27.818142,0.26794609253601
RGI2000-v7.0-G-15-08507,86.46699085145326,27.8137435,2.514340129269825
RGI2000-v7.0-G-15-08508,86.47545976811594,27.807591000000002,0.090668165880236
RGI2000-v7.0-G-15-08509,86.47842382506363,27.8124885,0.058163752474146
RGI2000-v7.0-G-15-08510,86.48431927587968,27.8059625,0.251314915818285
RGI2000-v7.0-G-15-08511,86.48878916952589,27.8039485,0.240126217569082
RGI2000-v7.0-G-15-08512,86.49999590264869,27.786070000000002,0.28255547522795
RGI2000-v7.0-G-15-08513,86.52274005147227,27.8042965,0.095546167519516
RGI2000-v7.0-G-15-08514,86.52420344881334,27.816546000000002,0.045133841128946
RGI2000-v7.0-G-15-08515,86.52295790741523,27.84169,0.043270957780114
RGI2000-v7.0-G-15-08516,86.51797789665206,27.845395,0.150235793282847
RGI2000-v7.0-G-15-08517,86.51476523180077,27.851086,0.124687707172566
RGI2000-v7.0-G-15-08518,86.5168643466296,27.8533935,0.177712104774705
RGI2000-v7.0-G-15-08519,86.52052310942307,27.8576695,0.283641378646802
RGI2000-v7.0-G-15-08520,86.5214832157341,27.862868,1.791991629210401
RGI2000-v7.0-G-15-08521,86.51274853797993,27.876593,0.258064792361485
RGI2000-v7.0-G-15-08522,86.49976651129796,27.864810499999997,1.930306943278977
RGI2000-v7.0-G-15-08523,86.49168086669555,27.8703655,0.123677138537865
RGI2000-v7.0-G-15-08524,86.48842210502306,27.8814895,1.595192523166906
RGI2000-v7.0-G-15-08525,86.49505336473683,27.8923,0.175546077980613
RGI2000-v7.0-G-15-08526,86.52386249799389,27.8969025,0.106310320890281
RGI2000-v7.0-G-15-08527,86.55178654665643,27.8968565,0.035232849992536
RGI2000-v7.0-G-15-08528,86.55412929324895,27.893048,0.044758282772054
RGI2000-v7.0-G-15-08529,86.55992220810386,27.889705499999998,0.37272731160595
RGI2000-v7.0-G-15-08530,86.56208455103416,27.8841045,0.12841778182893
RGI2000-v7.0-G-15-08531,86.56252392379464,27.8784475,0.582243064315142
RGI2000-v7.0-G-15-08532,86.5523298993671,27.870116,0.037668611590681
RGI2000-v7.0-G-15-08533,86.53791659476191,27.873245,32.090516558126836
RGI2000-v7.0-G-15-08534,86.56160951558266,27.900133,1.011801553520017
RGI2000-v7.0-G-15-08535,86.56506153493729,27.901908499999998,0.027774072650797
RGI2000-v7.0-G-15-08536,86.56776098914884,27.900312,0.037918263042916
RGI2000-v7.0-G-15-08537,86.56546618332465,27.906821,1.309210217477605
RGI2000-v7.0-G-15-08538,86.57599460215144,27.916751,0.991103332763764
RGI2000-v7.0-G-15-08539,86.58776593299999,27.9173125,0.270989230261907
RGI2000-v7.0-G-15-08540,86.59129458392187,27.917746,0.576041695931944
RGI2000-v7.0-G-15-08541,86.59935092857143,27.9189935,0.045892824556303
RGI2000-v7.0-G-15-08542,86.5911086919643,27.9256355,0.0869958514604
RGI2000-v7.0-G-15-08543,86.57610987336814,27.927301,2.365549855770856
RGI2000-v7.0-G-15-08544,86.57736421950386,27.990201499999998,0.060008430356645
RGI2000-v7.0-G-15-08545,86.558680217011,28.0065995,0.101454792166637
RGI2000-v7.0-G-15-08546,86.5535721265001,28.008874,0.042662460567833
RGI2000-v7.0-G-15-08547,86.54850864768451,27.9967255,7.029206518150228
RGI2000-v7.0-G-15-08548,86.53401080884272,28.0206175,0.084937365435372
RGI2000-v7.0-G-15-08549,86.55960606292331,28.046265,2.028491996950455
RGI2000-v7.0-G-15-08550,86.5723603565227,28.0430565,0.057862631268437
RGI2000-v7.0-G-15-08551,86.58710922209302,28.045032499999998,30.076232045398704
RGI2000-v7.0-G-15-08552,86.57342973552338,28.0670465,0.102426235757671
RGI2000-v7.0-G-15-08553,86.569399,28.0692005,0.073241068603385
RGI2000-v7.0-G-15-08809,85.76047859188071,28.155441500000002,9.834984610450588
RGI2000-v7.0-G-15-08810,86.35403725909646,27.8805445,0.07107576784515
RGI2000-v7.0-G-15-08811,86.36002795332038,27.878092000000002,0.025216211714822
RGI2000-v7.0-G-15-08812,86.36198147468528,27.8709355,0.091870073766655
RGI2000-v7.0-G-15-08813,86.35995822477766,27.865546000000002,0.530842961400643
RGI2000-v7.0-G-15-08814,86.36638756121931,27.8588565,0.052178375497806
RGI2000-v7.0-G-15-08815,86.36784994020356,27.856777,0.019896535819761
RGI2000-v7.0-G-15-08816,86.36616777143021,27.856180000000002,0.016473133342214
RGI2000-v7.0-G-15-08817,86.37803710747127,27.861479,0.03682503027443
RGI2000-v7.0-G-15-08818,86.3838701925,27.8582125,0.039182609238959
RGI2000-v7.0-G-15-08819,86.38909631170887,27.8612225,0.078929160821697
RGI2000-v7.0-G-15-08820,86.38696003864675,27.8637485,0.131911083485785
RGI2000-v7.0-G-15-08821,86.39009359632712,27.8555725,0.061579104417329
RGI2000-v7.0-G-15-08822,86.39572751993167,27.857107499999998,0.069041300308514
RGI2000-v7.0-G-15-08823,86.39821210127931,27.859911500000003,0.244380417301155
RGI2000-v7.0-G-15-08824,86.4074749534879,27.859103,0.380800150708747
RGI2000-v7.0-G-15-08825,86.41613490308504,27.8548495,0.347357365667403
RGI2000-v7.0-G-15-08826,86.4174661660584,27.859138,0.035255307327752
RGI2000-v7.0-G-15-08827,86.41170001981132,27.826297,0.233436678111893
RGI2000-v7.0-G-15-08828,86.41153357489452,27.819902,0.039736747563844
RGI2000-v7.0-G-15-08829,86.41492613107823,27.8165475,0.070824026861412
RGI2000-v7.0-G-15-08830,86.4132054845152,27.8152765,0.073879754273238
RGI2000-v7.0-G-15-08831,86.4183659341754,27.8207015,0.512976812448069
RGI2000-v7.0-G-15-08832,86.42027300000001,27.810025,0.022273502620529
RGI2000-v7.0-G-15-08833,86.41599984971248,27.8062745,0.193272123252517
RGI2000-v7.0-G-15-08834,86.41528189355196,27.804225000000002,0.187172788588151
RGI2000-v7.0-G-15-08835,86.41534197243895,27.7972245,0.073440665363931
RGI2000-v7.0-G-15-08836,86.41322451071392,27.793893,0.378165729929906
RGI2000-v7.0-G-15-08837,86.4071289226186,27.793545,0.192472629919913
RGI2000-v7.0-G-15-08838,86.41939231094304,27.7907595,0.343417764227643
RGI2000-v7.0-G-15-08839,86.41734981969704,27.785369000000003,0.195438328383458
RGI2000-v7.0-G-15-08840,86.42593006881236,27.7841955,0.053453713183965
RGI2000-v7.0-G-15-08841,86.4086008584485,27.776268,0.554872576121425
RGI2000-v7.0-G-15-08842,86.39563743991397,27.771352999999998,0.058552906783941
RGI2000-v7.0-G-15-08843,86.4095009850322,27.7633,0.051604261582609
RGI2000-v7.0-G-15-08844,86.4157934572163,27.7652465,0.079533655735145
RGI2000-v7.0-G-15-08845,86.421410535865,27.766647,0.043636577238963
RGI2000-v7.0-G-15-08846,86.41282638293305,27.755101500000002,0.033762360186754
RGI2000-v7.0-G-15-08847,86.43912693254599,27.802478999999998,0.0696930468637
RGI2000-v7.0-G-15-08848,86.44361724156852,27.8028415,0.029991189119056
RGI2000-v7.0-G-15-08849,86.43595875367978,27.8086545,0.026986089325543
RGI2000-v7.0-G-15-08850,86.42623707605992,27.808405999999998,0.437070613342733
RGI2000-v7.0-G-15-08851,86.35183021082949,27.8749205,0.047708151603352
