rgi_id,lon,lat,area_km2
RGI2000-v7.0-C-15-01240,80.55790036634846,30.427950000000003,8.731177049945401
RGI2000-v7.0-C-15-01241,80.54395364315883,30.4345135,0.20341064862382968
RGI2000-v7.0-C-15-01242,80.54344693588295,30.439262499999998,0.3070081326528916
RGI2000-v7.0-C-15-01318,80.9236670870923,30.1740695,0.14847141542443174
RGI2000-v7.0-C-15-01319,80.928752519635,30.1782225,0.27145389256941527
RGI2000-v7.0-C-15-01320,80.93755797620868,30.1807905,0.02772903311130298
RGI2000-v7.0-C-15-01321,80.9419165,30.180414,0.07962138661917156
RGI2000-v7.0-C-15-01322,80.939442625,30.190706499999997,0.29451899064356873
RGI2000-v7.0-C-15-01323,80.95011704394994,30.193496500000002,0.4635866190620223
RGI2000-v7.0-C-15-01324,80.9579413758301,30.187598,0.17339654246731326
RGI2000-v7.0-C-15-01325,80.9645018510128,30.1894415,0.07942237135272288
RGI2000-v7.0-C-15-01326,80.95184771039776,30.173732,0.88751904632504
RGI2000-v7.0-C-15-01327,80.93194105147079,30.1665585,0.2291922221886283
RGI2000-v7.0-C-15-01328,80.92324597308811,30.192086000000003,1.1559064296904091
RGI2000-v7.0-C-15-01329,80.99465995251572,30.1899375,0.14361389201973707
RGI2000-v7.0-C-15-01330,81.02738594824042,30.197825,0.2481537552959639
RGI2000-v7.0-C-15-01333,81.05718905465358,30.1563975,0.2585321887193563
RGI2000-v7.0-C-15-01339,81.08569571569264,30.1169625,1.8117169582605523
RGI2000-v7.0-C-15-01340,81.0723877614536,30.120655499999998,0.1750721025238888
RGI2000-v7.0-C-15-01341,81.07323609601293,30.1283805,0.4240841341242708
RGI2000-v7.0-C-15-01342,81.06733535565537,30.109037,3.7718506271010366
RGI2000-v7.0-C-15-01343,81.05016232610993,30.104943,0.1044170516834691
RGI2000-v7.0-C-15-01344,81.08285674619006,30.095967,0.03468456762940595
RGI2000-v7.0-C-15-01345,81.09007346168309,30.093030499999998,0.38062676233508314
RGI2000-v7.0-C-15-01346,81.10288449947049,30.091403,0.07056302765268019
RGI2000-v7.0-C-15-01357,81.1220932078572,30.029924,0.1484807727444698
RGI2000-v7.0-C-15-01359,81.1458851307365,30.006724,1.9690003067937687
RGI2000-v7.0-C-15-01360,81.1419992143951,29.990234,0.05915698577486024
RGI2000-v7.0-C-15-01361,81.14162349234098,29.976574499999998,2.9269742421853735
RGI2000-v7.0-C-15-01362,81.12944926616237,29.974133000000002,0.11604832664286699
RGI2000-v7.0-C-15-01363,81.12183809495842,29.97582,0.1789471431219745
RGI2000-v7.0-C-15-01364,81.12016627993995,29.9819715,0.6245866097074618
RGI2000-v7.0-C-15-01365,81.1165663724359,29.963148500000003,2.7839088316012512
RGI2000-v7.0-C-15-01366,81.1152783470969,29.9500495,0.2421079529143336
RGI2000-v7.0-C-15-01367,81.13731387975633,29.947907,2.323526276025981
RGI2000-v7.0-C-15-01368,81.13835658284023,29.936790000000002,0.22390736339258158
RGI2000-v7.0-C-15-01369,81.13766714312976,29.961161,2.2094737046022264
RGI2000-v7.0-C-15-01370,81.17365842303533,29.96814,0.07862889481654317
RGI2000-v7.0-C-15-01371,81.20076855600823,30.0117875,1.4377453832954201
RGI2000-v7.0-C-15-01372,81.20098282505285,30.018404500000003,0.025921513297226226
RGI2000-v7.0-C-15-01377,81.21749261723983,30.00124,0.2180733205207546
RGI2000-v7.0-C-15-01379,81.25018235524132,30.027978500000003,0.06664552326444581
RGI2000-v7.0-C-15-01380,81.24671643224056,30.02894,0.030302764384288083
RGI2000-v7.0-C-15-01381,81.2752937296773,30.047384,0.09145675637276462
RGI2000-v7.0-C-15-01382,81.28225540095629,30.045322499999997,0.11917902978545346
RGI2000-v7.0-C-15-01383,81.28942544635194,30.0387765,0.07387563892764336
RGI2000-v7.0-C-15-01384,81.30593961321176,30.034934,0.23750687832914255
RGI2000-v7.0-C-15-01385,81.31318049445184,30.034129999999998,0.1630283038504155
RGI2000-v7.0-C-15-01386,81.3112015136291,30.0397075,0.30697386260295534
RGI2000-v7.0-C-15-01387,81.32670245194569,30.0303775,0.19725459478499344
RGI2000-v7.0-C-15-01388,81.33147046413282,30.021368,0.4057715776855529
RGI2000-v7.0-C-15-01389,81.31837811163342,30.018128,0.20518688503963675
RGI2000-v7.0-C-15-01390,81.3519158525641,30.0196545,0.15976345206930867
RGI2000-v7.0-C-15-01391,81.3617048622232,30.016216999999997,0.5053847661913137
RGI2000-v7.0-C-15-01392,81.37948949857073,30.011312,0.0772387651856445
RGI2000-v7.0-C-15-01393,81.39143538585729,29.933503,0.1273679780586753
RGI2000-v7.0-C-15-01394,81.38832878125825,29.9309985,0.15907985782380252
RGI2000-v7.0-C-15-01395,81.3930749466408,29.9183935,0.019221328603098192
RGI2000-v7.0-C-15-01396,81.39507217906022,29.915518499999997,0.038379545113264475
RGI2000-v7.0-C-15-01397,81.40770763647137,29.910149500000003,0.18299576096939976
RGI2000-v7.0-C-15-01398,81.41066241342632,29.919289,0.3901547680676509
RGI2000-v7.0-C-15-01399,81.42936744502705,29.922490500000002,2.2920939383064054
RGI2000-v7.0-C-15-01400,81.45702311614852,29.922844,0.8767805509632828
RGI2000-v7.0-C-15-01401,81.46656214795439,29.9309835,0.09889934079952657
RGI2000-v7.0-C-15-01402,81.4951015,29.9327915,0.0420459692868935
RGI2000-v7.0-C-15-01403,81.50802372272727,29.936562000000002,0.33326221978699566
RGI2000-v7.0-C-15-01404,81.51238844744466,29.938578,0.2753901424120643
RGI2000-v7.0-C-15-01405,81.52034399554269,29.9279115,0.30907841859733665
RGI2000-v7.0-C-15-01406,81.52723715105263,29.935377000000003,1.2022533086750373
RGI2000-v7.0-C-15-01407,81.54728793688845,29.932885,0.10351508976992052
RGI2000-v7.0-C-15-01408,81.52433981272281,29.9163235,3.2870821168501885
RGI2000-v7.0-C-15-01409,81.51082906536756,29.922663999999997,1.4024834271452755
RGI2000-v7.0-C-15-01410,81.494510768993,29.9121135,22.51796498262786
RGI2000-v7.0-C-15-01411,81.5192168715206,29.8850795,0.08711574379119763
RGI2000-v7.0-C-15-01412,81.52252643057543,29.8853175,0.05293803530074683
RGI2000-v7.0-C-15-01413,81.51047399322402,29.8740325,6.779765392753829
RGI2000-v7.0-C-15-01414,81.49518514981132,29.8588595,0.8842994247586085
RGI2000-v7.0-C-15-01415,81.48898969186047,29.8497695,0.12994758233763182
RGI2000-v7.0-C-15-01416,81.48569667005303,29.8466155,0.32096498192300177
RGI2000-v7.0-C-15-01417,81.47570721432487,29.840639,0.1128057246502331
RGI2000-v7.0-C-15-01418,81.4746123537169,29.8572865,1.0915080633792273
RGI2000-v7.0-C-15-01419,81.4739427844772,29.869125500000003,5.534714393180988
RGI2000-v7.0-C-15-01420,81.44980359468445,29.88646,0.0404349215606457
RGI2000-v7.0-C-15-01421,81.43512468748929,29.859796,0.2914355472612223
RGI2000-v7.0-C-15-01422,81.42810493109756,29.8558555,0.5050627850501346
RGI2000-v7.0-C-15-01423,81.4250539028827,29.849621499999998,0.17276048566443203
RGI2000-v7.0-C-15-01424,81.41817467021491,29.844770500000003,0.159647696114392
RGI2000-v7.0-C-15-01425,81.41350427630915,29.8463125,0.17580499065715735
RGI2000-v7.0-C-15-01426,81.41247404924242,29.853713499999998,0.4832225070732718
RGI2000-v7.0-C-15-01427,81.40397931527161,29.849512500000003,0.12053440243804243
RGI2000-v7.0-C-15-01428,81.39030320046658,29.854806,0.16468939430315743
RGI2000-v7.0-C-15-01429,81.38934713405646,29.859807,0.10486770519258068
RGI2000-v7.0-C-15-01430,81.38214647839183,29.8751605,0.1637244916146725
RGI2000-v7.0-C-15-01431,81.37396005088081,29.8733925,2.8267548119791637
RGI2000-v7.0-C-15-01432,81.36385695145725,29.872496499999997,0.1184493011945049
RGI2000-v7.0-C-15-01433,81.36050652007964,29.877947,0.28558760664379707
RGI2000-v7.0-C-15-01434,81.3576293741398,29.8667925,0.3231578927792111
RGI2000-v7.0-C-15-01435,81.3644199580315,29.8608245,0.33010982472599865
RGI2000-v7.0-C-15-01436,81.36053395833332,29.853595,0.2004451722898634
RGI2000-v7.0-C-15-01437,81.35146199693938,29.854475,0.10504748288107546
RGI2000-v7.0-C-15-01438,81.34929801726791,29.859621500000003,0.05552476287893539
RGI2000-v7.0-C-15-01439,81.34290896440083,29.866944,0.472578815333037
RGI2000-v7.0-C-15-01440,81.3370237297593,29.878402,0.06531009690521383
RGI2000-v7.0-C-15-01441,81.34563130494965,29.881334000000003,0.4292358434445277
RGI2000-v7.0-C-15-01442,81.37885196085418,29.842079,4.094882968759399
RGI2000-v7.0-C-15-01443,81.38922221108442,29.8338445,0.537851727871945
RGI2000-v7.0-C-15-01444,81.38293113621438,29.8228525,0.5302446484645158
RGI2000-v7.0-C-15-01445,81.38435316245156,29.8170905,0.16162520807186342
RGI2000-v7.0-C-15-01446,81.39233557877358,29.811009499999997,0.17040916058640063
RGI2000-v7.0-C-15-01447,81.39748824174009,29.8073335,0.042696473627027554
RGI2000-v7.0-C-15-01448,81.40300121613546,29.8024165,0.07232982527458694
RGI2000-v7.0-C-15-01449,81.40751824221613,29.8050865,0.22213275729303947
RGI2000-v7.0-C-15-01450,81.3974997597396,29.799252,0.10334897282364026
RGI2000-v7.0-C-15-01451,81.39167782471264,29.801814999999998,0.03078838570918683
RGI2000-v7.0-C-15-01452,81.38838194063612,29.806319000000002,0.17292332410805755
RGI2000-v7.0-C-15-01453,81.38387004248554,29.807609999999997,0.09443241426772106
RGI2000-v7.0-C-15-01454,81.37339866340263,29.8203015,0.841606739978709
RGI2000-v7.0-C-15-01455,81.3457843356579,29.8081665,0.24736867335509452
RGI2000-v7.0-C-15-01456,81.3396301356245,29.8077075,1.1467694574661722
RGI2000-v7.0-C-15-01457,81.3337893993604,29.8024535,0.16907679318890728
RGI2000-v7.0-C-15-01458,81.3282985,29.8050725,0.2790822158991097
RGI2000-v7.0-C-15-01459,81.32250032502107,29.801095,0.06716728357408698
RGI2000-v7.0-C-15-01460,81.31629910193169,29.803348,0.07735707788315499
RGI2000-v7.0-C-15-01461,81.30466155812749,29.806105000000002,0.0509389716776373
RGI2000-v7.0-C-15-01462,81.29210173435169,29.819086,0.07861404985918478
RGI2000-v7.0-C-15-01463,81.33888769391635,29.795401,0.2628105130204538
RGI2000-v7.0-C-15-01464,81.34769038095237,29.7948595,0.15816377950749824
RGI2000-v7.0-C-15-01465,81.35034901882415,29.8010855,0.15261546101574233
RGI2000-v7.0-C-15-01466,81.42013969746203,29.864200500000003,0.10362030159288979
RGI2000-v7.0-C-15-01467,81.42467171554797,29.8654175,0.20233310315895411
RGI2000-v7.0-C-15-01468,81.46173284492872,29.819175,0.18240067081022332
RGI2000-v7.0-C-15-01469,81.45753621144522,29.813496,0.051078980024294486
RGI2000-v7.0-C-15-01470,81.49648964126462,29.773984499999997,1.2059532440077034
RGI2000-v7.0-C-15-01471,81.49082761740138,29.769168999999998,0.26442582276616133
RGI2000-v7.0-C-15-01472,81.50414847117685,29.757633,2.730951255665583
RGI2000-v7.0-C-15-01473,81.50275880580816,29.743882499999998,0.9132100394756659
RGI2000-v7.0-C-15-01474,81.50741808667621,29.7359185,0.03828190508373415
RGI2000-v7.0-C-15-01475,81.51348100463937,29.742188,0.16674804501252102
RGI2000-v7.0-C-15-01476,81.52787424372991,29.7437015,1.0210687718768747
RGI2000-v7.0-C-15-01477,81.53344139177167,29.746944,0.07531022497457021
RGI2000-v7.0-C-15-01478,81.53654485295684,29.7538825,1.0947904149740917
RGI2000-v7.0-C-15-01479,81.52791348950686,29.7541055,0.09298511060343438
RGI2000-v7.0-C-15-01480,81.52042757643312,29.7581615,0.6281495593592595
RGI2000-v7.0-C-15-01481,81.51756685886139,29.766350000000003,0.1975548576688747
RGI2000-v7.0-C-15-01482,81.5112441221257,29.7723375,0.3651063167623672
RGI2000-v7.0-C-15-01483,81.54277785182342,29.780544499999998,1.7418511369862735
RGI2000-v7.0-C-15-01484,81.54043366627968,29.790007,0.7842046126163531
RGI2000-v7.0-C-15-01485,81.53942082736157,29.799097,0.9731703829138906
RGI2000-v7.0-C-15-01486,81.53045166534942,29.807191000000003,0.16041567288132602
RGI2000-v7.0-C-15-01487,81.52870499710374,29.81073,0.01963006908548273
RGI2000-v7.0-C-15-01488,81.53274142148439,29.812556999999998,0.30489309988656643
RGI2000-v7.0-C-15-01489,81.54495357460137,29.810307,0.2544314029295443
RGI2000-v7.0-C-15-01490,81.55357659411766,29.810274,0.31175580938381153
RGI2000-v7.0-C-15-01491,81.55970847142858,29.805022,1.6996296733966496
RGI2000-v7.0-C-15-01492,81.55774399904524,29.7924795,1.4622440244299677
RGI2000-v7.0-C-15-01493,81.55954698956357,29.781547,1.2788472091408993
RGI2000-v7.0-C-15-01494,81.5656580304945,29.7780645,1.0789231041559924
RGI2000-v7.0-C-15-01495,81.57271488732684,29.7643075,0.24253055354184516
RGI2000-v7.0-C-15-01496,81.57757039699794,29.765478,0.04938127689688352
RGI2000-v7.0-C-15-01497,81.58304090312501,29.7668045,0.0662137111057101
RGI2000-v7.0-C-15-01498,81.60802549470276,29.775846,0.11033803850868855
RGI2000-v7.0-C-15-01499,81.61036988109807,29.7800455,0.11332502646622321
RGI2000-v7.0-C-15-01500,81.60498139389003,29.7809315,0.11565937212665035
RGI2000-v7.0-C-15-01501,81.61594528888847,29.778879500000002,0.25037948022801765
RGI2000-v7.0-C-15-01502,81.5573922762605,29.75601,1.9308861521729952
RGI2000-v7.0-C-15-01503,81.54866834014425,29.7529675,1.6105494498830037
RGI2000-v7.0-C-15-01504,81.55390806599327,29.741518,0.04903893548071197
RGI2000-v7.0-C-15-01505,81.5612656149292,29.742872,0.297150086603605
RGI2000-v7.0-C-15-01506,81.56454851351351,29.738287999999997,0.20147498770602348
RGI2000-v7.0-C-15-01507,81.56210539016394,29.734485,0.026578166956121776
RGI2000-v7.0-C-15-01508,81.53621686734411,29.7143305,0.1813315085574751
RGI2000-v7.0-C-15-01509,81.52532153500303,29.7061445,5.05732532605581
RGI2000-v7.0-C-15-01510,81.53924455484297,29.6928135,0.6755885315919401
RGI2000-v7.0-C-15-01511,81.53478134154216,29.681141500000003,2.654722644264913
RGI2000-v7.0-C-15-01512,81.54090697456152,29.676491499999997,0.2485865995915327
RGI2000-v7.0-C-15-01513,81.53821956346579,29.670506000000003,0.24222052733026805
RGI2000-v7.0-C-15-01514,81.54154330172881,29.664844000000002,0.3777290660761072
RGI2000-v7.0-C-15-01515,81.51160483310755,29.6810675,0.54935001372999
RGI2000-v7.0-C-15-01516,81.50163449848722,29.677747500000002,0.5859933520478547
RGI2000-v7.0-C-15-01517,81.49963434810788,29.6728755,0.07373199567743832
RGI2000-v7.0-C-15-01518,81.50427385236861,29.668251,0.5545606812630608
RGI2000-v7.0-C-15-01519,81.48917571138338,29.6665135,0.37247836291839437
RGI2000-v7.0-C-15-01520,81.48376965624672,29.671111500000002,0.19498950418358385
RGI2000-v7.0-C-15-01521,81.4772148918955,29.6636235,0.9352329675757477
RGI2000-v7.0-C-15-01522,81.46800151895991,29.6622625,0.09214953874788002
RGI2000-v7.0-C-15-01523,81.51338283513158,29.721266999999997,0.8351799443522011
RGI2000-v7.0-C-15-01524,81.5162855893253,29.729816999999997,0.9680767221189375
RGI2000-v7.0-C-15-01525,81.5516957042032,29.767953499999997,1.1973737236801385
RGI2000-v7.0-C-15-01526,81.56779376762114,29.816101500000002,0.06769231158901097
RGI2000-v7.0-C-15-01527,81.56581631770834,29.822478,0.3507434784704201
RGI2000-v7.0-C-15-01528,81.55852458643405,29.8238645,0.04497698509923556
RGI2000-v7.0-C-15-01529,81.55556236791382,29.8367575,1.216246655395896
RGI2000-v7.0-C-15-01530,81.56455532403001,29.836060500000002,0.05264189553286714
RGI2000-v7.0-C-15-01531,81.5695254788072,29.8472225,1.115141625196468
RGI2000-v7.0-C-15-01532,81.55808985353028,29.84985,0.5196284441896695
RGI2000-v7.0-C-15-01533,81.5489898498397,29.8603375,0.41310942375606113
RGI2000-v7.0-C-15-01534,81.5466431631611,29.868031000000002,0.20494667414701284
RGI2000-v7.0-C-15-01535,81.55305494044879,29.873089,0.9159434542448682
RGI2000-v7.0-C-15-01536,81.5390137314896,29.8742235,0.34489176274480116
RGI2000-v7.0-C-15-01537,81.56458984286294,29.8631435,1.1401179366456544
RGI2000-v7.0-C-15-01538,81.57685771601113,29.8578695,0.6698483670748597
RGI2000-v7.0-C-15-01539,81.59320219760812,29.8581765,0.059968520060463805
RGI2000-v7.0-C-15-01540,81.59764573804972,29.856368,0.08990160393609081
RGI2000-v7.0-C-15-01541,81.60291801239768,29.8548445,0.04290945936851362
RGI2000-v7.0-C-15-01542,81.5976462357719,29.849971500000002,0.04137205306857352
RGI2000-v7.0-C-15-01543,81.56057869096091,29.901345,7.347577829821967
RGI2000-v7.0-C-15-01544,81.591205,29.9363815,0.02857561126152478
RGI2000-v7.0-C-15-01545,81.59576585444596,29.933793,0.0178267679681148
RGI2000-v7.0-C-15-01546,81.59738530465117,29.933155,0.022874832645073843
RGI2000-v7.0-C-15-01547,81.60154697646053,29.934136000000002,0.07278186962913191
RGI2000-v7.0-C-15-01548,81.6890009495425,29.93668,0.4670767943396091
RGI2000-v7.0-C-15-01549,81.69584155205905,29.939162,0.3361728088902348
RGI2000-v7.0-C-15-01550,81.70654597413558,29.938131499999997,0.23094916161795617
RGI2000-v7.0-C-15-01551,81.70715886217529,29.928521,0.023811178641197753
RGI2000-v7.0-C-15-01552,81.70592301972317,29.9212305,0.7167847398704121
RGI2000-v7.0-C-15-01553,81.70999845160716,29.914907499999998,0.02626350022418285
RGI2000-v7.0-C-15-01554,81.70984148907104,29.912142,0.029090964103665483
RGI2000-v7.0-C-15-01555,81.71205006537656,29.9085645,0.07460194744244587
RGI2000-v7.0-C-15-01556,81.71449452372872,29.91489,0.06673442123278049
RGI2000-v7.0-C-15-01557,81.72710479582977,29.909681,0.13293719082351754
RGI2000-v7.0-C-15-01558,81.72968893249055,29.91489,0.11148934977189247
RGI2000-v7.0-C-15-01559,81.73659752783784,29.9111005,0.08096992178342395
RGI2000-v7.0-C-15-01560,81.74075275789292,29.9094925,0.04429388067427075
RGI2000-v7.0-C-15-01561,81.74744363326445,29.9099805,0.02982686143659543
RGI2000-v7.0-C-15-01562,81.6709475409589,29.9874915,0.057919539705134956
RGI2000-v7.0-C-15-01563,81.67049553571428,29.991433,0.1338235039863737
RGI2000-v7.0-C-15-01564,81.54245891646254,30.000565,0.2202287004649885
RGI2000-v7.0-C-15-01565,81.53075629530201,30.004440000000002,0.04363386326111688
RGI2000-v7.0-C-15-01566,81.536947,30.0112205,0.20260336531933462
RGI2000-v7.0-C-15-01567,81.52495447809798,30.013081,0.336290849798568
RGI2000-v7.0-C-15-01568,81.52124365906661,30.008252,0.06781051448815761
RGI2000-v7.0-C-15-01569,81.5083539702783,30.014739499999997,0.6740814215227056
RGI2000-v7.0-C-15-01570,81.49647576227773,30.004144500000002,0.12555348965514485
RGI2000-v7.0-C-15-01571,81.4774094670542,30.002843,0.04449934126452475
RGI2000-v7.0-C-15-01572,81.51293303762105,29.9516985,0.26308859862134415
RGI2000-v7.0-C-15-01573,81.31200118694366,29.9455335,0.704761381325487
RGI2000-v7.0-C-15-01574,81.27143134949281,29.9627825,0.2680959299320958
RGI2000-v7.0-C-15-01575,81.25052171904477,29.937528999999998,0.017600840752976667
RGI2000-v7.0-C-15-01576,81.25614744243421,29.9330625,0.07807626868274359
RGI2000-v7.0-C-15-01577,81.25732852351862,29.9294145,0.21207225067017382
RGI2000-v7.0-C-15-01578,81.24319166297403,29.931995999999998,0.7496937298083355
RGI2000-v7.0-C-15-01579,81.23391068216631,29.9220495,0.7976400595621077
RGI2000-v7.0-C-15-01580,81.22747401188784,29.929548500000003,0.58065039478029
RGI2000-v7.0-C-15-01581,81.21683869906133,29.9282385,0.13464574796510562
RGI2000-v7.0-C-15-01582,81.22608821545857,29.913133000000002,0.9599897068417456
RGI2000-v7.0-C-15-01583,81.24230549575242,29.913962499999997,0.8243021797776632
RGI2000-v7.0-C-15-01584,81.24801796768575,29.9128985,0.0356610216337931
RGI2000-v7.0-C-15-01585,81.24709034638553,29.908240999999997,0.3966834943908063
RGI2000-v7.0-C-15-01586,81.25423684228663,29.9113655,0.0274578462480849
RGI2000-v7.0-C-15-01587,81.2574570388025,29.9089485,0.08276657564885948
RGI2000-v7.0-C-15-01588,81.25405238067529,29.900948,0.0934848728940845
RGI2000-v7.0-C-15-01589,81.26545854871475,29.9160805,0.3616239933840539
RGI2000-v7.0-C-15-01590,81.27155913679245,29.9172365,0.12443933464516574
RGI2000-v7.0-C-15-01591,81.27277499949071,29.9102665,0.12007618745735844
RGI2000-v7.0-C-15-01592,81.21337972693561,29.891628,0.7303877249555504
RGI2000-v7.0-C-15-01593,81.20525774250015,29.892161,0.06316876019331007
RGI2000-v7.0-C-15-01594,81.1642000854248,29.8463365,0.2036062039001274
RGI2000-v7.0-C-15-01595,81.15486870864925,29.845470499999998,0.32081378938159794
RGI2000-v7.0-C-15-01596,81.14744494827586,29.843127,0.17704175983809003
RGI2000-v7.0-C-15-01597,81.14337933068633,29.843242,0.047921512419231455
RGI2000-v7.0-C-15-01598,81.13839842383538,29.8395835,0.3001723332472562
RGI2000-v7.0-C-15-01599,81.13054235175439,29.8350565,0.09711893548507936
RGI2000-v7.0-C-15-01600,81.1214897319798,29.833195,0.19921511290209823
RGI2000-v7.0-C-15-01601,81.12028105133754,29.821267,0.05077395563371444
RGI2000-v7.0-C-15-01602,81.11332504229523,29.819406,3.5989407957885646
RGI2000-v7.0-C-15-01603,81.11750932286185,29.809692,0.21036989477908496
RGI2000-v7.0-C-15-01604,81.09591061209221,29.803717,1.7073602056214312
RGI2000-v7.0-C-15-01605,81.09423160241212,29.812720499999998,0.04394806533442613
RGI2000-v7.0-C-15-01606,81.08366038694592,29.8039415,0.05762986925308227
RGI2000-v7.0-C-15-01607,81.0840516508774,29.800726500000003,0.057918000118312586
RGI2000-v7.0-C-15-01608,81.0774853249348,29.813768500000002,2.94658905121258
RGI2000-v7.0-C-15-01609,81.10077708248218,29.789413,0.11582953573267113
RGI2000-v7.0-C-15-01610,81.13532964952043,29.825768500000002,0.09784262062569568
RGI2000-v7.0-C-15-01611,81.14504073975857,29.8273435,1.1769869207850427
RGI2000-v7.0-C-15-01612,81.15414787552535,29.8238325,0.14534636551938293
RGI2000-v7.0-C-15-01613,81.15462072230149,29.814614,0.13814187880629192
RGI2000-v7.0-C-15-01614,81.15703645651104,29.8130685,0.02102064145321268
RGI2000-v7.0-C-15-01615,81.15942336062872,29.810906,0.07886393495588027
RGI2000-v7.0-C-15-01616,81.16325387581783,29.809795,0.1072971340962755
RGI2000-v7.0-C-15-01617,81.15630770557962,29.807361,0.0886791473911864
RGI2000-v7.0-C-15-01618,81.17945728230677,29.806820000000002,0.6364005081242893
RGI2000-v7.0-C-15-01619,81.19366363377051,29.8045465,0.31450040174651084
RGI2000-v7.0-C-15-01620,81.20028820915033,29.800475499999997,0.16360238517857786
RGI2000-v7.0-C-15-01621,81.19744284375,29.8143495,0.633164806398026
RGI2000-v7.0-C-15-01622,81.18755796964774,29.8172855,0.09607159614690225
RGI2000-v7.0-C-15-01623,81.18687043747602,29.822115,0.09305184569154107
RGI2000-v7.0-C-15-01624,81.19911982321041,29.8275325,0.8646047341033705
RGI2000-v7.0-C-15-01625,81.20595062727324,29.826808999999997,0.2195228542194665
RGI2000-v7.0-C-15-01626,81.21216381782698,29.825795499999998,0.1449396906745017
RGI2000-v7.0-C-15-01627,81.20790018285945,29.818585,0.11369617351085351
RGI2000-v7.0-C-15-01628,81.22219494347665,29.8210655,0.03814692424917912
RGI2000-v7.0-C-15-01629,81.23062969456521,29.8186905,0.023154753789935346
RGI2000-v7.0-C-15-01630,81.11024517475619,29.855514,0.06592595646514952
RGI2000-v7.0-C-15-01631,81.11002137868738,29.860977,2.6686142761756577
RGI2000-v7.0-C-15-01632,81.11082634288427,29.8693545,0.2467203808060163
RGI2000-v7.0-C-15-01633,81.10899343662338,29.872703,0.148890162475255
RGI2000-v7.0-C-15-01634,81.10921869804974,29.8770675,0.061375021363582666
RGI2000-v7.0-C-15-01635,81.10077326619583,29.869068,0.42455399063194144
RGI2000-v7.0-C-15-01636,81.08770258914035,29.8548725,0.4181385924229971
RGI2000-v7.0-C-15-01637,81.08483316441425,29.8538145,0.08261194304380451
RGI2000-v7.0-C-15-01638,81.09156298982863,29.849750999999998,0.03372603699038044
RGI2000-v7.0-C-15-01639,81.0779437955029,29.8489615,0.298928330661719
RGI2000-v7.0-C-15-01640,81.10596260535198,29.8487595,0.11243931728728564
RGI2000-v7.0-C-15-01641,81.05871664463164,29.869806500000003,2.9296475268580844
RGI2000-v7.0-C-15-01642,81.04510803440279,29.8535275,12.615586034382037
RGI2000-v7.0-C-15-01643,81.03221755670648,29.864625,0.05695299165094753
RGI2000-v7.0-C-15-01644,81.0306215,29.869647,0.15709627331685885
RGI2000-v7.0-C-15-01645,81.03607987541041,29.878217499999998,0.6612932724671483
RGI2000-v7.0-C-15-01646,81.04631453523709,29.8997985,11.180372736954746
RGI2000-v7.0-C-15-01647,81.07225334606741,29.897858499999998,1.1526401701640467
RGI2000-v7.0-C-15-01648,81.05403564981368,29.9483275,0.12570183531994744
RGI2000-v7.0-C-15-01649,81.05822013773945,29.963163,0.06651772891374645
RGI2000-v7.0-C-15-01650,81.06434758802817,29.969315,0.06540773975890336
RGI2000-v7.0-C-15-01651,81.045500446716,29.998948,0.3390277090710306
RGI2000-v7.0-C-15-01652,81.04508663704107,30.00488,0.12925882452363102
RGI2000-v7.0-C-15-01653,81.04956850803558,30.010649,0.42528355954401453
RGI2000-v7.0-C-15-01654,81.05213393945583,30.018054499999998,0.7335049326342334
RGI2000-v7.0-C-15-01655,81.05447851651822,30.027352999999998,0.03396380681755217
RGI2000-v7.0-C-15-01656,81.06421428382663,30.0241195,0.37224504517925994
RGI2000-v7.0-C-15-01657,81.07364971866939,30.0341415,0.26257749192346264
RGI2000-v7.0-C-15-01658,81.07272186053368,30.038752000000002,0.13091379366751799
RGI2000-v7.0-C-15-01659,81.04296097061966,30.0385875,3.4682364859241854
RGI2000-v7.0-C-15-01660,81.0274435665909,30.0104245,0.21862224695607324
RGI2000-v7.0-C-15-01661,80.98975224750367,30.0018165,0.19794736121454928
RGI2000-v7.0-C-15-01662,80.97769185619907,30.004294,0.02611863699969177
RGI2000-v7.0-C-15-01663,80.96894288452916,30.0020235,0.5732503033340005
RGI2000-v7.0-C-15-01664,80.95931765406468,30.001396,0.6304989870317476
RGI2000-v7.0-C-15-01665,80.949595,29.996549,0.05982314321239645
RGI2000-v7.0-C-15-01666,80.94456403886011,30.0029825,0.34794615381371785
RGI2000-v7.0-C-15-01667,80.94796233312059,29.987476,0.7877238309661738
RGI2000-v7.0-C-15-01668,80.93308130101875,29.98921,0.07867115313781503
RGI2000-v7.0-C-15-01669,80.92116692721518,29.98736,0.14837335591822381
RGI2000-v7.0-C-15-01670,80.90399385882358,29.9998365,0.1841655676062323
RGI2000-v7.0-C-15-01671,80.88995659841493,30.000128500000002,0.44151848719147113
RGI2000-v7.0-C-15-01672,80.87825681989247,29.996809499999998,0.9811570206490573
RGI2000-v7.0-C-15-01673,80.86792179999715,30.002173499999998,2.0402575234502054
RGI2000-v7.0-C-15-01674,80.87808879979676,30.0151245,0.12959446099846475
RGI2000-v7.0-C-15-01675,80.86411313544303,30.032442,4.810673688885237
RGI2000-v7.0-C-15-01676,80.85527635,30.053029000000002,0.7355777516419689
RGI2000-v7.0-C-15-01677,80.89819083646287,30.0437915,0.11321657868212245
RGI2000-v7.0-C-15-01678,80.92105824250521,30.0234595,25.834556819338605
RGI2000-v7.0-C-15-01679,80.93851323300996,30.033513,0.08308290533819462
RGI2000-v7.0-C-15-01680,80.93448158488019,30.0469955,0.0406723510780771
RGI2000-v7.0-C-15-01681,80.97941489316315,30.035789,4.499577428642715
RGI2000-v7.0-C-15-01682,80.96231407259836,30.0130515,0.10787658476039957
RGI2000-v7.0-C-15-01683,80.98143165894737,29.991022,1.721862154240535
RGI2000-v7.0-C-15-01684,80.99462348797363,29.98355,0.14722050501520906
RGI2000-v7.0-C-15-01685,81.0040133276724,29.971603,0.05367867805967753
RGI2000-v7.0-C-15-01686,81.00166474421897,29.950295500000003,1.0863604453333615
RGI2000-v7.0-C-15-01687,80.99951320369526,29.944996,0.21937639816636684
RGI2000-v7.0-C-15-01688,80.99125687974592,29.94013,2.919033943313514
RGI2000-v7.0-C-15-01689,80.9769425199982,29.9346125,0.18542865591622643
RGI2000-v7.0-C-15-01690,80.9710815752841,29.9344955,0.09882326311786632
RGI2000-v7.0-C-15-01691,80.975865,29.926352,0.08921090517681347
RGI2000-v7.0-C-15-01692,80.9865930392094,29.922402499999997,0.06617082541138429
RGI2000-v7.0-C-15-01693,80.99429709120638,29.921633,0.4054274865914252
RGI2000-v7.0-C-15-01694,81.00114842880546,29.9284075,0.11134069335026513
RGI2000-v7.0-C-15-01695,81.01572275062031,29.9222595,2.1927355697165773
RGI2000-v7.0-C-15-01696,81.00068547032716,29.8639145,0.06369496068971736
RGI2000-v7.0-C-15-01697,80.99884245374872,29.859609,0.15886102588410367
RGI2000-v7.0-C-15-01698,80.99608025676946,29.855412,0.1146635802650887
RGI2000-v7.0-C-15-01699,80.9888202129931,29.8610415,0.1594554571620658
RGI2000-v7.0-C-15-01700,80.96693626765605,29.866277500000002,0.044841577608557906
RGI2000-v7.0-C-15-01701,80.96111271864729,29.866322500000003,0.09198551818770942
RGI2000-v7.0-C-15-01702,80.96048174139729,29.862937000000002,0.05097928989033877
RGI2000-v7.0-C-15-01703,80.96316038738739,29.860701,0.04238144526801275
RGI2000-v7.0-C-15-01704,80.96089654986179,29.8587365,0.030586536417264963
RGI2000-v7.0-C-15-01705,80.96015325562774,29.87142,0.026202220459067505
RGI2000-v7.0-C-15-01706,81.01151670703084,29.8490045,0.03593766807422564
RGI2000-v7.0-C-15-01707,81.01908029166667,29.852883,1.763847371560915
RGI2000-v7.0-C-15-01708,81.02580586128072,29.837474,0.04950042385505888
RGI2000-v7.0-C-15-01709,81.03598853245676,29.8340685,0.3963423244818107
RGI2000-v7.0-C-15-01710,80.90686673280702,29.918696,0.06662401009203991
RGI2000-v7.0-C-15-01711,80.90306649310344,29.917733,0.06612771472066818
RGI2000-v7.0-C-15-01712,80.89916543833758,29.920575999999997,0.11425631422284747
RGI2000-v7.0-C-15-01713,80.8892541214804,29.922732,0.3815793455576649
RGI2000-v7.0-C-15-01714,80.87445623239518,29.925234,0.4409931031622777
RGI2000-v7.0-C-15-01715,80.859872,29.923237,0.4449573474405267
RGI2000-v7.0-C-15-01716,80.85819716901138,29.929971000000002,0.057493954615453854
RGI2000-v7.0-C-15-01717,80.86006050649351,29.933197,0.5514978681717984
RGI2000-v7.0-C-15-01718,80.85377702790025,29.9362695,0.054066923263965054
RGI2000-v7.0-C-15-01719,80.84845797378277,29.932809,0.10704165915689436
RGI2000-v7.0-C-15-01720,80.84588223133748,29.934952,0.04777829598204401
RGI2000-v7.0-C-15-01721,80.84269306462926,29.9415175,0.7408770418641621
RGI2000-v7.0-C-15-01722,80.85443342852061,29.9455555,0.16084650654482646
RGI2000-v7.0-C-15-01723,80.85382883427715,29.929882,0.12116146168615691
RGI2000-v7.0-C-15-01724,80.84028724747974,29.956059,1.5237047242402566
RGI2000-v7.0-C-15-01725,80.85908884560102,29.9626875,0.22176844038883747
RGI2000-v7.0-C-15-01726,80.87117369038978,29.957074,4.377013983858991
RGI2000-v7.0-C-15-01727,80.89057492925784,29.964012,0.0476977616656918
RGI2000-v7.0-C-15-01728,80.88931687343586,29.9662785,0.04668686756751461
RGI2000-v7.0-C-15-01729,80.89597948071358,29.965419,0.03183476290735597
RGI2000-v7.0-C-15-01730,80.89560870323741,29.9689215,0.025112420361288766
RGI2000-v7.0-C-15-01731,80.89102477487013,29.9727,0.07288580939057562
RGI2000-v7.0-C-15-01732,80.87912525020562,29.9758025,0.2865670139523536
RGI2000-v7.0-C-15-01733,80.8994931017125,29.9582875,0.025279926775882314
RGI2000-v7.0-C-15-01734,80.90271478587445,29.953719999999997,0.051194044739384575
RGI2000-v7.0-C-15-01735,80.90617534418703,29.961215000000003,0.35668256246679503
RGI2000-v7.0-C-15-01736,80.85424842387852,29.9895415,4.856455790172194
RGI2000-v7.0-C-15-01737,80.81631274789474,29.9352245,0.5672121227933693
RGI2000-v7.0-C-15-01738,80.811825686948,29.926693999999998,0.10425669351732644
RGI2000-v7.0-C-15-01739,80.81025225412978,29.918961,0.051403480044434534
RGI2000-v7.0-C-15-01757,80.81112729237287,30.303072,0.10368507529164256
RGI2000-v7.0-C-15-01758,80.79697791563471,30.323572,0.2683766500278127
RGI2000-v7.0-C-15-01777,80.693544264933,30.402213,0.47970934583178787
RGI2000-v7.0-C-15-01778,80.7040229052123,30.408,1.5749287581666647
RGI2000-v7.0-C-15-01779,80.68496381665537,30.38722,0.039005040601192795
RGI2000-v7.0-C-15-01780,80.67366490269151,30.4017465,4.56351911702637
RGI2000-v7.0-C-15-01781,80.65805415823328,30.409939,0.19192479335598406
RGI2000-v7.0-C-15-01787,80.74185030724549,30.3803025,0.4826038509128426
RGI2000-v7.0-C-15-01788,80.74869709220835,30.366315,0.25975437477351704
RGI2000-v7.0-C-15-01789,80.7607757790224,30.362941,0.7007624147049076
RGI2000-v7.0-C-15-01790,80.77111893854166,30.356945500000002,0.5806115415696446
RGI2000-v7.0-C-15-01791,80.771501,30.347013500000003,0.06555488741081036
RGI2000-v7.0-C-15-01807,80.91101298891212,30.296194,0.4462419962040082
RGI2000-v7.0-C-15-01808,80.9128802809052,30.2915925,0.07077424959610358
RGI2000-v7.0-C-15-01810,80.9192381529484,30.284097,0.05608319559988745
RGI2000-v7.0-C-15-01811,80.92782602569217,30.275244,0.21828687887969644
RGI2000-v7.0-C-15-01813,80.94293589137052,30.268183999999998,0.023299039049359906
RGI2000-v7.0-C-15-01814,80.96279700854701,30.265875,0.08409759102797981
RGI2000-v7.0-C-15-01815,80.96895439904326,30.2717655,0.19201011064605147
RGI2000-v7.0-C-15-01816,80.89575657830312,30.304125,0.388114380679925
RGI2000-v7.0-C-15-01817,80.88612594961948,30.302913,0.264636344084419
RGI2000-v7.0-C-15-01818,80.88074866504812,30.3022585,0.059249203457551455
RGI2000-v7.0-C-15-01819,80.85038697610037,30.2946685,0.11881950479124635
RGI2000-v7.0-C-15-01820,80.84692264647578,30.290875,0.10942882034781477
RGI2000-v7.0-C-15-01821,80.84547347245277,30.2872335,0.026562533498149007
RGI2000-v7.0-C-15-01822,80.85008097026432,30.2847355,0.3218638241105966
RGI2000-v7.0-C-15-01823,80.83988918472244,30.277849,0.6115737247257599
RGI2000-v7.0-C-15-01824,80.83111770971303,30.269921,0.04294278982174507
RGI2000-v7.0-C-15-01825,80.84905348478226,30.263019,0.18564870266372668
RGI2000-v7.0-C-15-01826,80.85645619945845,30.260303,0.42408001197819184
RGI2000-v7.0-C-15-01827,80.85583689492552,30.267508499999998,0.2442244766630141
RGI2000-v7.0-C-15-01828,80.87446057794227,30.265559000000003,0.04152103100613007
RGI2000-v7.0-C-15-01829,80.85640588347458,30.2510785,0.22275599885060107
RGI2000-v7.0-C-15-01830,80.86896614403736,30.238598,0.08866009566551859
RGI2000-v7.0-C-15-01831,80.83868772617637,30.293067999999998,1.016862146414535
RGI2000-v7.0-C-15-02096,81.401656878125,30.3613135,0.10245324946258047
RGI2000-v7.0-C-15-02097,81.39967552615063,30.366815000000003,0.07199672879121566
RGI2000-v7.0-C-15-02098,81.40800994998173,30.355484,0.25937318802558157
RGI2000-v7.0-C-15-02100,81.39969985119671,30.325569,0.3205160091223254
RGI2000-v7.0-C-15-02121,81.3811816748117,30.198677,0.0631298486153418
RGI2000-v7.0-C-15-02122,81.39726417075664,30.213645,0.027695901727546143
RGI2000-v7.0-C-15-02123,81.39704440989115,30.2293905,2.471712409952739
RGI2000-v7.0-C-15-02124,81.40469358928573,30.2497295,35.785080220265435
RGI2000-v7.0-C-15-02125,81.44561301066989,30.2575965,0.07807016845614809
RGI2000-v7.0-C-15-02126,81.44668437113899,30.2602485,0.010586042374496186
RGI2000-v7.0-C-15-02127,81.47078198780457,30.25141,0.026016813648697203
RGI2000-v7.0-C-15-02128,81.47225240058825,30.2476325,0.011890889512643554
RGI2000-v7.0-C-15-02129,81.46562956915585,30.2798275,0.32799608827488436
RGI2000-v7.0-C-15-02130,81.41969592356145,30.300729,0.06239572321374364
RGI2000-v7.0-C-15-02132,81.42885076555362,30.333384000000002,6.094817840905368
RGI2000-v7.0-C-15-02140,81.51520879453358,30.2655545,0.2858503466770377
RGI2000-v7.0-C-15-02141,81.5231885729387,30.2679755,0.2626975148159344
RGI2000-v7.0-C-15-02142,81.55222463866292,30.1997,0.143847443450296
RGI2000-v7.0-C-15-02143,81.56484263042897,30.198219,0.07553109616761412
RGI2000-v7.0-C-15-02144,81.56730051725901,30.1983715,0.12237813987081315
RGI2000-v7.0-C-15-02145,81.5714314680057,30.19928,0.18090346837749421
RGI2000-v7.0-C-15-02146,81.57417440718868,30.1987095,0.03666455136707503
RGI2000-v7.0-C-15-02147,81.57775005409783,30.200235,0.13418614949133803
RGI2000-v7.0-C-15-02148,81.58078125259652,30.1993845,0.10514061525032196
RGI2000-v7.0-C-15-02149,81.58676567479816,30.199844,0.2029813130968862
RGI2000-v7.0-C-15-02150,81.5935590189776,30.194975499999998,0.01222772946753361
RGI2000-v7.0-C-15-02151,81.5981885964343,30.1985795,0.7738447872217502
RGI2000-v7.0-C-15-02152,81.60680372611588,30.1890425,0.08653152322026668
RGI2000-v7.0-C-15-02153,81.61430648068728,30.2012195,0.567227158442009
RGI2000-v7.0-C-15-02154,81.61885655429654,30.207183999999998,0.05275693515113646
RGI2000-v7.0-C-15-02155,81.62285050202851,30.206124,0.16067541065115107
RGI2000-v7.0-C-15-02156,81.62563956637004,30.2058955,0.018350056044069262
RGI2000-v7.0-C-15-02157,81.62347930905949,30.1998355,0.5526386343266096
RGI2000-v7.0-C-15-02158,81.63246963066047,30.1799925,8.581183140604498
RGI2000-v7.0-C-15-02159,81.62980296855983,30.166748499999997,0.07920229168474993
RGI2000-v7.0-C-15-02160,81.60764699048804,30.1663885,0.3406836200234635
RGI2000-v7.0-C-15-02161,81.6002872119293,30.1535875,0.018672953780239795
RGI2000-v7.0-C-15-02162,81.65598712413954,30.1576375,0.17468526606942433
RGI2000-v7.0-C-15-02163,81.66169381354342,30.157015,0.4864589472652881
RGI2000-v7.0-C-15-02164,81.65974641164007,30.148194,0.1443158202153621
RGI2000-v7.0-C-15-02165,81.65705572797131,30.144068500000003,0.106112856789005
RGI2000-v7.0-C-15-02166,81.65679656908887,30.1829955,0.3438968104868019
RGI2000-v7.0-C-15-02167,81.75963611966012,30.178013,3.0188053619340756
RGI2000-v7.0-C-15-02168,81.77765652148412,30.166711999999997,4.203809275617156
RGI2000-v7.0-C-15-02169,81.78316400136868,30.187071000000003,0.629458064877489
RGI2000-v7.0-C-15-02170,81.7884511115625,30.203573,0.23412822462103197
RGI2000-v7.0-C-15-02171,81.7939029905462,30.209683499999997,0.9310834426603118
RGI2000-v7.0-C-15-02172,81.8012754280303,30.2056865,0.20873101114384976
RGI2000-v7.0-C-15-02173,81.80686384327902,30.2111075,0.06986471397867211
RGI2000-v7.0-C-15-02174,81.77628916904885,30.208225499999998,2.2208860944560014
RGI2000-v7.0-C-15-02175,81.75809624318964,30.20664,1.1070275953044058
RGI2000-v7.0-C-15-02176,81.80876496616273,30.159016,53.034318669732166
RGI2000-v7.0-C-15-02177,81.78863921992823,30.1220615,0.056586177106634265
RGI2000-v7.0-C-15-02178,81.78529791334894,30.12106,0.05042677707497121
RGI2000-v7.0-C-15-02179,81.80219426652913,30.116512,0.10923695844937381
RGI2000-v7.0-C-15-02180,81.79966301338536,30.099618,0.27392922236116396
RGI2000-v7.0-C-15-02181,81.79465219320136,30.097378499999998,0.1030458543595263
RGI2000-v7.0-C-15-02182,81.78427154166667,30.103175,0.4146539591862527
RGI2000-v7.0-C-15-02183,81.82710902086006,30.0929305,0.1866538261856212
RGI2000-v7.0-C-15-02184,81.83690024315189,30.0951875,0.19207181378921606
RGI2000-v7.0-C-15-02185,81.82382857478382,30.081197,0.2644277006682501
RGI2000-v7.0-C-15-02186,81.86741369979362,30.119816999999998,0.11201675819276587
RGI2000-v7.0-C-15-02187,81.87614914726737,30.125452000000003,0.039618230497810485
RGI2000-v7.0-C-15-02188,81.89689006552658,30.120784,0.10585422401187261
RGI2000-v7.0-C-15-02189,81.90086463851353,30.12032,0.07445112084093668
RGI2000-v7.0-C-15-02190,81.90471634099566,30.123267499999997,1.4354322860273423
RGI2000-v7.0-C-15-02191,81.91944586134687,30.121004,0.7948597588965706
RGI2000-v7.0-C-15-02192,81.92824239650638,30.1103895,2.903144461589498
RGI2000-v7.0-C-15-02193,81.91303875894837,30.106483,1.8681160330852633
RGI2000-v7.0-C-15-02194,81.8947094396149,30.098563499999997,1.027668511452084
RGI2000-v7.0-C-15-02195,81.88479467503706,30.097499499999998,0.8522102133833231
RGI2000-v7.0-C-15-02196,81.90675466763285,30.089484,0.2108717272314995
RGI2000-v7.0-C-15-02197,81.90964168587361,30.086438,0.15821584750299822
RGI2000-v7.0-C-15-02198,81.9121945727756,30.0839425,0.05571742268025746
RGI2000-v7.0-C-15-02199,81.92412999999999,30.083751999999997,2.740900771483062
RGI2000-v7.0-C-15-02200,81.9357676541058,30.082631,0.6259332715311072
RGI2000-v7.0-C-15-02201,81.93493523238067,30.071851000000002,0.11092357479702736
RGI2000-v7.0-C-15-02202,81.94063195,30.072195,0.5156210034671049
RGI2000-v7.0-C-15-02203,81.9555523927581,30.078751500000003,2.05733179737934
RGI2000-v7.0-C-15-02204,81.93770098840207,30.095929499999997,0.2774342774893489
RGI2000-v7.0-C-15-02205,81.92523438738799,30.0644735,0.08864743181633535
RGI2000-v7.0-C-15-02206,81.91855795672842,30.0670775,0.08859791028360241
RGI2000-v7.0-C-15-02207,81.9113665307517,30.062970999999997,1.0863905702640786
RGI2000-v7.0-C-15-02208,81.90215351944379,30.0600625,0.3012332179077896
RGI2000-v7.0-C-15-02209,81.8949526949244,30.0531605,0.671285852574718
RGI2000-v7.0-C-15-02210,81.88857486786512,30.046935,0.05648727242678573
RGI2000-v7.0-C-15-02211,81.88439905886196,30.046974,0.06839863975511856
RGI2000-v7.0-C-15-02212,81.88032579606721,30.050981999999998,0.4064195886327341
RGI2000-v7.0-C-15-02213,81.89287687937735,30.038259500000002,0.5884770284659058
RGI2000-v7.0-C-15-02214,81.90440562560849,30.043558,1.1200861014258232
RGI2000-v7.0-C-15-02215,81.91208137432054,30.047016,0.153022104929041
RGI2000-v7.0-C-15-02216,81.91335884084506,30.0415015,0.22654692100201343
RGI2000-v7.0-C-15-02217,81.91917651667907,30.049083,0.14576818852168671
RGI2000-v7.0-C-15-02218,81.92456143188286,30.0538495,0.2511450216920958
RGI2000-v7.0-C-15-02219,81.94307169522403,30.0382035,0.07241646189026792
RGI2000-v7.0-C-15-02220,81.95095637040004,30.034466000000002,0.15416499693716776
RGI2000-v7.0-C-15-02221,81.95622885025628,30.0299175,0.8043710526934508
RGI2000-v7.0-C-15-02222,81.96857657102638,30.03132,0.28709105042754096
RGI2000-v7.0-C-15-02223,81.92065153553355,30.024436,0.049936184880863516
RGI2000-v7.0-C-15-02224,81.99372428221314,30.0802305,0.3297436956833638
RGI2000-v7.0-C-15-02225,81.98489831627296,30.0879395,1.4634141262032683
RGI2000-v7.0-C-15-02226,81.92613798754824,30.148958,1.3221251503801787
RGI2000-v7.0-C-15-02227,81.94118876428865,30.162755500000003,0.08614504215686916
RGI2000-v7.0-C-15-02228,81.93459504005924,30.174785,0.07778092928535943
RGI2000-v7.0-C-15-02229,81.94140005028089,30.178373,0.06646428426340903
RGI2000-v7.0-C-15-02230,81.948604888563,30.17859,0.03385369084920553
RGI2000-v7.0-C-15-02231,81.96704888819862,30.182547,0.09417870872888941
RGI2000-v7.0-C-15-02232,81.98060283856276,30.1858935,0.03082441308310306
RGI2000-v7.0-C-15-02233,81.91503455576489,30.1668725,0.06223022368248321
RGI2000-v7.0-C-15-02234,81.90083057504629,30.16708,1.3204392123566202
RGI2000-v7.0-C-15-02235,81.8929612502409,30.1789755,0.9206648584593203
RGI2000-v7.0-C-15-02236,81.90396442159943,30.1807715,1.9101991690015692
RGI2000-v7.0-C-15-02237,81.90588343446792,30.194526,1.0483668245214017
RGI2000-v7.0-C-15-02238,81.89203105557277,30.1937955,0.6558815531277234
RGI2000-v7.0-C-15-02239,81.89039693922768,30.2014055,0.046277066242372586
RGI2000-v7.0-C-15-02240,81.89065725142993,30.205293500000003,0.05447755352813221
RGI2000-v7.0-C-15-02241,81.88350276682135,30.201253,0.24876883832399138
RGI2000-v7.0-C-15-02242,81.88237751484402,30.190820000000002,0.3095296385790433
RGI2000-v7.0-C-15-02243,81.8809012016159,30.214868,0.12125664213670274
RGI2000-v7.0-C-15-02244,81.89263181233702,30.250731000000002,2.161523873570031
RGI2000-v7.0-C-15-02245,81.89876757754473,30.2558565,0.4216625768345433
RGI2000-v7.0-C-15-02246,81.90752105478896,30.25083,0.21630559308390843
RGI2000-v7.0-C-15-02247,81.92065871192412,30.253143,0.2312605317611595
RGI2000-v7.0-C-15-02248,81.89062513957668,30.271411,0.08036693173718229
RGI2000-v7.0-C-15-02249,81.88261069711538,30.276301,0.05982444704707854
RGI2000-v7.0-C-15-02250,81.88550890919038,30.289151,0.049368286987865634
RGI2000-v7.0-C-15-02251,81.88035324159188,30.296311000000003,0.4030984587389933
RGI2000-v7.0-C-15-02252,81.87307171617336,30.300067499999997,0.2050879476213531
RGI2000-v7.0-C-15-02253,81.86967703198287,30.294105000000002,1.0355720549550804
RGI2000-v7.0-C-15-02254,81.86167955160468,30.275402,0.9991079561885481
RGI2000-v7.0-C-15-02255,81.85591327219987,30.269835,0.06165414048443065
RGI2000-v7.0-C-15-02256,81.84795670171971,30.283435,2.324646656082874
RGI2000-v7.0-C-15-02257,81.83135673584906,30.290599999999998,0.06474533070233966
RGI2000-v7.0-C-15-02258,81.82352022368421,30.2883455,0.08089178281381176
RGI2000-v7.0-C-15-02259,81.8159546544586,30.283867,0.38723147388998214
RGI2000-v7.0-C-15-02260,81.80048471008868,30.284982,0.11198526154982197
RGI2000-v7.0-C-15-02261,81.82179077761286,30.321174499999998,0.8686261702187773
RGI2000-v7.0-C-15-02262,81.82465987508068,30.338200999999998,0.27265818626727384
RGI2000-v7.0-C-15-02263,81.84322339756896,30.3366755,0.9773335536139882
RGI2000-v7.0-C-15-02264,81.85205555847894,30.328889,2.1483673039030737
RGI2000-v7.0-C-15-02265,81.84927517717756,30.3191035,0.12079228480470225
RGI2000-v7.0-C-15-02266,81.88350716045832,30.3114215,1.2820822543643806
RGI2000-v7.0-C-15-02267,81.90005820095212,30.3054955,0.3302902523738485
RGI2000-v7.0-C-15-02268,81.91932397161528,30.323816,0.11048884177021766
RGI2000-v7.0-C-15-02269,81.92383271830985,30.322922499999997,0.05661485559386165
RGI2000-v7.0-C-15-02270,81.92321939811146,30.328078,0.1532720639572819
RGI2000-v7.0-C-15-02271,81.90008538141562,30.3342315,0.07255093553133753
RGI2000-v7.0-C-15-02272,81.88593998275807,30.333678,2.9206433385604273
RGI2000-v7.0-C-15-02273,81.8993277027837,30.352526,0.11363909296707903
RGI2000-v7.0-C-15-02274,81.88725699606815,30.357592500000003,0.09804952372023273
RGI2000-v7.0-C-15-02275,81.8768959933551,30.359415,0.3803332639027503
RGI2000-v7.0-C-15-02276,81.98330781499435,30.321823000000002,0.33161852056144464
RGI2000-v7.0-C-15-02277,81.99255596683673,30.3157555,0.5541390425981196
RGI2000-v7.0-C-15-02278,82.00115373013244,30.3107585,0.06780361212771104
RGI2000-v7.0-C-15-02279,82.00562067877492,30.320376,1.9600331196915974
RGI2000-v7.0-C-15-02280,82.01805853896933,30.321984,0.12498189380830016
RGI2000-v7.0-C-15-02281,82.0299481960306,30.3209835,0.025158697256191742
RGI2000-v7.0-C-15-02282,82.03048156289307,30.328957000000003,6.3143409936066925
RGI2000-v7.0-C-15-02283,82.0378563836204,30.3136255,0.026327690695216625
RGI2000-v7.0-C-15-02284,82.04363802050563,30.3022925,0.0263677770109605
RGI2000-v7.0-C-15-02285,82.06412299744898,30.3354725,0.8222541255351975
RGI2000-v7.0-C-15-02286,82.11816185693337,30.321795,0.3252560348228861
RGI2000-v7.0-C-15-02288,82.11947919434195,30.2971885,2.8236643167718842
RGI2000-v7.0-C-15-02289,82.10616525453665,30.282758,0.5230507818497455
RGI2000-v7.0-C-15-02290,82.1196951767387,30.261626,1.5630827774332672
RGI2000-v7.0-C-15-02291,82.1046931875,30.257203500000003,0.02908022737922609
RGI2000-v7.0-C-15-02292,82.10119041215253,30.251592000000002,0.14916602498680936
RGI2000-v7.0-C-15-02293,82.09821249032566,30.244757,0.1021633087011035
RGI2000-v7.0-C-15-02294,82.10249376208938,30.241654,0.39128908704620796
RGI2000-v7.0-C-15-02295,82.09432139650538,30.2101635,0.086160537795794
RGI2000-v7.0-C-15-02296,82.12841348135964,30.200971000000003,1.249481623468413
RGI2000-v7.0-C-15-02297,82.1382245161605,30.196471,0.11122388441019355
RGI2000-v7.0-C-15-02298,82.15140202050515,30.183790000000002,0.6356731236841634
RGI2000-v7.0-C-15-02299,82.16006918083642,30.186304,0.10923816525940774
RGI2000-v7.0-C-15-02300,82.17082066597249,30.1753475,3.863773754208844
RGI2000-v7.0-C-15-02301,82.18383914114298,30.1699085,0.44220790871419124
RGI2000-v7.0-C-15-02302,82.15524258649553,30.171199,0.04992441604530799
RGI2000-v7.0-C-15-02303,82.12880941912144,30.1252925,0.13298503664803488
RGI2000-v7.0-C-15-02304,82.12943654612675,30.1180285,0.12645296961730676
RGI2000-v7.0-C-15-02305,82.13526033523982,30.1182775,0.3572034084520723
RGI2000-v7.0-C-15-02306,82.14246782894736,30.1198265,0.46409648741097875
RGI2000-v7.0-C-15-02307,82.16027104830232,30.113304499999998,0.5971750272559438
RGI2000-v7.0-C-15-02308,82.16902004424594,30.1202275,18.02187270644013
RGI2000-v7.0-C-15-02309,82.13709223711143,30.0821105,0.040882464545547746
RGI2000-v7.0-C-15-02310,82.13354576386988,30.082227500000002,0.07929503490232392
RGI2000-v7.0-C-15-02311,82.1406431416122,30.0788255,0.27896551304413303
RGI2000-v7.0-C-15-02312,82.15115231225681,30.072271,4.746826953463047
RGI2000-v7.0-C-15-02313,82.15710027375809,30.0507025,0.13334273564470467
RGI2000-v7.0-C-15-02314,82.16091633296746,30.050139,0.05625072046398755
RGI2000-v7.0-C-15-02315,82.16683455707667,30.0545885,1.0475696847399814
RGI2000-v7.0-C-15-02316,82.17363978991867,30.043014,0.0481554579806325
RGI2000-v7.0-C-15-02317,82.18153600707669,30.040087,2.63529369520591
RGI2000-v7.0-C-15-02318,82.19048510962003,30.0332655,0.10013620857284584
RGI2000-v7.0-C-15-02319,82.195598417246,30.031914,0.0985232392056993
RGI2000-v7.0-C-15-02320,82.20208115471141,30.036652,1.5713482721922662
RGI2000-v7.0-C-15-02321,82.2080163559856,30.043062,0.12592692774053008
RGI2000-v7.0-C-15-02322,82.21280963653498,30.039803,0.08148448780561234
RGI2000-v7.0-C-15-02323,82.21113471365929,30.0323605,0.04988624302845228
RGI2000-v7.0-C-15-02324,82.21940492556399,30.030775,0.06645022580167805
RGI2000-v7.0-C-15-02325,82.22088444461781,30.022638,0.09509809884583685
RGI2000-v7.0-C-15-02326,82.222574,30.018202000000002,0.16570961830350953
RGI2000-v7.0-C-15-02327,82.22773546142582,30.0243995,0.07364271546514231
RGI2000-v7.0-C-15-02328,82.2333699951923,30.013253,0.25165723941890017
RGI2000-v7.0-C-15-02329,82.22892263944044,30.012033000000002,0.05424458052792
RGI2000-v7.0-C-15-02330,82.23310364896939,30.0080655,0.02190131538428291
RGI2000-v7.0-C-15-02331,82.23730356143366,30.004679,0.03243607349173324
RGI2000-v7.0-C-15-02332,82.232951118157,29.988231499999998,0.03523294983057921
RGI2000-v7.0-C-15-02333,82.22548067143848,29.9883735,1.4024187128284078
RGI2000-v7.0-C-15-02334,82.21823176853813,29.9950405,0.06856224309133709
RGI2000-v7.0-C-15-02335,82.20897665483871,29.9899125,0.2862420320303129
RGI2000-v7.0-C-15-02336,82.21269206652485,29.975783,0.44222435798271825
RGI2000-v7.0-C-15-02337,82.21257548779778,29.967807999999998,0.2616962717257836
RGI2000-v7.0-C-15-02338,82.21014918653688,29.9632135,0.0998370851512016
RGI2000-v7.0-C-15-02339,82.20775811533122,29.9549695,0.034455386981575166
RGI2000-v7.0-C-15-02340,82.21024542046757,29.951075000000003,0.14563452422369905
RGI2000-v7.0-C-15-02341,82.21258794629458,29.945978,0.022930957026066637
RGI2000-v7.0-C-15-02342,82.2201465,29.9313075,0.06879807234658981
RGI2000-v7.0-C-15-02343,82.21644568327403,29.922642,0.071826442777787
RGI2000-v7.0-C-15-02344,82.222803069006,29.9207215,0.031382181510428445
RGI2000-v7.0-C-15-02345,82.22137943307848,29.9179045,0.03858725276943008
RGI2000-v7.0-C-15-02346,82.22117558027762,29.915385999999998,0.04508048710212494
RGI2000-v7.0-C-15-02347,82.22561268206522,29.9160435,0.04776107065581144
RGI2000-v7.0-C-15-02348,82.22030839703973,29.9050385,1.6713093302077755
RGI2000-v7.0-C-15-02349,82.17224436220869,29.908755,0.6218730436790277
RGI2000-v7.0-C-15-02350,82.16276812264599,29.9103055,0.06011755285510464
RGI2000-v7.0-C-15-02351,82.15772416560804,29.908475000000003,2.338378782296343
RGI2000-v7.0-C-15-02352,82.16368562335788,29.9170875,0.11261680789594228
RGI2000-v7.0-C-15-02353,82.16397881613757,29.933042999999998,0.02243476335896077
RGI2000-v7.0-C-15-02354,82.15944527894737,29.937313,0.09947708196225576
RGI2000-v7.0-C-15-02355,82.16211883261339,29.9391975,0.0839196639088637
RGI2000-v7.0-C-15-02356,82.16795207686334,29.943859500000002,0.13511483346357137
RGI2000-v7.0-C-15-02357,82.17304014906304,29.9523365,2.7996990495742327
RGI2000-v7.0-C-15-02358,82.18168067861126,29.9428875,0.7004072417508912
RGI2000-v7.0-C-15-02359,82.1962361739059,29.9651025,10.006717165291752
RGI2000-v7.0-C-15-02360,82.17537018514852,29.9823565,0.4503993495985741
RGI2000-v7.0-C-15-02361,82.16107181079124,29.963124999999998,1.4361014538199277
RGI2000-v7.0-C-15-02362,82.14827598993644,29.9287705,3.4841876355866965
RGI2000-v7.0-C-15-02363,82.12581501609174,29.9350275,0.06595235693398366
RGI2000-v7.0-C-15-02364,82.11715801720648,29.933527499999997,1.9163845195808258
RGI2000-v7.0-C-15-02365,82.09127813473135,29.919312499999997,0.09626918996270706
RGI2000-v7.0-C-15-02366,82.08660968682327,29.9177565,0.2521366832805037
RGI2000-v7.0-C-15-02367,82.07824149079111,29.905981,1.742276218883245
RGI2000-v7.0-C-15-02368,82.0713452362092,29.898077,0.025455026330798686
RGI2000-v7.0-C-15-02369,82.06990744046979,29.8968235,0.03229359759924639
RGI2000-v7.0-C-15-02370,82.0732634768025,29.894864499999997,0.026716090793905793
RGI2000-v7.0-C-15-02371,82.08120176957831,29.8940275,0.5150471485632482
RGI2000-v7.0-C-15-02372,82.08448591710183,29.885461999999997,0.037878929706543524
RGI2000-v7.0-C-15-02373,82.08917493223184,29.8857045,0.027481414967797775
RGI2000-v7.0-C-15-02374,82.09402227252252,29.885101,0.07967169806127632
RGI2000-v7.0-C-15-02375,82.11186049688038,29.879196999999998,0.19326771651004962
RGI2000-v7.0-C-15-02376,82.16314193961352,29.8937315,0.14220292978630475
RGI2000-v7.0-C-15-02377,82.16682102742458,29.8901605,0.04538441993212194
RGI2000-v7.0-C-15-02378,82.17017350369937,29.8934265,0.14465260031087154
RGI2000-v7.0-C-15-02379,82.17245607736041,29.886636,0.2822169201937628
RGI2000-v7.0-C-15-02380,82.17444615833334,29.879838499999998,0.09496317099988341
RGI2000-v7.0-C-15-02381,82.24743727980132,29.9467955,0.034198153873322194
RGI2000-v7.0-C-15-02382,82.25450387492157,29.946229000000002,0.03903952757317328
RGI2000-v7.0-C-15-02383,82.24622640618163,29.953461,0.1015289179536998
RGI2000-v7.0-C-15-02384,82.23787147422644,29.9601415,0.0895980947274424
RGI2000-v7.0-C-15-02385,82.24081064254386,29.9670265,0.17765189052975217
RGI2000-v7.0-C-15-02386,82.23967133566025,29.978106,0.01659065131432984
RGI2000-v7.0-C-15-02387,82.24339309908885,29.981231,0.4141427179303187
RGI2000-v7.0-C-15-02388,82.24812575900779,29.983409,0.0631049842185418
RGI2000-v7.0-C-15-02389,82.22998764851485,29.978277,0.3850368613125509
RGI2000-v7.0-C-15-02390,82.20157513447319,30.009422999999998,0.2532996691723884
RGI2000-v7.0-C-15-02391,82.20124266297631,30.0165315,0.03281267951894761
RGI2000-v7.0-C-15-02392,82.19713300379178,30.023721000000002,0.05739960155108308
RGI2000-v7.0-C-15-02393,82.19999786009174,30.02526,0.06929593336027354
RGI2000-v7.0-C-15-02394,82.19931493765743,30.047264499999997,0.09919443026641053
RGI2000-v7.0-C-15-02395,82.17118605761317,30.032483,0.05844797336174407
RGI2000-v7.0-C-15-02396,82.1281711056724,30.027054,0.27696309171762534
RGI2000-v7.0-C-15-02397,82.12543950609756,30.0307665,0.10039127435331872
RGI2000-v7.0-C-15-02398,82.12764959843841,30.0212615,0.14999824096561382
RGI2000-v7.0-C-15-02399,82.1298784010181,30.016371499999998,0.06067609448149951
RGI2000-v7.0-C-15-02400,82.11021388431186,30.0299205,0.5738569907963198
RGI2000-v7.0-C-15-02401,82.1025810901427,30.0175105,0.13879064988148743
RGI2000-v7.0-C-15-02402,82.09516441506605,30.012549,0.14845533611122358
RGI2000-v7.0-C-15-02403,82.07590036708137,29.9976085,1.317337710047486
RGI2000-v7.0-C-15-02404,82.07161989172786,29.981337500000002,3.9311145654878024
RGI2000-v7.0-C-15-02405,82.06830007366747,29.969011000000002,0.42051047634557676
RGI2000-v7.0-C-15-02406,82.06054747524752,29.9679465,0.19723015945889044
RGI2000-v7.0-C-15-02407,82.05791031561085,29.964731,0.06144478298101827
RGI2000-v7.0-C-15-02408,82.05269199240577,29.9641995,0.5706309322440188
RGI2000-v7.0-C-15-02409,82.05023915383839,29.956014,0.5716542678651326
RGI2000-v7.0-C-15-02410,82.04569261983795,29.956807,0.05683204018652448
RGI2000-v7.0-C-15-02411,82.04410861479593,29.951847,0.10079692717193577
RGI2000-v7.0-C-15-02412,82.03839889145948,29.9560135,0.06316198864678838
RGI2000-v7.0-C-15-02413,82.02457428661327,29.9552175,0.04557122305952433
RGI2000-v7.0-C-15-02414,82.01948816022559,29.9565795,0.13386706860817588
RGI2000-v7.0-C-15-02415,82.01390484660018,29.9617565,0.10030746356108747
RGI2000-v7.0-C-15-02416,82.00990245400777,29.9524615,0.03576362117752049
RGI2000-v7.0-C-15-02417,82.03615494310722,29.999853,0.028238196790572028
RGI2000-v7.0-C-15-02418,82.03719869756097,30.001531,0.029618469675658652
RGI2000-v7.0-C-15-02419,82.04412017358366,30.002018,0.23217093856209237
RGI2000-v7.0-C-15-02420,82.04888631852792,29.997815,0.6434338550739902
RGI2000-v7.0-C-15-02421,82.05346715143293,30.005269499999997,0.10811026103735676
RGI2000-v7.0-C-15-02422,82.04761869775766,30.015998,0.4640557053745156
RGI2000-v7.0-C-15-02423,82.04035075117643,30.013129499999998,0.207021080266624
RGI2000-v7.0-C-15-02424,82.0652439110815,30.015267,0.8103036707438306
RGI2000-v7.0-C-15-02425,82.0844400130427,30.039859,0.8628089898625606
RGI2000-v7.0-C-15-02426,82.08409879704868,30.048713,0.037267852797406346
RGI2000-v7.0-C-15-02427,82.07776423134439,30.0475755,0.22924246326975173
RGI2000-v7.0-C-15-02428,82.09153702264615,30.0478385,0.10699574145583084
RGI2000-v7.0-C-15-02429,82.095507408417,30.042424,0.10513829127953914
RGI2000-v7.0-C-15-02430,82.10550379482758,30.046955,2.3658822564450896
RGI2000-v7.0-C-15-02431,82.10400159723461,30.057496,0.26018618683523503
RGI2000-v7.0-C-15-02432,82.10591590172234,30.068371499999998,2.455599224603435
RGI2000-v7.0-C-15-02433,82.10227737101181,30.077699000000003,0.3453695758019629
RGI2000-v7.0-C-15-02434,82.10904523246373,30.081927999999998,0.0578132734026046
RGI2000-v7.0-C-15-02435,82.10632440346976,30.088484,0.15158713871176152
RGI2000-v7.0-C-15-02436,82.10289151033592,30.0925995,0.07730847804833357
RGI2000-v7.0-C-15-02437,82.08041402681314,30.174328,0.0392616919892839
RGI2000-v7.0-C-15-02438,81.90194804166666,30.1380945,3.638810102929684
RGI2000-v7.0-C-15-02439,81.88270523601011,30.260040500000002,0.036880957802150796
RGI2000-v7.0-C-15-02440,82.08818810307505,29.984118000000002,3.804586069265947
RGI2000-v7.0-C-15-02441,82.07005697573803,29.91392,0.2898957851302407
RGI2000-v7.0-C-15-02442,82.22866681291029,29.7965025,0.03751194661737542
RGI2000-v7.0-C-15-02443,82.23553482133627,29.8003875,0.5112434445592785
RGI2000-v7.0-C-15-02444,82.23762103457109,29.7939555,0.019925671934902887
RGI2000-v7.0-C-15-02445,82.25000149643175,29.8013885,1.4367249638538493
RGI2000-v7.0-C-15-02446,82.2545235,29.807332000000002,0.026076986242391825
RGI2000-v7.0-C-15-02447,82.25696167384106,29.8064545,0.01729789540002286
RGI2000-v7.0-C-15-02448,82.25910167913607,29.806365,0.06717889129883778
RGI2000-v7.0-C-15-02449,82.26304705569035,29.804372,0.04235646219481368
RGI2000-v7.0-C-15-02450,82.2599876859756,29.801513999999997,0.19004424010082474
RGI2000-v7.0-C-15-02451,82.25837488153867,29.7968165,0.23376787822003237
RGI2000-v7.0-C-15-02452,82.26203003245408,29.794051500000002,0.112102361206613
RGI2000-v7.0-C-15-02453,82.26009047700298,29.790731,0.03425698782945687
RGI2000-v7.0-C-15-02454,82.25267831134173,29.7928985,0.21337310813658267
RGI2000-v7.0-C-15-02455,82.28198594807692,29.8040655,0.5800563749601482
RGI2000-v7.0-C-15-02456,82.28910439652623,29.811738,0.29156801709416413
RGI2000-v7.0-C-15-02457,82.2862716215035,29.823224500000002,0.03013158600356611
RGI2000-v7.0-C-15-02458,82.28511658012343,29.831248000000002,0.04494621073303192
RGI2000-v7.0-C-15-02459,82.28167605606731,29.8357305,0.06384244342341032
RGI2000-v7.0-C-15-02460,82.29525728869217,29.8360095,0.4789651746924029
RGI2000-v7.0-C-15-02461,82.30544519185487,29.8363805,0.29994532229650445
RGI2000-v7.0-C-15-02462,82.31425731548431,29.834241499999997,0.1529275945540044
RGI2000-v7.0-C-15-02463,82.32490365163503,29.8356355,0.5331898004036377
RGI2000-v7.0-C-15-02464,82.3295397078736,29.830788,0.137446673055827
RGI2000-v7.0-C-15-02465,82.33943487642426,29.841949999999997,0.08488160849282762
RGI2000-v7.0-C-15-02466,82.33835207522125,29.84592,0.07542222230605056
RGI2000-v7.0-C-15-02467,82.34384623307486,29.847762,0.17127528130523814
RGI2000-v7.0-C-15-02468,82.34878922976408,29.8509445,0.028980612048597996
RGI2000-v7.0-C-15-02469,82.34498507402193,29.8619475,3.0972772137638116
RGI2000-v7.0-C-15-02470,82.35037971662805,29.8722035,0.03661597473153449
RGI2000-v7.0-C-15-02471,82.36033652232143,29.87016,0.6219996257336616
RGI2000-v7.0-C-15-02472,82.37065177137167,29.869619,0.15701066655867896
RGI2000-v7.0-C-15-02473,82.37708158865803,29.871051,0.513032264177912
RGI2000-v7.0-C-15-02474,82.38209311531585,29.863691000000003,0.06799627336093539
RGI2000-v7.0-C-15-02475,82.38108629071047,29.859209,0.1490638222719752
RGI2000-v7.0-C-15-02476,82.36806217,29.859977,1.1559788851295658
RGI2000-v7.0-C-15-02477,82.39674992682927,29.870776,0.7450826179851201
RGI2000-v7.0-C-15-02478,82.40420471933469,29.882703,0.3011205298662767
RGI2000-v7.0-C-15-02479,82.4102727584908,29.883087500000002,0.08870334646704021
RGI2000-v7.0-C-15-02480,82.39629542444447,29.8925755,0.2761364104081165
RGI2000-v7.0-C-15-02481,82.44354489562119,29.8905735,0.1199754169848638
RGI2000-v7.0-C-15-02482,82.449803877262,29.8928735,0.07289520933313047
RGI2000-v7.0-C-15-02483,82.45149629763672,29.88739,0.08785415732895561
RGI2000-v7.0-C-15-02484,82.458487334904,29.887284,0.6479394218297055
RGI2000-v7.0-C-15-02485,82.46507050863059,29.8805435,0.028105582670013982
RGI2000-v7.0-C-15-02486,82.46589334154413,29.8696045,0.09084754124755107
RGI2000-v7.0-C-15-02487,82.45834455403822,29.859668999999997,0.07694812305102708
RGI2000-v7.0-C-15-02488,82.45314068388538,29.857809,0.036614624976474414
RGI2000-v7.0-C-15-02489,82.4523634435614,29.866747,0.8336993242227293
RGI2000-v7.0-C-15-02490,82.43600489764492,29.8381665,0.4708798701648559
RGI2000-v7.0-C-15-02491,82.44119312922994,29.81832,1.1079404217409707
RGI2000-v7.0-C-15-02492,82.42800530803572,29.81889,0.6665185491446226
RGI2000-v7.0-C-15-02493,82.42809255791937,29.811909,0.0357257059554155
RGI2000-v7.0-C-15-02494,82.42876981283905,29.8051605,0.35922076091091076
RGI2000-v7.0-C-15-02495,82.42817209996147,29.8010205,0.01972839776660592
RGI2000-v7.0-C-15-02496,82.41548474690956,29.8127125,1.7448810524701819
RGI2000-v7.0-C-15-02497,82.4007488420562,29.8165345,1.1283374127542434
RGI2000-v7.0-C-15-02498,82.4003791384778,29.8275785,0.46204208720302375
RGI2000-v7.0-C-15-02499,82.3876851020979,29.826123000000003,0.056048149079870845
RGI2000-v7.0-C-15-02500,82.39328521735499,29.8021685,0.059821373574146706
RGI2000-v7.0-C-15-02501,82.39767321986608,29.797893000000002,0.5327297107258558
RGI2000-v7.0-C-15-02502,82.39695965265977,29.7877835,0.6145914437122216
RGI2000-v7.0-C-15-02503,82.40448712048675,29.781001,0.5935705140742592
RGI2000-v7.0-C-15-02504,82.39618551263646,29.7687435,2.4314391968175344
RGI2000-v7.0-C-15-02505,82.41184837138789,29.765608999999998,0.6544163787099573
RGI2000-v7.0-C-15-02506,82.40661718191721,29.7513745,0.08124673687510023
RGI2000-v7.0-C-15-02507,82.41132989438843,29.74739,0.2087852860961964
RGI2000-v7.0-C-15-02508,82.41239860235012,29.7419285,0.03627833008485654
RGI2000-v7.0-C-15-02509,82.40584275641027,29.739337,0.07812908389502478
RGI2000-v7.0-C-15-02510,82.41175564206443,29.732685,0.04609352665555519
RGI2000-v7.0-C-15-02511,82.41426154500874,29.73489,0.035200185974348805
RGI2000-v7.0-C-15-02512,82.4201708888931,29.7241875,0.5388301161651922
RGI2000-v7.0-C-15-02513,82.41005890218682,29.711106,0.34150254823661186
RGI2000-v7.0-C-15-02514,82.40162956617647,29.7063895,0.06332836396541845
RGI2000-v7.0-C-15-02515,82.40269770185185,29.694343,2.466289496830992
RGI2000-v7.0-C-15-02516,82.39618921057016,29.685965,0.7053693460127948
RGI2000-v7.0-C-15-02517,82.39059028947369,29.6915925,0.25679365901442247
RGI2000-v7.0-C-15-02518,82.38761987883822,29.708787,5.211129543351882
RGI2000-v7.0-C-15-02519,82.40097092757937,29.722737000000002,0.09854326372278811
RGI2000-v7.0-C-15-02520,82.39675674211793,29.730128,0.22391058440573708
RGI2000-v7.0-C-15-02521,82.39606435553304,29.7429365,7.472676266111523
RGI2000-v7.0-C-15-02522,82.37845967102962,29.742347,0.3639111081678872
RGI2000-v7.0-C-15-02523,82.36815339069507,29.747605999999998,1.019593838660923
RGI2000-v7.0-C-15-02524,82.35421382219828,29.7538225,0.2596951619246801
RGI2000-v7.0-C-15-02525,82.35513028732912,29.767267,4.291270585132853
RGI2000-v7.0-C-15-02526,82.35380083254114,29.7814445,0.663739848504722
RGI2000-v7.0-C-15-02527,82.3472485,29.7867375,0.1841635427839499
RGI2000-v7.0-C-15-02528,82.34352468594105,29.791638,0.12785130611626871
RGI2000-v7.0-C-15-02529,82.3476928125,29.7985355,0.1309312662082188
RGI2000-v7.0-C-15-02530,82.35737829206218,29.798218,1.3235200204116575
RGI2000-v7.0-C-15-02531,82.3633013062734,29.7862585,0.219357903561262
RGI2000-v7.0-C-15-02532,82.36657046988535,29.781862,0.2011225032555723
RGI2000-v7.0-C-15-02533,82.37695585547985,29.775465500000003,0.6054898314969459
RGI2000-v7.0-C-15-02534,82.40959484629198,29.7961875,2.0555857967305036
RGI2000-v7.0-C-15-02535,82.44434681032658,29.7840575,0.06592337154665813
RGI2000-v7.0-C-15-02536,82.45018514933629,29.786331,0.12557220474856928
RGI2000-v7.0-C-15-02537,82.45820343275942,29.7871135,0.772575738160249
RGI2000-v7.0-C-15-02538,82.45772037889115,29.7993245,0.026040490410856973
RGI2000-v7.0-C-15-02539,82.47199764812993,29.752115500000002,0.282368992709937
RGI2000-v7.0-C-15-02540,82.40430059191704,29.675124500000003,0.5697104011308454
RGI2000-v7.0-C-15-02541,82.39806034625408,29.670658500000002,0.02944926139371507
RGI2000-v7.0-C-15-02542,82.3926056461506,29.6665735,0.31670687237340084
RGI2000-v7.0-C-15-02543,82.36354934448394,29.702129,0.040289412199125844
RGI2000-v7.0-C-15-02544,82.362983640338,29.7084735,1.2772981208973133
RGI2000-v7.0-C-15-02545,82.35055676680403,29.7089875,0.04383080486038417
RGI2000-v7.0-C-15-02546,82.34737239650775,29.715908,1.2408128325139802
RGI2000-v7.0-C-15-02547,82.33552332765879,29.7181765,0.13463767450108355
RGI2000-v7.0-C-15-02548,82.33176738410596,29.715857999999997,0.11846144470556937
RGI2000-v7.0-C-15-02549,82.31146893183306,29.712646999999997,0.08676694608734044
RGI2000-v7.0-C-15-02550,82.30827256996744,29.7094205,0.1087881220607016
RGI2000-v7.0-C-15-02551,82.31252397518247,29.708382999999998,0.07971671793277611
RGI2000-v7.0-C-15-02552,82.308966717827,29.7041635,0.1938749542719677
RGI2000-v7.0-C-15-02553,82.30380515261373,29.699702000000002,0.20962520501918427
RGI2000-v7.0-C-15-02554,82.29928804369344,29.6955165,0.04164452084125969
RGI2000-v7.0-C-15-02555,82.28543813012806,29.6911475,0.03758732695054768
RGI2000-v7.0-C-15-02556,82.27336386253603,29.7060805,0.15544944519005582
RGI2000-v7.0-C-15-02557,82.26661168253361,29.700148499999997,0.08164845313321653
RGI2000-v7.0-C-15-02558,82.26139389284708,29.6994175,0.12089888247456428
RGI2000-v7.0-C-15-02559,82.25650830437024,29.705194,0.09395656093586073
RGI2000-v7.0-C-15-02560,82.26088696202979,29.71087,0.12218832563837609
RGI2000-v7.0-C-15-02561,82.2662194516527,29.7133855,0.6747511311966046
RGI2000-v7.0-C-15-02562,82.27265683823529,29.7200255,1.3099712343365832
RGI2000-v7.0-C-15-02563,82.28127756716745,29.7226565,0.07838195485989119
RGI2000-v7.0-C-15-02564,82.27864191720423,29.7319985,0.39436989625660274
RGI2000-v7.0-C-15-02565,82.28062047894232,29.745086,0.10934928317951095
RGI2000-v7.0-C-15-02566,82.23851866512915,29.7322845,0.15114738112487677
RGI2000-v7.0-C-15-02567,82.23377482615385,29.728088999999997,0.03477256126564227
RGI2000-v7.0-C-15-02568,82.22946195962908,29.7303625,0.41815140635805964
RGI2000-v7.0-C-15-02569,82.22571346309964,29.731558,0.021306547642220324
RGI2000-v7.0-C-15-02570,82.23028072114772,29.720378,0.16374260773735816
RGI2000-v7.0-C-15-02571,82.2300570205207,29.712931,0.08811302418477084
RGI2000-v7.0-C-15-02572,82.22719194956413,29.708441999999998,0.12373632385440476
RGI2000-v7.0-C-15-02573,82.22147704359786,29.7100765,0.09064770484384856
RGI2000-v7.0-C-15-02574,82.22199373760475,29.71542,0.4700738098823802
RGI2000-v7.0-C-15-02575,82.23067053964942,29.685754000000003,0.050627674960418693
RGI2000-v7.0-C-15-02576,82.23039523125,29.679018499999998,0.6061806208093611
RGI2000-v7.0-C-15-02577,82.23867111610744,29.684312,0.8057983030720549
RGI2000-v7.0-C-15-02578,82.24377080873174,29.6802795,0.0831734978570875
RGI2000-v7.0-C-15-02579,82.24657113328846,29.6851965,0.12432691472710741
RGI2000-v7.0-C-15-02580,82.33140317718798,29.7647835,0.08796824343003609
RGI2000-v7.0-C-15-02581,82.30345677768923,29.812352500000003,0.8862966006806012
RGI2000-v7.0-C-15-02582,82.30837340298507,29.816665999999998,0.15379652598054705
RGI2000-v7.0-C-15-02583,82.30503732926371,29.820513,0.2631345524445056
RGI2000-v7.0-C-15-02584,82.31247851760563,29.821948499999998,0.17312269393047788
RGI2000-v7.0-C-15-02585,82.3004406078112,29.8266165,0.21151087033615448
RGI2000-v7.0-C-15-02586,82.29566108312183,29.825968500000002,0.021760398695439588
RGI2000-v7.0-C-15-02587,82.3171164822344,29.8656925,0.024058197592335757
RGI2000-v7.0-C-15-02588,82.31955029988703,29.869304,0.059627156144341706
RGI2000-v7.0-C-15-02589,82.32771119324121,29.8711055,0.18551259217525068
RGI2000-v7.0-C-15-02590,82.31415827999999,29.950541,0.09237729953228085
RGI2000-v7.0-C-15-02591,82.3022908275862,29.976104,0.33607110156547115
RGI2000-v7.0-C-15-02592,82.30882719767935,29.983580500000002,0.10081640922812836
RGI2000-v7.0-C-15-02593,82.32331043348515,30.006052,0.08468223214463104
RGI2000-v7.0-C-15-02594,82.32216371017316,30.0109985,0.17959960147573828
RGI2000-v7.0-C-15-02595,82.31823233523343,30.015141999999997,0.10354699994932762
RGI2000-v7.0-C-15-02596,82.3098568000748,30.016033999999998,0.38009645016617616
RGI2000-v7.0-C-15-02597,82.29274849996663,30.0123225,0.0781903712848801
RGI2000-v7.0-C-15-02598,82.2854988174897,30.0001745,0.16534517819779665
RGI2000-v7.0-C-15-02599,82.28615949038462,30.028847,0.050890610234657234
RGI2000-v7.0-C-15-02600,82.28994759976314,30.0286615,0.05542733072253691
RGI2000-v7.0-C-15-02601,82.3016916227031,30.031523,0.48369433549474083
RGI2000-v7.0-C-15-02602,82.29309623442137,30.039907499999998,1.3449535067617922
RGI2000-v7.0-C-15-02603,82.25150669529454,30.0342745,0.044153831240173594
RGI2000-v7.0-C-15-02604,82.36663938231828,30.0077055,1.1365896096848014
RGI2000-v7.0-C-15-02605,82.39825961152836,29.9865585,0.19805027727585664
RGI2000-v7.0-C-15-02606,82.41242184170895,29.998092,1.2373025878674688
RGI2000-v7.0-C-15-02607,82.41188629546292,30.0052555,0.2368453414828334
RGI2000-v7.0-C-15-02608,82.4421780808369,29.985983500000003,0.6377877002681307
RGI2000-v7.0-C-15-02609,82.45474011340579,29.9655215,0.140336944287922
RGI2000-v7.0-C-15-02610,82.4040493142122,29.958072,0.22554127693273246
RGI2000-v7.0-C-15-02611,82.39355019668584,29.968398,0.03581472719401832
RGI2000-v7.0-C-15-02612,82.45358605040246,29.899937,0.09018137594930152
RGI2000-v7.0-C-15-02613,82.52092251641415,29.923301,0.6234425491363663
RGI2000-v7.0-C-15-02614,82.52248831589061,29.920207,0.033621937618189955
RGI2000-v7.0-C-15-02616,82.60078832397551,29.8902815,0.046583227596670954
RGI2000-v7.0-C-15-02617,82.60278864908597,29.887105499999997,0.06942258419415384
RGI2000-v7.0-C-15-02618,82.60740307595967,29.8837885,0.03675261247198857
RGI2000-v7.0-C-15-02619,82.58753995731547,29.876714,0.045038166197528574
RGI2000-v7.0-C-15-02620,82.58611178254847,29.86978,0.01853987652183522
RGI2000-v7.0-C-15-02621,82.61604784065781,29.8611955,4.635356715146702
RGI2000-v7.0-C-15-02622,82.60847333116956,29.8281845,0.9609539592650536
RGI2000-v7.0-C-15-02623,82.64884755536676,29.818700999999997,0.1281058942309277
RGI2000-v7.0-C-15-02624,82.67882632426304,29.835487999999998,0.031348928097843315
RGI2000-v7.0-C-15-02629,82.72071056869265,29.807627,1.5178195607633935
RGI2000-v7.0-C-15-02641,82.81296017766459,29.688409999999998,0.03925205851388753
RGI2000-v7.0-C-15-02642,82.82683789989939,29.673883500000002,0.05528434453709449
RGI2000-v7.0-C-15-02643,82.86986304493605,29.680077,0.19149386945907634
RGI2000-v7.0-C-15-02644,82.88773544864733,29.678946500000002,1.7567533216990268
RGI2000-v7.0-C-15-02645,82.90179053392188,29.684023500000002,2.0383267112169823
RGI2000-v7.0-C-15-02646,82.91541217776935,29.698909999999998,0.9470999784523887
RGI2000-v7.0-C-15-02647,82.93951420361091,29.677058,0.2124020296824225
RGI2000-v7.0-C-15-02648,82.93743135368663,29.670340500000002,0.156101356312081
RGI2000-v7.0-C-15-02649,82.94171966468598,29.6692785,0.08932511509937929
RGI2000-v7.0-C-15-02650,82.9378803959195,29.6588605,0.9836644976652625
RGI2000-v7.0-C-15-02651,82.92875916708607,29.6504415,0.19816606800896036
RGI2000-v7.0-C-15-02652,83.0398971332041,29.6454445,0.08983851184716575
RGI2000-v7.0-C-15-02656,83.0526216768537,29.591924499999998,0.07283335556837711
RGI2000-v7.0-C-15-02657,82.80153674723041,29.636294499999998,0.12994377078019645
RGI2000-v7.0-C-15-02658,82.79355532856579,29.628842,0.0298640210553707
RGI2000-v7.0-C-15-02659,82.78929287853569,29.638413999999997,0.7745798809090061
RGI2000-v7.0-C-15-02660,82.77136744054053,29.6189065,0.04713425779212143
RGI2000-v7.0-C-15-02661,82.76588346460917,29.617843999999998,0.38257620026475964
RGI2000-v7.0-C-15-02662,82.75854200339563,29.611725999999997,0.11754449979735088
RGI2000-v7.0-C-15-02663,82.63647290795251,29.648363,1.2651023399916765
RGI2000-v7.0-C-15-02664,82.63839092421603,29.6612555,0.2282533164794033
RGI2000-v7.0-C-15-02665,82.62213254992743,29.6425055,0.1351009008768776
RGI2000-v7.0-C-15-02666,82.61677453616072,29.645290000000003,1.5819703666808245
RGI2000-v7.0-C-15-02667,82.60247778144385,29.645490000000002,0.14545891181144022
RGI2000-v7.0-C-15-02668,82.59854033361825,29.646858,0.025106801602426912
RGI2000-v7.0-C-15-02669,82.59544559792249,29.644484,0.03224674310027832
RGI2000-v7.0-C-15-02670,82.5965085602537,29.640006999999997,0.05460701067816912
RGI2000-v7.0-C-15-02671,82.60217913440438,29.6355305,0.04249023239750786
RGI2000-v7.0-C-15-02672,82.57883663586955,29.6268935,0.19234566415508017
RGI2000-v7.0-C-15-02673,82.57879781205614,29.621094,0.3289991718932859
RGI2000-v7.0-C-15-02674,82.57589643649378,29.6134045,0.29283511578156046
RGI2000-v7.0-C-15-02675,82.57511764454634,29.6091605,0.16079632039118907
RGI2000-v7.0-C-15-02676,82.56509035730059,29.6166345,0.22145447324624357
RGI2000-v7.0-C-15-02677,82.55401502384952,29.6207555,0.0979919302307326
RGI2000-v7.0-C-15-02678,82.5655915,29.628062,0.48515775435625696
RGI2000-v7.0-C-15-02679,82.63122483488885,29.740229499999998,0.9233372286181808
RGI2000-v7.0-C-15-02680,82.62544501439704,29.7461785,0.5220486515805295
RGI2000-v7.0-C-15-02681,82.63415278129428,29.7480515,0.7254535495598936
RGI2000-v7.0-C-15-02682,82.63770761636692,29.7565715,0.03986034779295548
RGI2000-v7.0-C-15-02683,82.64342676817326,29.760823000000002,0.07624628474057726
RGI2000-v7.0-C-15-02684,82.63248375905783,29.762524,0.700691661803664
RGI2000-v7.0-C-15-02685,82.65673522086092,29.7583345,0.020393758008748254
RGI2000-v7.0-C-15-02686,82.6618656401448,29.760086,0.3227752156848811
RGI2000-v7.0-C-15-02687,82.66379846724479,29.7699585,0.0955836871269361
RGI2000-v7.0-C-15-02688,82.67588053157122,29.786751,0.024941866169156474
RGI2000-v7.0-C-15-02689,82.69050546083173,29.791722,0.06790474593475998
RGI2000-v7.0-C-15-02690,82.71119447132652,29.7949275,0.03473416095172971
RGI2000-v7.0-C-15-02691,82.69524337420809,29.7393985,0.13551231766524646
RGI2000-v7.0-C-15-02692,82.68987196257797,29.732446000000003,0.017953070798370514
RGI2000-v7.0-C-15-02693,82.69068140595733,29.728139499999997,0.08346307746658875
RGI2000-v7.0-C-15-02694,82.75543075385951,29.7292395,0.35356816056377877
RGI2000-v7.0-C-15-02695,82.75883840314403,29.735456,0.21330796066015872
RGI2000-v7.0-C-15-02696,82.724402,29.4824415,0.016740283052073136
RGI2000-v7.0-C-15-02697,82.72074539546784,29.481924,0.07846445026600733
RGI2000-v7.0-C-15-02698,82.72483102884615,29.460758499999997,0.15603049792101728
RGI2000-v7.0-C-15-02699,82.71564346582733,29.452075,0.14270726898533292
RGI2000-v7.0-C-15-02700,82.71998651237624,29.445149,0.3648174879643642
RGI2000-v7.0-C-15-02701,82.70739992798988,29.436004500000003,2.4543662546758025
RGI2000-v7.0-C-15-02702,82.71133994327731,29.425209000000002,0.14309771475215946
RGI2000-v7.0-C-15-02703,82.68970924769346,29.4335775,0.26664268195642626
RGI2000-v7.0-C-15-02704,82.69073871097183,29.4101255,11.80912205964988
RGI2000-v7.0-C-15-02705,82.67071878316747,29.409592500000002,0.8180399594915722
RGI2000-v7.0-C-15-02706,82.6631721294586,29.4101235,0.15199141556647305
RGI2000-v7.0-C-15-02707,82.6686268178934,29.3930865,0.45568986673747064
RGI2000-v7.0-C-15-02708,82.66076168146418,29.387632500000002,0.235571520081741
RGI2000-v7.0-C-15-02709,82.6731495,29.367639,0.2550614731835843
RGI2000-v7.0-C-15-02710,82.6747525,29.3586205,0.44235147632465194
RGI2000-v7.0-C-15-02711,82.6332100590893,29.3751845,21.86085393518015
RGI2000-v7.0-C-15-02712,82.60618110614669,29.404093500000002,39.741391213753914
RGI2000-v7.0-C-15-02713,82.59453313931446,29.4096355,0.16783669995474348
RGI2000-v7.0-C-15-02714,82.59197114007092,29.433194999999998,0.020428654611795993
RGI2000-v7.0-C-15-02715,82.58869521794873,29.444693,0.08229306323171043
RGI2000-v7.0-C-15-02716,82.59506354182011,29.447709500000002,0.8029576880265042
RGI2000-v7.0-C-15-02717,82.58525318287036,29.454529,0.1275314197670006
RGI2000-v7.0-C-15-02718,82.57803030726315,29.4562085,0.19792857033815137
RGI2000-v7.0-C-15-02719,82.57937492112299,29.461781000000002,0.05740284017928713
RGI2000-v7.0-C-15-02720,82.58967160416668,29.460538,0.20483430432865626
RGI2000-v7.0-C-15-02721,82.56722696981662,29.455672999999997,0.07241364057446603
RGI2000-v7.0-C-15-02722,82.56534334363113,29.460779,0.16048399376291417
RGI2000-v7.0-C-15-02723,82.56167241536615,29.451312,0.5229724351728114
RGI2000-v7.0-C-15-02724,82.55117364184397,29.454116,0.40005470689733647
RGI2000-v7.0-C-15-02725,82.54490842951023,29.4531345,0.5446098944510871
RGI2000-v7.0-C-15-02726,82.54470734631865,29.4654625,0.41211203430241505
RGI2000-v7.0-C-15-02727,82.55151753329196,29.466601,0.10758689053846593
RGI2000-v7.0-C-15-02728,82.5560123102232,29.4715485,0.17614496465842122
RGI2000-v7.0-C-15-02729,82.52361240315126,29.418599999999998,0.33080623684174826
RGI2000-v7.0-C-15-02730,82.51902494128115,29.4146765,0.7166063057935049
RGI2000-v7.0-C-15-02731,82.51101635739747,29.4179255,0.04211974945558274
RGI2000-v7.0-C-15-02732,82.50649021421268,29.424158,0.1737717469075359
RGI2000-v7.0-C-15-02733,82.50265115859352,29.419958,0.12420425047225578
RGI2000-v7.0-C-15-02734,82.49630877670197,29.411092500000002,0.012249610367260131
RGI2000-v7.0-C-15-02735,82.53899133333334,29.388059,0.04635769150620318
RGI2000-v7.0-C-15-02736,82.57172975367646,29.3509025,0.4714931051052779
RGI2000-v7.0-C-15-02737,82.57736681060902,29.3538835,0.30492997622069506
RGI2000-v7.0-C-15-02738,82.56860026931967,29.3396455,0.44951026530051114
RGI2000-v7.0-C-15-02739,82.58756885286382,29.32716,2.2595354000861327
RGI2000-v7.0-C-15-02740,82.5899473280171,29.317252,0.10086486206191593
RGI2000-v7.0-C-15-02741,82.6047270600354,29.2991815,22.633854207633416
RGI2000-v7.0-C-15-02742,82.62340834518082,29.2978245,1.339056839486979
RGI2000-v7.0-C-15-02743,82.6213494138689,29.287416999999998,0.26227447864578074
RGI2000-v7.0-C-15-02744,82.61567535176991,29.2819315,0.1659374855221671
RGI2000-v7.0-C-15-02745,82.61444376030713,29.2786265,0.0756922463911269
RGI2000-v7.0-C-15-02746,82.61295505090497,29.274526,0.14657286725189186
RGI2000-v7.0-C-15-02747,82.60858087977431,29.268363,0.04426536239614334
RGI2000-v7.0-C-15-02748,82.61134670401609,29.262033000000002,0.03182636615413502
RGI2000-v7.0-C-15-02749,82.57313126192287,29.2408615,0.046979263648460695
RGI2000-v7.0-C-15-02750,82.5636005,29.231057,0.04921358802381739
RGI2000-v7.0-C-15-02751,82.55561405448718,29.2229325,0.8310428685565651
RGI2000-v7.0-C-15-02752,82.5414197572737,29.224938,3.250125771590122
RGI2000-v7.0-C-15-02753,82.53121375663716,29.2295175,0.02876442986727838
RGI2000-v7.0-C-15-02754,82.52978498148147,29.226109,0.022161720772968293
RGI2000-v7.0-C-15-02755,82.52734811738037,29.2252375,0.021955813059454342
RGI2000-v7.0-C-15-02756,82.52030823062731,29.247838,0.0569194549341021
RGI2000-v7.0-C-15-02757,82.532294625,29.2486565,2.3983655735928755
RGI2000-v7.0-C-15-02758,82.5448468634848,29.2523045,0.05834142780900619
RGI2000-v7.0-C-15-02759,82.54447368528369,29.2553625,0.044962334456424065
RGI2000-v7.0-C-15-02760,82.53466990240241,29.2703395,0.2208344072339235
RGI2000-v7.0-C-15-02761,82.52198219137367,29.2839915,0.2148055456803533
RGI2000-v7.0-C-15-02762,82.51845172202167,29.291863,0.06957649472370016
RGI2000-v7.0-C-15-02763,82.49737581304348,29.2917955,0.22776732349266002
RGI2000-v7.0-C-15-02764,82.52033315081384,29.3185715,0.01725868844656697
RGI2000-v7.0-C-15-02765,82.54455543018018,29.2935335,0.05636909885841111
RGI2000-v7.0-C-15-02766,82.55688045920459,29.2706145,1.289764591901475
RGI2000-v7.0-C-15-02767,82.56793674667111,29.277639,0.03325012000624821
RGI2000-v7.0-C-15-02768,82.57678275355235,29.204707,5.933585898224033
RGI2000-v7.0-C-15-02769,82.565763251318,29.1951225,0.13155669784200455
RGI2000-v7.0-C-15-02770,82.56864061827957,29.192554,0.028140704307220203
RGI2000-v7.0-C-15-02771,82.57477936379928,29.188778499999998,0.5898948341875891
RGI2000-v7.0-C-15-02772,82.55811007310746,29.197958999999997,0.41402156357578324
RGI2000-v7.0-C-15-02773,82.55447659621551,29.2008055,0.01922535777275841
RGI2000-v7.0-C-15-02774,82.54912159477372,29.2017745,0.07978425795262167
RGI2000-v7.0-C-15-02775,82.59660941159628,29.188684000000002,0.32895211643455885
RGI2000-v7.0-C-15-02776,82.69464757062781,29.228932,0.039370245705883634
RGI2000-v7.0-C-15-02777,82.70202084481255,29.2274135,0.24803094623649607
RGI2000-v7.0-C-15-02778,82.70980338030006,29.229107,0.016356693561614125
RGI2000-v7.0-C-15-02779,82.73247869570152,29.2254495,1.6285518532959502
RGI2000-v7.0-C-15-02780,82.7276412270318,29.213383,0.8659603434755438
RGI2000-v7.0-C-15-02781,82.73421870961997,29.209196,0.410308943990061
RGI2000-v7.0-C-15-02782,82.74067631843849,29.213246499999997,0.9548601545290399
RGI2000-v7.0-C-15-02783,82.75411954029771,29.214288500000002,0.026619806993219624
RGI2000-v7.0-C-15-02784,82.74828826088692,29.232577,4.362081556797922
RGI2000-v7.0-C-15-02785,82.77108746990146,29.2398785,5.159087548141944
RGI2000-v7.0-C-15-02786,82.7753633015676,29.2305415,0.19669793601005894
RGI2000-v7.0-C-15-02787,82.7865001718971,29.2323055,0.5740325325150658
RGI2000-v7.0-C-15-02788,82.79321352319587,29.232073,0.293300573214501
RGI2000-v7.0-C-15-02789,82.80442559987515,29.233656,0.50084812584188
RGI2000-v7.0-C-15-02790,82.79860675922913,29.2439715,0.9702387719758186
RGI2000-v7.0-C-15-02791,82.79139497297297,29.2544425,0.21304164189735011
RGI2000-v7.0-C-15-02792,82.78422414255243,29.271116999999997,0.10978273322268943
RGI2000-v7.0-C-15-02793,82.78505483064517,29.2760155,0.14243563480475668
RGI2000-v7.0-C-15-02794,82.77650139433453,29.277212,0.11686984471872677
RGI2000-v7.0-C-15-02795,82.77335913231545,29.273190999999997,0.3733916803640838
RGI2000-v7.0-C-15-02796,82.7673695578971,29.262383999999997,0.7815367162192629
RGI2000-v7.0-C-15-02797,82.79497683428741,29.277762000000003,0.4307855224557887
RGI2000-v7.0-C-15-02798,82.80082631375895,29.2868995,0.365329027511351
RGI2000-v7.0-C-15-02799,82.8088797956376,29.292276,0.12241690171507413
RGI2000-v7.0-C-15-02800,82.79320493126934,29.2963405,0.06973993808673414
RGI2000-v7.0-C-15-02801,82.78689687284006,29.287154,1.0676012069713934
RGI2000-v7.0-C-15-02802,82.80999760706914,29.277036000000003,0.04251630884512667
RGI2000-v7.0-C-15-02803,82.81448324254586,29.2719915,0.08861865681744474
RGI2000-v7.0-C-15-02804,82.81815544724677,29.274898999999998,0.0421358808203242
RGI2000-v7.0-C-15-02805,82.8249347091247,29.279122,0.1168954243215491
RGI2000-v7.0-C-15-02806,82.83456249867046,29.274604,0.1567026657665577
RGI2000-v7.0-C-15-02807,82.83213738033537,29.268086,0.20133285025678468
RGI2000-v7.0-C-15-02808,82.8354236439709,29.264133,0.04257437908944393
RGI2000-v7.0-C-15-02809,82.84054672080745,29.2591465,0.15402283257133503
RGI2000-v7.0-C-15-02810,82.8411993844226,29.269882,0.1376494133477408
RGI2000-v7.0-C-15-02811,82.851059608178,29.2701535,0.048742198250074746
RGI2000-v7.0-C-15-02812,82.86157156104781,29.274506000000002,0.3121242348604397
RGI2000-v7.0-C-15-02813,82.8744027549669,29.270529500000002,0.2595593776766197
RGI2000-v7.0-C-15-02814,82.8625287823321,29.25458,1.5096617608307248
RGI2000-v7.0-C-15-02815,82.87320692429219,29.250794,1.365890615095135
RGI2000-v7.0-C-15-02816,82.86616135512284,29.2434845,0.1723788773981937
RGI2000-v7.0-C-15-02817,82.8606913610734,29.244426,0.024680536371710856
RGI2000-v7.0-C-15-02818,82.8600459173177,29.2352005,0.24196090138863957
RGI2000-v7.0-C-15-02819,82.87074338987547,29.222087000000002,4.805670439763869
RGI2000-v7.0-C-15-02820,82.89178293088185,29.233907000000002,0.3056063948425188
RGI2000-v7.0-C-15-02821,82.88716300467635,29.2389705,0.3217051342007379
RGI2000-v7.0-C-15-02822,82.90567054913794,29.238459,0.2549171320130134
RGI2000-v7.0-C-15-02823,82.9048551502096,29.220367000000003,0.9690870261067397
RGI2000-v7.0-C-15-02824,82.9128703612987,29.212428,0.31039712931818536
RGI2000-v7.0-C-15-02825,82.9092214167921,29.204627000000002,0.030831293135572185
RGI2000-v7.0-C-15-02826,82.90061437410071,29.207425999999998,0.26801760892727117
RGI2000-v7.0-C-15-02827,82.89171171751173,29.200748,0.410954729968101
RGI2000-v7.0-C-15-02828,82.89935475833596,29.196761,0.04538435101039289
RGI2000-v7.0-C-15-02829,82.9120490016191,29.196437500000002,0.21021692556196406
RGI2000-v7.0-C-15-02830,82.80896534941226,29.1810695,0.20151854668978433
RGI2000-v7.0-C-15-02831,82.80689050000001,29.1744535,0.035419886945049196
RGI2000-v7.0-C-15-02832,82.7653210224813,29.147647,0.3221177866420038
RGI2000-v7.0-C-15-02833,82.77035593548388,29.1416915,0.8420059501234393
RGI2000-v7.0-C-15-02834,82.76612992168123,29.1317345,0.1434655898465851
RGI2000-v7.0-C-15-02835,82.74877917474868,29.133021499999998,15.759930099506612
RGI2000-v7.0-C-15-02836,82.76124012844036,29.110808,0.06298825387609765
RGI2000-v7.0-C-15-02837,82.76696220586419,29.107247,0.680910148921006
RGI2000-v7.0-C-15-02838,82.7792805066793,29.110542000000002,0.6460170267552675
RGI2000-v7.0-C-15-02839,82.79828074259868,29.106838500000002,0.08824155541977566
RGI2000-v7.0-C-15-02840,82.79858681048944,29.1010275,0.3384261248735587
RGI2000-v7.0-C-15-02841,82.8015722204969,29.092961,0.05680470958037884
RGI2000-v7.0-C-15-02842,82.71482009419213,29.1324775,0.612042934449655
RGI2000-v7.0-C-15-02843,82.70087687654845,29.131603,0.5743454828852128
RGI2000-v7.0-C-15-02844,82.70572530650198,29.1194725,0.031132329278038315
RGI2000-v7.0-C-15-02845,82.70053349158115,29.1160885,0.08943935481057473
RGI2000-v7.0-C-15-02846,82.69992786223395,29.113125500000002,0.015069074672067926
RGI2000-v7.0-C-15-02847,82.82496605045871,29.268283500000003,0.3000844361300841
RGI2000-v7.0-C-15-02848,82.84607285649821,29.3239945,0.8626200727968192
RGI2000-v7.0-C-15-02849,82.83826884042841,29.331968500000002,3.136415597959097
RGI2000-v7.0-C-15-02850,82.85464935117074,29.335580999999998,0.9423383611059979
RGI2000-v7.0-C-15-02851,82.8576671909938,29.3452965,0.6892162983824242
RGI2000-v7.0-C-15-02852,82.80369506837607,29.382673,0.3267254996105918
RGI2000-v7.0-C-15-02853,82.80477315377415,29.388787999999998,0.032111829178217526
RGI2000-v7.0-C-15-02854,82.80911115836014,29.3925215,0.02419958734131017
RGI2000-v7.0-C-15-02855,82.79732772898073,29.385700999999997,0.025911369425633685
RGI2000-v7.0-C-15-02856,82.7968013761867,29.376991500000003,0.28849021618852816
RGI2000-v7.0-C-15-02857,82.7712688768064,29.3580835,31.09732375261926
RGI2000-v7.0-C-15-02858,82.75473172640977,29.32984,0.04089831097941754
RGI2000-v7.0-C-15-02859,82.77996590222868,29.3243765,0.5243244127499632
RGI2000-v7.0-C-15-02860,82.76439058680555,29.307806,3.540784174189246
RGI2000-v7.0-C-15-02861,82.72023019109028,29.317017,12.381258672004641
RGI2000-v7.0-C-15-02862,82.7320127454159,29.3613255,0.09120576084795605
RGI2000-v7.0-C-15-02863,82.7475529315123,29.396742,0.9616360773957896
RGI2000-v7.0-C-15-02864,82.73670774783781,29.400756,0.24020975535401712
RGI2000-v7.0-C-15-02865,82.72418655743378,29.4060025,0.03263764015691277
RGI2000-v7.0-C-15-02866,82.74564647578464,29.411786,0.2214899959926673
RGI2000-v7.0-C-15-02867,82.66191732587859,29.457777,0.08749961638942182
RGI2000-v7.0-C-15-02868,82.64805095255474,29.462631000000002,0.025532012782332032
RGI2000-v7.0-C-15-02869,82.64448835949153,29.449337,1.9863343946656682
RGI2000-v7.0-C-15-02870,82.65326083786283,29.4439235,0.1016204505039974
RGI2000-v7.0-C-15-02871,82.64753686408451,29.438897,0.12240412605046767
RGI2000-v7.0-C-15-02872,82.65066877860886,29.4371325,0.17577909019041668
RGI2000-v7.0-C-15-02873,82.64226942829828,29.4341905,0.23426916390779953
RGI2000-v7.0-C-15-02874,82.63056276617628,29.435966999999998,0.3654685782005488
RGI2000-v7.0-C-15-02875,82.47105029989496,29.472304,0.1578867626540694
RGI2000-v7.0-C-15-02876,82.46356883672561,29.472119499999998,0.01429247470861485
RGI2000-v7.0-C-15-02877,82.45157557316617,29.4674355,0.09765745510586445
RGI2000-v7.0-C-15-02878,82.4484991702211,29.461313,0.07365426102160531
RGI2000-v7.0-C-15-02879,82.45450484169417,29.458222,0.08749473685717808
RGI2000-v7.0-C-15-02880,82.45184202036313,29.454236,0.0910817681319356
RGI2000-v7.0-C-15-02881,82.44657527893773,29.454863,0.5066183647013127
RGI2000-v7.0-C-15-02882,82.44912815833334,29.4461715,0.4095806963257279
RGI2000-v7.0-C-15-02883,82.4470807853518,29.4341735,0.1816593492812329
RGI2000-v7.0-C-15-02884,82.43277519376727,29.4501325,0.8938395236145245
RGI2000-v7.0-C-15-02885,82.4215675,29.4511535,0.26018656390275346
RGI2000-v7.0-C-15-02886,82.40804297310478,29.4529815,0.2910556100328619
RGI2000-v7.0-C-15-02887,82.40916078619556,29.457706,0.019758970892808456
RGI2000-v7.0-C-15-02888,82.40662549999999,29.4579145,0.016097237196152307
RGI2000-v7.0-C-15-02889,82.3990373697994,29.4476315,0.10185096022921734
RGI2000-v7.0-C-15-02890,82.38662840812755,29.4483125,0.12103062981975178
RGI2000-v7.0-C-15-02891,82.38702211504426,29.452389,0.12391131683508393
RGI2000-v7.0-C-15-02892,82.3889282452746,29.440956999999997,0.3677457035941045
RGI2000-v7.0-C-15-02893,82.44308965859918,29.476423500000003,0.07039468542813707
RGI2000-v7.0-C-15-02894,82.44669191843221,29.5015315,0.4227567662866343
RGI2000-v7.0-C-15-02895,82.45213648931116,29.5047555,0.08260872071377265
RGI2000-v7.0-C-15-02896,82.45219605011204,29.511444,0.6094567614608867
RGI2000-v7.0-C-15-02897,82.44472196059114,29.507662,0.01143979410095815
RGI2000-v7.0-C-15-02898,82.4365020275886,29.379582499999998,0.10711895582309142
RGI2000-v7.0-C-15-02899,82.3940795762295,28.998354,0.14613264235409737
RGI2000-v7.0-C-15-02900,82.39956192864716,28.9946665,0.26959836577662916
RGI2000-v7.0-C-15-02901,82.40193678670401,28.9893015,0.13587516274165906
RGI2000-v7.0-C-15-02902,82.61536207142856,28.869349,0.01782297383799659
RGI2000-v7.0-C-15-02903,82.63241459894283,28.856195,0.11596970004225664
RGI2000-v7.0-C-15-02904,82.63242717650148,28.845280000000002,0.6447359665561653
RGI2000-v7.0-C-15-02905,82.6228587782185,28.8369955,0.07958668459642855
RGI2000-v7.0-C-15-02906,82.61988835493821,28.832801,0.01671095948674081
RGI2000-v7.0-C-15-02907,82.61453737385763,28.8292895,0.05129867580757641
RGI2000-v7.0-C-15-02908,82.61185932558492,28.828221,0.024117374818423437
RGI2000-v7.0-C-15-02909,82.6132535779984,28.8237235,0.09415668963140952
RGI2000-v7.0-C-15-02910,82.62960501053473,28.8298675,0.7494541114877616
RGI2000-v7.0-C-15-02911,82.99102263912762,28.798932,0.22769393276308203
RGI2000-v7.0-C-15-02912,82.99680131596156,28.804705,0.052819275622533884
RGI2000-v7.0-C-15-02913,83.00769821743572,28.800781,1.310847412593807
RGI2000-v7.0-C-15-02914,83.04157247979798,28.791826999999998,0.07406424658555123
RGI2000-v7.0-C-15-02915,83.0437453118644,28.795264500000002,0.03125893808785547
RGI2000-v7.0-C-15-02916,83.0557018005716,28.7774815,2.326298543125929
RGI2000-v7.0-C-15-02917,83.0756851298186,28.7778785,0.559506200432395
RGI2000-v7.0-C-15-02918,83.08133203609958,28.772956999999998,0.09099560292029049
RGI2000-v7.0-C-15-02919,83.08428062986859,28.767584499999998,0.16173579298707416
RGI2000-v7.0-C-15-02920,83.09119728394847,28.758781,0.09017840654209193
RGI2000-v7.0-C-15-02921,83.09601412005108,28.7564335,0.4406758796099916
RGI2000-v7.0-C-15-02922,83.10115693353475,28.7408045,0.8578310896642102
RGI2000-v7.0-C-15-02923,83.1025815,28.73391,0.028525006167385885
RGI2000-v7.0-C-15-02924,83.11288812740216,28.7357145,0.32427685921762744
RGI2000-v7.0-C-15-02925,83.11635814119171,28.732893500000003,0.0634352961071157
RGI2000-v7.0-C-15-02926,83.12113087768144,28.7395055,0.07000117625889142
RGI2000-v7.0-C-15-02927,83.11429454595398,28.743081500000002,0.39637310329012043
RGI2000-v7.0-C-15-02928,83.12899017157231,28.725859,2.9889683160262455
RGI2000-v7.0-C-15-02929,83.15673628931869,28.705591,0.6339784293365522
RGI2000-v7.0-C-15-02930,83.20143498477327,28.7062175,0.04344491245763448
RGI2000-v7.0-C-15-02931,83.21203849311091,28.707217999999997,0.1582273916861078
RGI2000-v7.0-C-15-02932,83.21567581263935,28.665559000000002,0.2305958965075591
RGI2000-v7.0-C-15-02933,83.23672498834551,28.6627595,0.0837110632439648
RGI2000-v7.0-C-15-02934,83.25862103875122,28.664558,0.04171663309864514
RGI2000-v7.0-C-15-02935,83.26460642835778,28.665060500000003,0.0629537303930376
RGI2000-v7.0-C-15-02936,83.26977276055815,28.6623565,0.0879751324468923
RGI2000-v7.0-C-15-02937,83.28007036738285,28.660981,2.2554513977981876
RGI2000-v7.0-C-15-02938,83.30460501738128,28.654935000000002,0.11227296705775476
RGI2000-v7.0-C-15-02939,83.30378382484149,28.6505825,0.07536284032108125
RGI2000-v7.0-C-15-02940,83.32456636455525,28.6516685,0.20374199892061096
RGI2000-v7.0-C-15-02941,83.3269548602141,28.6626615,0.4037598109243433
RGI2000-v7.0-C-15-02942,83.33474052559913,28.668745,0.1642976368246664
RGI2000-v7.0-C-15-02943,83.33710300477517,28.6584485,0.33547970508334857
RGI2000-v7.0-C-15-02944,83.34564847419172,28.663165,0.08579346590993181
RGI2000-v7.0-C-15-02945,83.34735844795918,28.668778,0.30096048907661915
RGI2000-v7.0-C-15-02946,83.3327491618066,28.685603,3.5946924414113295
RGI2000-v7.0-C-15-02947,83.36333775272331,28.691699,0.03920694060326797
RGI2000-v7.0-C-15-02948,83.36725243516446,28.684964,0.3352444323487903
RGI2000-v7.0-C-15-02949,83.38283061952089,28.6704075,0.10059111145005936
RGI2000-v7.0-C-15-02950,83.38658913385433,28.673023,0.04173334043578048
RGI2000-v7.0-C-15-02951,83.39433239767442,28.6803535,0.3365112403249328
RGI2000-v7.0-C-15-02952,83.4024261428107,28.688191500000002,0.05819121533240936
RGI2000-v7.0-C-15-02953,83.36868854951683,28.7090425,1.3863064064990507
RGI2000-v7.0-C-15-02954,83.35326046663019,28.720833499999998,0.9579468261877644
RGI2000-v7.0-C-15-02955,83.31219715282148,28.7340825,0.29412353080201226
RGI2000-v7.0-C-15-02956,83.27674369516168,28.7174465,150.8563931169119
RGI2000-v7.0-C-15-02957,83.25837389965939,28.7630375,0.8977338880581381
RGI2000-v7.0-C-15-02958,83.26123015804168,28.770249,0.09561899067526555
RGI2000-v7.0-C-15-02959,83.26687070749242,28.7684025,0.050969216650222034
RGI2000-v7.0-C-15-02960,83.24729435945088,28.7996955,0.4965932739807499
RGI2000-v7.0-C-15-02961,83.23007565176152,28.7984965,5.48844311593999
RGI2000-v7.0-C-15-02962,83.23998430039865,28.8227305,0.5091360990256897
RGI2000-v7.0-C-15-02963,83.17606190216041,28.835106,0.19294855044756765
RGI2000-v7.0-C-15-02964,83.16273714099395,28.8338075,0.19693940412410688
RGI2000-v7.0-C-15-02965,83.15723917511521,28.832096999999997,0.05938822277961949
RGI2000-v7.0-C-15-02966,83.1544821579279,28.8206995,0.20961715168603856
RGI2000-v7.0-C-15-02967,83.16460103816325,28.816661500000002,0.25272869440234924
RGI2000-v7.0-C-15-02968,83.17535711488028,28.8070475,0.37985755072273303
RGI2000-v7.0-C-15-02969,83.16961933449949,28.796351,2.0228684017609555
RGI2000-v7.0-C-15-02970,83.15681578506374,28.773228,0.08898355676616296
RGI2000-v7.0-C-15-02971,83.15311688669266,28.768479499999998,0.03037159694923151
RGI2000-v7.0-C-15-02972,83.13819418210527,28.7880015,0.07543157581219749
RGI2000-v7.0-C-15-02973,83.12804926127313,28.790813999999997,0.2933831903786225
RGI2000-v7.0-C-15-02974,83.12511587111698,28.783127,0.13934278762894817
RGI2000-v7.0-C-15-02975,83.1254085865834,28.7775625,0.09986447443252003
RGI2000-v7.0-C-15-02976,83.11359133705886,28.769648500000002,0.2910072312047005
RGI2000-v7.0-C-15-02977,83.1000304909964,28.774102,17.13546846150553
RGI2000-v7.0-C-15-02978,83.11324856505817,28.786460499999997,0.10241773984650164
RGI2000-v7.0-C-15-02979,83.10325348846126,28.810642,0.11898276489026345
RGI2000-v7.0-C-15-02980,83.09070022740039,28.814087,1.2706340837249972
RGI2000-v7.0-C-15-02981,83.08660045244227,28.817445,0.058617074249733496
RGI2000-v7.0-C-15-02982,83.08701974560901,28.8260635,1.0522765497764097
RGI2000-v7.0-C-15-02983,83.07892137114439,28.831786,0.30846029467842717
RGI2000-v7.0-C-15-02984,83.07656186764706,28.836268500000003,0.05360053781618647
RGI2000-v7.0-C-15-02985,83.07499526666427,28.8391285,0.2420901529745832
RGI2000-v7.0-C-15-02986,83.06258693001911,28.850164,0.06876899680988419
RGI2000-v7.0-C-15-02987,83.07631794452017,28.805173500000002,0.04015968899921156
RGI2000-v7.0-C-15-02988,83.08247605900621,28.8031015,3.3131082140541226
RGI2000-v7.0-C-15-02989,83.07287852673267,28.791717499999997,2.8308320966092344
RGI2000-v7.0-C-15-02990,83.04102183807585,28.763906,1.0206020728369243
RGI2000-v7.0-C-15-02991,83.04139162711866,28.754538,0.129648024067804
RGI2000-v7.0-C-15-02992,83.18699824982897,28.774182,0.7391226771906152
RGI2000-v7.0-C-15-02993,83.19650362621812,28.7785465,0.3914514213963024
RGI2000-v7.0-C-15-02994,83.31505476634877,28.7733185,0.19876276426830258
RGI2000-v7.0-C-15-02995,83.34137433134273,28.815803000000002,0.1527789598840208
RGI2000-v7.0-C-15-02996,83.37131454880294,28.801033,0.07686193428038594
RGI2000-v7.0-C-15-02997,83.3754668430657,28.800037,0.052364192698426106
RGI2000-v7.0-C-15-02998,83.37066717852,28.7926795,0.5068371431056355
RGI2000-v7.0-C-15-02999,83.43436794792672,28.7969665,0.42243956520561604
RGI2000-v7.0-C-15-03000,83.46331977682593,28.791852499999997,4.1025796448242415
RGI2000-v7.0-C-15-03001,83.50223728168203,28.7922455,0.12382280327400032
RGI2000-v7.0-C-15-03002,83.49438283662552,28.769825,6.059127292087329
RGI2000-v7.0-C-15-03003,83.52151366957678,28.731234,51.28595205928375
RGI2000-v7.0-C-15-03004,83.5505989854033,28.718514499999998,0.059051725219169064
RGI2000-v7.0-C-15-03005,83.58193656908549,28.7192685,0.33583765293807016
RGI2000-v7.0-C-15-03006,83.57936573348519,28.732308500000002,0.11617327566316693
RGI2000-v7.0-C-15-03007,83.58217990013495,28.743581,0.9882831127431845
RGI2000-v7.0-C-15-03008,83.57534202888793,28.7541995,0.3557873181400172
RGI2000-v7.0-C-15-03009,83.55970477745682,28.752011500000002,0.35220731190264426
RGI2000-v7.0-C-15-03010,83.562759,28.774433000000002,1.5497564520264142
RGI2000-v7.0-C-15-03011,83.57133857099289,28.774195,0.19804821659126137
RGI2000-v7.0-C-15-03012,83.60929665852626,28.801898,1.0374055983125163
RGI2000-v7.0-C-15-03013,83.61111827613742,28.816072499999997,0.14527634595478942
RGI2000-v7.0-C-15-03014,83.61834885298474,28.817365000000002,0.10941209349952312
RGI2000-v7.0-C-15-03015,83.6321786727049,28.844587,0.38590595871536887
RGI2000-v7.0-C-15-03016,83.63617583715597,28.847286,0.043179339307268284
RGI2000-v7.0-C-15-03017,83.62760648710761,28.8602275,5.185557539203747
RGI2000-v7.0-C-15-03018,83.6241813560051,28.867585,0.2276801365267651
RGI2000-v7.0-C-15-03019,83.61256388641235,28.847198,0.4099997581634447
RGI2000-v7.0-C-15-03020,83.55469588495524,28.876147500000002,0.2178498120370631
RGI2000-v7.0-C-15-03021,83.54734667421596,28.869205,3.726560149712207
RGI2000-v7.0-C-15-03022,83.53722295535714,28.879675,0.32065539232792784
RGI2000-v7.0-C-15-03023,83.52344483908504,28.8754575,0.12438962324921672
RGI2000-v7.0-C-15-03024,83.5271813744582,28.9025695,0.21980613791494588
RGI2000-v7.0-C-15-03025,83.55616251841039,28.8880205,0.039904816010825066
RGI2000-v7.0-C-15-03026,83.5616972125706,28.88922,0.08324882565458028
RGI2000-v7.0-C-15-03027,83.56625400574288,28.944881,0.20414291031165682
RGI2000-v7.0-C-15-03028,83.59998930303203,28.936541,0.23284639542002633
RGI2000-v7.0-C-15-03029,83.60860274916672,28.9432575,0.2557842304409011
RGI2000-v7.0-C-15-03030,83.60654725319449,28.951090999999998,0.036744329227695424
RGI2000-v7.0-C-15-03031,83.60945110105835,28.9560835,1.1276111278094803
RGI2000-v7.0-C-15-03032,83.61975301687764,28.961108,0.40188115990547
RGI2000-v7.0-C-15-03033,83.62439025458167,28.9540665,0.5840273457698827
RGI2000-v7.0-C-15-03034,83.62579709228189,28.972681,0.6495331247566942
RGI2000-v7.0-C-15-03035,83.60601901856069,28.983083999999998,0.05915456430318006
RGI2000-v7.0-C-15-03036,83.61257301138353,29.003798500000002,0.12680773770191203
RGI2000-v7.0-C-15-03037,83.61151676487444,29.010595000000002,0.49855639506203825
RGI2000-v7.0-C-15-03038,83.60808105695611,29.0221455,1.1496138730390286
RGI2000-v7.0-C-15-03039,83.59322900000001,29.0255645,0.3985438458723808
RGI2000-v7.0-C-15-03040,83.58837179988774,29.021064,0.1720450863168644
RGI2000-v7.0-C-15-03041,83.58112374325418,29.025314,0.4713713601669434
RGI2000-v7.0-C-15-03042,83.5712318706903,29.034278,0.29183662621780515
RGI2000-v7.0-C-15-03043,83.57543764867842,29.060549,0.18023306537304917
RGI2000-v7.0-C-15-03044,83.58091973422292,29.065317,0.16375432518209596
RGI2000-v7.0-C-15-03045,83.5900780789825,29.0629825,0.06388769096093831
RGI2000-v7.0-C-15-03046,83.59793243873861,29.0608985,0.377493078783832
RGI2000-v7.0-C-15-03047,83.60165495251698,29.037402999999998,2.1113000281703918
RGI2000-v7.0-C-15-03048,83.6275197023895,29.052160999999998,18.48659030802318
RGI2000-v7.0-C-15-03049,83.62743166667053,29.087031500000002,0.03654935335217143
RGI2000-v7.0-C-15-03050,83.6216746229336,29.090325,0.0967286562392322
RGI2000-v7.0-C-15-03051,83.61516716440914,29.1000615,0.04945501885740387
RGI2000-v7.0-C-15-03052,83.62382591423697,29.1042255,0.02492286460999522
RGI2000-v7.0-C-15-03053,83.62901844845399,29.101892499999998,0.13454113672486928
RGI2000-v7.0-C-15-03054,83.63073901331981,29.1076065,0.038847717157357374
RGI2000-v7.0-C-15-03055,83.62122373423006,29.123717499999998,0.08890126987128946
RGI2000-v7.0-C-15-03056,83.64305467949171,29.127206,0.03959586492903774
RGI2000-v7.0-C-15-03057,83.6535700204117,29.122699500000003,1.3786630272331246
RGI2000-v7.0-C-15-03058,83.65567728518124,29.1198975,0.10357733996003668
RGI2000-v7.0-C-15-03059,83.67521228641948,29.127377,0.03450229720026148
RGI2000-v7.0-C-15-03060,83.70303793646026,29.1257455,19.555801913659703
RGI2000-v7.0-C-15-03061,83.71628712106752,29.1473735,0.24545037758679922
RGI2000-v7.0-C-15-03062,83.746609222973,29.142752,7.14159639148501
RGI2000-v7.0-C-15-03063,83.74701237777778,29.137022,0.23397108133325314
RGI2000-v7.0-C-15-03064,83.74696356726963,29.154906500000003,0.41952317579173737
RGI2000-v7.0-C-15-03065,83.75126438663244,29.1601415,0.09028138804362186
RGI2000-v7.0-C-15-03066,83.7663395,29.1544475,0.147135036991495
RGI2000-v7.0-C-15-03067,83.7725346302521,29.147548,2.7333853581491736
RGI2000-v7.0-C-15-03068,83.78856546691176,29.1540385,0.4710059553510764
RGI2000-v7.0-C-15-03069,83.7976757654321,29.1579795,0.2551712901706764
RGI2000-v7.0-C-15-03070,83.77408906437525,29.1663205,0.19744316523887495
RGI2000-v7.0-C-15-03071,83.78614811459423,29.131181499999997,0.7111486421783574
RGI2000-v7.0-C-15-03072,83.7972508968254,29.1251895,0.6200771686239583
RGI2000-v7.0-C-15-03073,83.8119887482197,29.112838500000002,0.15815690605321742
RGI2000-v7.0-C-15-03074,83.76991809599286,29.118457,0.09178900221539121
RGI2000-v7.0-C-15-03075,83.73845241826348,29.1072085,0.017884192787244502
RGI2000-v7.0-C-15-03076,83.73401357390111,29.108865,0.13852306032696807
RGI2000-v7.0-C-15-03077,83.74747170935672,29.09431,2.0968275826578324
RGI2000-v7.0-C-15-03078,83.71110633640102,29.0861435,0.26362266134087076
RGI2000-v7.0-C-15-03079,83.70420552897983,29.092509,0.2070274514277756
RGI2000-v7.0-C-15-03080,83.70183896597149,29.099618999999997,0.38546352654323424
RGI2000-v7.0-C-15-03081,83.68169838861279,29.0880225,0.15648468348553216
RGI2000-v7.0-C-15-03082,83.67891063581489,29.0612305,0.06601386981884962
RGI2000-v7.0-C-15-03083,83.68584528534836,29.060596500000003,0.03391720012959396
RGI2000-v7.0-C-15-03084,83.66280978110413,29.012300500000002,0.12308370955193804
RGI2000-v7.0-C-15-03085,83.64693134643767,29.0179445,0.37642990177687724
RGI2000-v7.0-C-15-03086,83.63927550080558,29.0098575,0.2746880640422015
RGI2000-v7.0-C-15-03087,83.67917941465323,29.007628,0.09475076773841534
RGI2000-v7.0-C-15-03088,83.72183504210699,28.994951,0.438332788249816
RGI2000-v7.0-C-15-03089,83.73436962091753,29.012649500000002,17.59152531819048
RGI2000-v7.0-C-15-03090,83.75444378663641,29.0143595,0.1957901355700322
RGI2000-v7.0-C-15-03091,83.76407749676,29.025761000000003,3.000832519897462
RGI2000-v7.0-C-15-03092,83.77478956197996,29.031001500000002,0.7499391677592864
RGI2000-v7.0-C-15-03093,83.78514093905473,29.035946000000003,0.8247657018571392
RGI2000-v7.0-C-15-03094,83.79702852003417,29.036868499999997,0.12244753685671983
RGI2000-v7.0-C-15-03095,83.79811200296768,29.0444745,0.35448052447550077
RGI2000-v7.0-C-15-03096,83.7775896147541,29.016140999999998,0.0903128222938117
RGI2000-v7.0-C-15-03097,83.74850474198718,28.9670205,0.16993044656504905
RGI2000-v7.0-C-15-03098,83.73933806345102,28.962432,1.0862958094209276
RGI2000-v7.0-C-15-03099,83.75070635731171,28.957327,0.18434667623660284
RGI2000-v7.0-C-15-03100,83.73112761653573,28.946232000000002,0.09262025633581875
RGI2000-v7.0-C-15-03101,83.72148507251907,28.943357,0.21325262920591834
RGI2000-v7.0-C-15-03102,83.72382232813393,28.955937,1.3643509371461924
RGI2000-v7.0-C-15-03103,83.5674190553521,28.993183000000002,0.2881190446687065
RGI2000-v7.0-C-15-03104,83.5613917901432,28.994795,0.07685019496474249
RGI2000-v7.0-C-15-03105,83.54459683248936,28.9966225,0.04470817197969738
RGI2000-v7.0-C-15-03106,83.54136038524743,29.001853,0.13990730767578413
RGI2000-v7.0-C-15-03107,83.5445950906591,28.990045000000002,0.019022515643588925
RGI2000-v7.0-C-15-03108,83.54366558307534,28.986421,0.05866689460749455
RGI2000-v7.0-C-15-03109,83.53207003037011,29.022592,0.448446260061435
RGI2000-v7.0-C-15-03110,83.50263786649275,29.005565,0.05651616407434758
RGI2000-v7.0-C-15-03111,83.49429217556533,29.0087005,0.06166979050598444
RGI2000-v7.0-C-15-03112,83.43404066390636,29.0353145,0.03314170209371283
RGI2000-v7.0-C-15-03113,83.42352004743951,29.059686,0.09516168407597768
RGI2000-v7.0-C-15-03114,83.39045131003788,28.9811835,0.44451501862501674
RGI2000-v7.0-C-15-03115,83.38521171589247,28.975156,0.17444958716946296
RGI2000-v7.0-C-15-03116,83.43558918430604,28.9640955,0.29689519743320164
RGI2000-v7.0-C-15-03117,83.43800740270214,28.960814499999998,0.025826622848775894
RGI2000-v7.0-C-15-03118,83.45116488692196,28.955494,0.32525548241920677
RGI2000-v7.0-C-15-03119,83.45698317264339,28.9511595,0.11558976346165878
RGI2000-v7.0-C-15-03120,83.460772125,28.950048,0.030869163085722764
RGI2000-v7.0-C-15-03121,83.44612860141845,28.934581,0.1865888745584937
RGI2000-v7.0-C-15-03122,83.43583655761017,28.9335605,1.7247244115904745
RGI2000-v7.0-C-15-03123,83.42757650862069,28.933844999999998,0.02964210956448768
RGI2000-v7.0-C-15-03124,83.42496870984041,28.933308,0.09993090660457803
RGI2000-v7.0-C-15-03125,83.44268427751066,28.897395500000002,0.10002553128585914
RGI2000-v7.0-C-15-03126,83.45500409279515,28.90271,0.30828413422636197
RGI2000-v7.0-C-15-03127,83.45909061115808,28.8984515,0.039610576353354646
RGI2000-v7.0-C-15-03128,83.47343909125662,28.903061,0.8744061873473354
RGI2000-v7.0-C-15-03129,83.47552097796118,28.8870005,0.49442423986155276
RGI2000-v7.0-C-15-03130,83.48744742401664,28.879009500000002,0.570491953899664
RGI2000-v7.0-C-15-03131,83.45969770461241,28.876219,0.04838616568474543
RGI2000-v7.0-C-15-03132,83.45037641047219,28.870307,0.02454608356090866
RGI2000-v7.0-C-15-03133,83.44544929861902,28.869266,0.041219260365643065
RGI2000-v7.0-C-15-03134,83.44319506964467,28.868734,0.05634669110673899
RGI2000-v7.0-C-15-03135,83.43446719738856,28.863154,1.0456346705231687
RGI2000-v7.0-C-15-03136,83.43016259112702,28.8516775,0.320044309298977
RGI2000-v7.0-C-15-03137,83.42952975383044,28.846668,0.02009119199483898
RGI2000-v7.0-C-15-03138,83.41978982461025,28.862194,0.061660823382967696
RGI2000-v7.0-C-15-03139,83.41452297842886,28.8614485,0.04731770038549505
RGI2000-v7.0-C-15-03140,83.41103525582412,28.859744499999998,0.029272485400565255
RGI2000-v7.0-C-15-03141,83.46667551722575,28.8375855,0.1017329658904354
RGI2000-v7.0-C-15-03142,83.49101275803383,28.833845500000002,34.71199150507633
RGI2000-v7.0-C-15-03143,83.4862717858383,28.921447,0.8754953928381324
RGI2000-v7.0-C-15-03144,83.54635359772382,29.0638035,0.05553689589362419
RGI2000-v7.0-C-15-03145,83.55843470377374,29.0608655,0.1922730486361567
RGI2000-v7.0-C-15-03146,83.494398465552,29.198054,0.05878571122892632
RGI2000-v7.0-C-15-03147,83.49049333064517,29.200497499999997,0.04282814856595388
RGI2000-v7.0-C-15-03148,83.49951295056417,29.204499,0.13227584524573954
RGI2000-v7.0-C-15-03149,83.50570137393163,29.20465,0.20829268030233883
RGI2000-v7.0-C-15-03150,83.511068863004,29.2282075,0.03263925223350123
RGI2000-v7.0-C-15-03151,83.51397305974479,29.229466000000002,0.048004875053032435
RGI2000-v7.0-C-15-03152,83.47335958910817,29.219533,0.04543220637820013
RGI2000-v7.0-C-15-03153,83.46765605327869,29.2105,0.12061312350288282
RGI2000-v7.0-C-15-03154,83.46017435672515,29.210789,0.16940487056674697
RGI2000-v7.0-C-15-03155,83.4545572512655,29.220775500000002,0.04274131588629913
RGI2000-v7.0-C-15-03156,83.44851641624433,29.215803,0.47820025373873315
RGI2000-v7.0-C-15-03157,83.43717128940362,29.2223125,0.11427475703913609
RGI2000-v7.0-C-15-03158,83.4405339625,29.205033999999998,0.04307078138183
RGI2000-v7.0-C-15-03159,83.44674136183352,29.192565000000002,0.462033862528257
RGI2000-v7.0-C-15-03160,83.4320789515987,29.189584500000002,0.031123590610398395
RGI2000-v7.0-C-15-03161,83.43097927014824,29.183373500000002,0.03425952026454653
RGI2000-v7.0-C-15-03162,83.4189786736284,29.1898975,0.0601895243251674
RGI2000-v7.0-C-15-03163,83.41887707467995,29.1935925,0.1752523363292259
RGI2000-v7.0-C-15-03164,83.37146711442841,29.2366775,1.6477242757975263
RGI2000-v7.0-C-15-03165,83.34367,29.2323425,0.05771440635525744
RGI2000-v7.0-C-15-03166,83.34422715740078,29.229246500000002,0.1160744056510687
RGI2000-v7.0-C-15-03167,83.3360179438888,29.2370845,0.46468350608004255
RGI2000-v7.0-C-15-03168,83.33470215735619,29.243426499999998,0.06320895107072771
RGI2000-v7.0-C-15-03169,83.33011608861031,29.2409715,0.04756915288130102
RGI2000-v7.0-C-15-03170,83.33519869533728,29.2549405,0.06981517206217769
RGI2000-v7.0-C-15-03171,83.34030608786611,29.256076,0.09405455236091534
RGI2000-v7.0-C-15-03172,83.44224780859369,29.3030395,0.06298080390227245
RGI2000-v7.0-C-15-03173,83.44531035564853,29.2999835,0.016406291758568215
RGI2000-v7.0-C-15-03175,83.43805838600574,29.3102455,0.04139854899574663
RGI2000-v7.0-C-15-03177,83.38569566255364,29.360456499999998,0.07973630188372921
RGI2000-v7.0-C-15-03178,83.47039875537983,29.2555275,0.05685817564183612
RGI2000-v7.0-C-15-03179,83.47458843776823,29.2550405,0.02778129950611084
RGI2000-v7.0-C-15-03180,83.306802,29.1136005,0.2675254319836234
RGI2000-v7.0-C-15-03181,83.30885496330315,29.022242,0.02984033343036483
RGI2000-v7.0-C-15-03182,83.30592866109302,29.016402499999998,0.09794942438381254
RGI2000-v7.0-C-15-03183,83.29649981771996,29.013389,0.03957590808554428
RGI2000-v7.0-C-15-03184,83.28423423645822,28.996384499999998,0.10302862987230266
RGI2000-v7.0-C-15-03185,83.28935505025116,28.987579,0.7648081428676036
RGI2000-v7.0-C-15-03186,83.28644007234433,28.97879,0.04781947929899713
RGI2000-v7.0-C-15-03187,83.28106896988399,28.972776,0.21527594929066274
RGI2000-v7.0-C-15-03188,83.2793566682951,28.9603645,0.060356671873160996
RGI2000-v7.0-C-15-03189,83.30918860672708,28.9462345,0.22103063439769866
RGI2000-v7.0-C-15-03190,83.30664239293776,28.9391325,0.4002716090652442
RGI2000-v7.0-C-15-03191,83.30145025767517,28.9887145,0.04862942854862556
RGI2000-v7.0-C-15-03192,83.2036225937515,29.0067815,0.08899453730814533
RGI2000-v7.0-C-15-03193,83.19362297204621,28.977097999999998,5.560070314962925
RGI2000-v7.0-C-15-03194,83.20002990636888,28.969953500000003,0.42501610454266586
RGI2000-v7.0-C-15-03195,83.19760894924313,28.966887,0.018653911920316065
RGI2000-v7.0-C-15-03196,83.17623434462357,28.9780595,0.019935872281944694
RGI2000-v7.0-C-15-03197,83.16837374144869,28.979224000000002,0.03794460312594988
RGI2000-v7.0-C-15-03198,83.15310977753285,28.979166,1.7131960660572707
RGI2000-v7.0-C-15-03199,83.03122888589982,29.025781000000002,0.02239430587558536
RGI2000-v7.0-C-15-03200,83.02845929579124,29.021875,0.07848437613320078
RGI2000-v7.0-C-15-03201,83.02657554219948,29.0524055,1.2103047424784266
RGI2000-v7.0-C-15-03202,83.01637456593407,29.051205000000003,0.10315338729779899
RGI2000-v7.0-C-15-03203,83.03081445201244,29.0653105,0.3306073577871288
RGI2000-v7.0-C-15-03204,83.0294055026427,29.070869,0.06945033999021398
RGI2000-v7.0-C-15-03205,83.02612554348752,29.089825500000003,0.04467250647155313
RGI2000-v7.0-C-15-03206,83.0398168110678,29.097337000000003,0.03336732021817829
RGI2000-v7.0-C-15-03207,83.06690788667797,29.115671499999998,5.394170925737338
RGI2000-v7.0-C-15-03208,83.0784529620841,29.115934000000003,0.1447311384409622
RGI2000-v7.0-C-15-03209,83.08461682439581,29.111553,0.46459920301886315
RGI2000-v7.0-C-15-03210,83.07594819532139,29.127580000000002,0.05836202395001919
RGI2000-v7.0-C-15-03211,83.07587182949842,29.135269,0.1314479493832914
RGI2000-v7.0-C-15-03212,83.03435728481861,29.1447455,0.03526429106574822
RGI2000-v7.0-C-15-03213,83.02549258579336,29.1778535,0.013710566423153764
RGI2000-v7.0-C-15-03214,83.02232566299264,29.177715499999998,0.13000107049176338
RGI2000-v7.0-C-15-03215,83.0104683816935,29.113336,0.06751597670342288
RGI2000-v7.0-C-15-03216,83.00590726618705,29.106109500000002,3.623999552020312
RGI2000-v7.0-C-15-03217,82.99100659808298,29.093540500000003,2.0785439408285846
RGI2000-v7.0-C-15-03218,82.98566340010544,29.085935,0.0824403326177576
RGI2000-v7.0-C-15-03219,82.98361400739631,29.0837805,0.023299790943327223
RGI2000-v7.0-C-15-03220,82.97739135755396,29.088251999999997,0.1065680316054169
RGI2000-v7.0-C-15-03221,82.97951851741642,29.093241,0.18124687995747923
RGI2000-v7.0-C-15-03222,82.97396235090909,29.098764000000003,0.03504669054568181
RGI2000-v7.0-C-15-03223,82.97008221428572,29.1000445,0.09561517724311108
RGI2000-v7.0-C-15-03224,82.97004759677849,29.1070085,0.20885520921680323
RGI2000-v7.0-C-15-03225,83.0506815,29.248113,0.10876261450741376
RGI2000-v7.0-C-15-03226,83.04733152600485,29.2502365,0.04855197232536349
RGI2000-v7.0-C-15-03227,83.4151878806009,28.747601000000003,49.28358733135394
RGI2000-v7.0-C-15-03228,83.45642231546134,28.7083095,0.2691355378989367
RGI2000-v7.0-C-15-03229,83.46489550950473,28.6978835,0.22405889877204682
RGI2000-v7.0-C-15-03230,83.46253463769429,28.689079,0.9259038488771848
RGI2000-v7.0-C-15-03231,83.4772182812996,28.696751499999998,0.7863596657916326
RGI2000-v7.0-C-15-03232,83.48158899190088,28.677975,0.7493946370282208
RGI2000-v7.0-C-15-03233,83.46955890339515,28.6644755,2.293574200077257
RGI2000-v7.0-C-15-03234,83.48934598811881,28.6555385,0.2983498025882478
RGI2000-v7.0-C-15-03235,83.51150093664049,28.672749,11.96034916471738
RGI2000-v7.0-C-15-03236,83.522582575858,28.6826185,0.029153241027106803
RGI2000-v7.0-C-15-03237,83.52704367584613,28.6796705,0.027896820342347924
RGI2000-v7.0-C-15-03238,83.50833389012573,28.694339499999998,0.17544138684143754
RGI2000-v7.0-C-15-03239,83.50402203891971,28.6974555,0.15555642300264128
RGI2000-v7.0-C-15-03240,83.44304950777271,28.696665000000003,0.1294586620865917
RGI2000-v7.0-C-15-03241,83.44814939679752,28.6561815,2.816268532575154
RGI2000-v7.0-C-15-03242,83.44799945327341,28.638548,1.0225699902667378
RGI2000-v7.0-C-15-03243,83.44431509892323,28.628259999999997,1.0345951145845438
RGI2000-v7.0-C-15-03244,83.43873120727272,28.62809,0.04201651914736599
RGI2000-v7.0-C-15-03245,83.43634369387755,28.617095499999998,0.19675238273046075
RGI2000-v7.0-C-15-03246,83.44995725773197,28.613642,0.5859700970861037
RGI2000-v7.0-C-15-03247,83.45764703690037,28.610332,0.27885237895419346
RGI2000-v7.0-C-15-03248,83.46608028423287,28.612801500000003,0.021553653295341004
RGI2000-v7.0-C-15-03249,83.46792472786885,28.613216,0.028390272754333444
RGI2000-v7.0-C-15-03250,83.47646025129504,28.614213499999998,0.576801465811501
RGI2000-v7.0-C-15-03251,83.48551461906553,28.613847,0.04085275560958581
RGI2000-v7.0-C-15-03252,83.45565291514598,28.621384,0.030569602023644827
RGI2000-v7.0-C-15-03253,83.45958953806272,28.6297305,4.077185857160397
RGI2000-v7.0-C-15-03254,83.71007025540769,28.6906955,0.13509088107081035
RGI2000-v7.0-C-15-03255,83.72826633293978,28.694407499999997,0.41802110904121054
RGI2000-v7.0-C-15-03256,83.72508810039369,28.708911999999998,0.04553254609515812
RGI2000-v7.0-C-15-03257,83.75800969905563,28.7127495,0.43663747312052426
RGI2000-v7.0-C-15-03258,83.77561740142518,28.707933,1.2345608470594063
RGI2000-v7.0-C-15-03259,83.769571704952,28.6930755,0.03770436270210111
RGI2000-v7.0-C-15-03260,83.76544152766895,28.694635499999997,0.11473613300555774
RGI2000-v7.0-C-15-03261,83.76709248036951,28.677298999999998,0.07013843584449789
RGI2000-v7.0-C-15-03262,83.78903177954383,28.666175000000003,0.27123766650051817
RGI2000-v7.0-C-15-03263,83.79641122118184,28.662622499999998,0.06566290944705021
RGI2000-v7.0-C-15-03264,83.80416933526234,28.660262000000003,0.1306000864937038
RGI2000-v7.0-C-15-03265,83.80908546391754,28.66179,0.17030354254763658
RGI2000-v7.0-C-15-03266,83.81575922540983,28.655271,0.09730379440384955
RGI2000-v7.0-C-15-03267,83.82534021664614,28.6570175,0.12259470382316094
RGI2000-v7.0-C-15-03268,83.83197015958955,28.654291999999998,0.28529897214737776
RGI2000-v7.0-C-15-03269,83.80778304259307,28.6136725,3.395466664552996
RGI2000-v7.0-C-15-03270,83.79184476411291,28.6123735,0.48180385023815164
RGI2000-v7.0-C-15-03271,83.80713757527027,28.5950215,0.29434045726972957
RGI2000-v7.0-C-15-03272,83.81004687755103,28.592136,0.08905624822541013
RGI2000-v7.0-C-15-03273,83.79645293874128,28.5730645,0.13607938607084086
RGI2000-v7.0-C-15-03274,83.79012141927083,28.5722875,0.8251191783076538
RGI2000-v7.0-C-15-03275,83.7711821357162,28.5815345,0.11515547041278305
RGI2000-v7.0-C-15-03276,83.7768716147541,28.5925,5.5513127750749796
RGI2000-v7.0-C-15-03277,83.75326650711929,28.583999,0.49026730919768263
RGI2000-v7.0-C-15-03278,83.794919,28.55196,0.41927204467572454
RGI2000-v7.0-C-15-03279,83.79344528462767,28.528098999999997,1.44769499910905
RGI2000-v7.0-C-15-03280,83.78479149710522,28.523913999999998,0.08787725800636441
RGI2000-v7.0-C-15-03281,83.78229405952382,28.523857,0.039346586920696175
RGI2000-v7.0-C-15-03282,83.79114936879446,28.518569499999998,0.03648219369045771
RGI2000-v7.0-C-15-03283,83.79081334413713,28.5106595,0.19736000045659027
RGI2000-v7.0-C-15-03284,83.78498473506647,28.510571,0.3696005538262944
RGI2000-v7.0-C-15-03285,83.78248989697266,28.5007735,0.5358478677689804
RGI2000-v7.0-C-15-03286,83.78543661788214,28.495692,0.13789922117864006
RGI2000-v7.0-C-15-03287,83.79175945638998,28.4968985,0.07692778383517482
RGI2000-v7.0-C-15-03288,83.7764825,28.4928245,0.605034909696063
RGI2000-v7.0-C-15-03289,83.77171049645781,28.4955165,0.02507389431980432
RGI2000-v7.0-C-15-03290,83.77289538555556,28.497084,0.04407505527375754
RGI2000-v7.0-C-15-03291,83.81773366540864,28.5023495,0.08311808390106103
RGI2000-v7.0-C-15-03292,83.83355983830769,28.493036,0.768217122490296
RGI2000-v7.0-C-15-03293,83.84267379913419,28.507863999999998,0.08216984679381548
RGI2000-v7.0-C-15-03294,83.86131240149626,28.499894,1.254458113988066
RGI2000-v7.0-C-15-03295,83.87430685759081,28.510578000000002,0.0520186294335377
RGI2000-v7.0-C-15-03296,83.87237514947782,28.5179265,0.22453426140085816
RGI2000-v7.0-C-15-03297,83.8676874837441,28.519650499999997,0.08379670991518545
RGI2000-v7.0-C-15-03298,83.88213005760056,28.515467,0.050383208677066776
RGI2000-v7.0-C-15-03299,83.88689978341614,28.512621,0.01710299961566436
RGI2000-v7.0-C-15-03300,83.93140564265141,28.501358,1.0626476123481017
RGI2000-v7.0-C-15-03301,83.93381314716396,28.493115500000002,0.03290020138523683
RGI2000-v7.0-C-15-03302,83.93531160826365,28.489469,0.03799152942977145
RGI2000-v7.0-C-15-03303,83.9298524281844,28.487302999999997,0.5741722744761621
RGI2000-v7.0-C-15-03304,83.92513154956349,28.479805499999998,0.6967392816214779
RGI2000-v7.0-C-15-03305,83.92776451739357,28.4713835,0.0170776289465295
RGI2000-v7.0-C-15-03306,83.92417324408177,28.470857000000002,0.12539563904867554
RGI2000-v7.0-C-15-03307,83.91593209719366,28.471004,0.07169763665505875
RGI2000-v7.0-C-15-03308,83.93211813772454,28.468780000000002,0.045336871579765924
RGI2000-v7.0-C-15-03309,83.9345521572327,28.471384999999998,0.08751874560676165
RGI2000-v7.0-C-15-03310,83.94197991483516,28.4807865,0.09071171391251412
RGI2000-v7.0-C-15-03311,83.9498465704871,28.480457,1.0582905133867764
RGI2000-v7.0-C-15-03312,83.95212323515327,28.4920165,0.12232256971568224
RGI2000-v7.0-C-15-03313,83.9485155,28.495729,0.1978934524266095
RGI2000-v7.0-C-15-03314,83.94130883158374,28.492769000000003,0.21470906193476155
RGI2000-v7.0-C-15-03315,83.95166391763341,28.5068265,1.38503438172311
RGI2000-v7.0-C-15-03316,83.97113271155204,28.515121999999998,0.09693476379094351
RGI2000-v7.0-C-15-03317,83.973151078281,28.523353999999998,0.4556834754679913
RGI2000-v7.0-C-15-03318,83.97009230269575,28.5322625,0.28895105382925984
RGI2000-v7.0-C-15-03319,83.97515533082249,28.539552999999998,0.20229693222237305
RGI2000-v7.0-C-15-03320,83.98013512861272,28.5402015,0.18865981585463348
RGI2000-v7.0-C-15-03321,83.98242241890685,28.546375,0.4054078624511043
RGI2000-v7.0-C-15-03322,83.99060836205112,28.55483,0.10552751772424972
RGI2000-v7.0-C-15-03323,83.98516996050914,28.55922,0.05387904041590979
RGI2000-v7.0-C-15-03324,83.98525969935709,28.562147500000002,0.03670335744294569
RGI2000-v7.0-C-15-03325,83.99174608946171,28.5679205,0.07775083156863988
RGI2000-v7.0-C-15-03326,83.99390972859985,28.602232,218.08797373401322
RGI2000-v7.0-C-15-03327,84.01893648182363,28.612011000000003,0.17273248602548133
RGI2000-v7.0-C-15-03328,84.03390297122502,28.6250985,1.051086894185604
RGI2000-v7.0-C-15-03329,84.00368649585876,28.6319725,0.13207184943065428
RGI2000-v7.0-C-15-03330,84.03823925588866,28.596297,0.19995902302157775
RGI2000-v7.0-C-15-03331,84.03809184440479,28.584118,0.4471706795979182
RGI2000-v7.0-C-15-03332,84.05047834304884,28.5823985,0.3441445646806784
RGI2000-v7.0-C-15-03333,84.0673358375347,28.5401065,0.06776676698395133
RGI2000-v7.0-C-15-03334,84.0717404222019,28.540436,0.125166085116642
RGI2000-v7.0-C-15-03335,84.09966695721154,28.5260005,87.99720206628201
RGI2000-v7.0-C-15-03336,84.06895563618046,28.5046125,3.8535636839342238
RGI2000-v7.0-C-15-03337,84.062198,28.485391,0.11733816039212698
RGI2000-v7.0-C-15-03338,84.06304345991984,28.480325,0.16779263775242992
RGI2000-v7.0-C-15-03339,84.0720373925367,28.4819985,0.055054905522965436
RGI2000-v7.0-C-15-03340,84.08486634268164,28.471238,0.08913641937649117
RGI2000-v7.0-C-15-03341,84.11751180684325,28.456936,0.6022396457720554
RGI2000-v7.0-C-15-03342,84.12154914274441,28.4741295,0.1552319339950204
RGI2000-v7.0-C-15-03343,84.13826197642358,28.468541000000002,0.013598272067229248
RGI2000-v7.0-C-15-03344,84.16510317517681,28.4746065,0.23919904781027682
RGI2000-v7.0-C-15-03345,84.17686964639354,28.4653,0.3658039996412544
RGI2000-v7.0-C-15-03346,84.18554802008063,28.470665,3.862151990826678
RGI2000-v7.0-C-15-03347,84.20212649394188,28.4798585,0.0789445432445373
RGI2000-v7.0-C-15-03348,84.21319669440553,28.4754805,1.2702515999178103
RGI2000-v7.0-C-15-03349,84.22289483531705,28.476215,0.09250084802623734
RGI2000-v7.0-C-15-03350,84.22380507505517,28.4700935,0.15714082326510226
RGI2000-v7.0-C-15-03351,84.2296670404157,28.464703,0.14028590517707468
RGI2000-v7.0-C-15-03352,84.242917337269,28.4696305,3.0567868973344985
RGI2000-v7.0-C-15-03353,84.25867612677274,28.474251,0.31137593184036044
RGI2000-v7.0-C-15-03354,84.26598451664645,28.4722365,0.4033032209345917
RGI2000-v7.0-C-15-03355,84.27722499258033,28.4784945,1.8876014520671494
RGI2000-v7.0-C-15-03356,84.27027412938278,28.491114500000002,0.5555744479039811
RGI2000-v7.0-C-15-03357,84.25152403204332,28.489721,2.2974979105903732
RGI2000-v7.0-C-15-03358,84.23927355520684,28.490539,1.5039401881808507
RGI2000-v7.0-C-15-03359,84.20818710449488,28.5000735,5.48983774978078
RGI2000-v7.0-C-15-03360,84.17250291885514,28.5299765,8.021233534449381
RGI2000-v7.0-C-15-03361,84.14081164743817,28.565737,3.1425496752671886
RGI2000-v7.0-C-15-03362,84.13124599803535,28.561566499999998,0.08862043980349397
RGI2000-v7.0-C-15-03363,84.12476834979734,28.560747999999997,0.10839642748999993
RGI2000-v7.0-C-15-03364,84.18407068666257,28.6482495,0.47364838094340356
RGI2000-v7.0-C-15-03365,84.1481708354885,28.7139575,2.023404575406016
RGI2000-v7.0-C-15-03366,84.13509435623513,28.721376499999998,1.3652433274405393
RGI2000-v7.0-C-15-03367,84.11969089929015,28.7143455,3.3458086672194103
RGI2000-v7.0-C-15-03368,84.10868574058577,28.7255055,2.712168106944995
RGI2000-v7.0-C-15-03369,84.0734694853471,28.729426500000002,2.5138037214023847
RGI2000-v7.0-C-15-03370,84.05241175635592,28.734809,5.473054520226509
RGI2000-v7.0-C-15-03371,84.03646670494699,28.7321595,0.048996521440582294
RGI2000-v7.0-C-15-03372,84.030312201966,28.718164,0.2952672582185922
RGI2000-v7.0-C-15-03373,84.03842987801335,28.7087385,0.08336854414866458
RGI2000-v7.0-C-15-03374,84.00761518629409,28.736539999999998,0.08310227349161131
RGI2000-v7.0-C-15-03375,84.04135114738389,28.782966000000002,30.50280139209898
RGI2000-v7.0-C-15-03376,84.06330506085527,28.7846655,0.935763206311049
RGI2000-v7.0-C-15-03377,84.073721,28.779601,0.38183516371066883
RGI2000-v7.0-C-15-03378,84.08401358612286,28.778823000000003,0.45004446211296106
RGI2000-v7.0-C-15-03379,84.08831305425187,28.7737695,0.2258471806670705
RGI2000-v7.0-C-15-03380,84.08690765384615,28.7699925,0.054252585069085875
RGI2000-v7.0-C-15-03381,84.08228439389302,28.771839,0.04718481929467948
RGI2000-v7.0-C-15-03382,84.09735371198676,28.770187999999997,0.09006702750575922
RGI2000-v7.0-C-15-03383,84.10449364967229,28.7712905,0.1458314428475601
RGI2000-v7.0-C-15-03384,84.10878055248196,28.769323,0.07761630506692829
RGI2000-v7.0-C-15-03385,84.10956824748588,28.773505999999998,0.2239418056504975
RGI2000-v7.0-C-15-03386,84.12539852776895,28.772464499999998,0.1087385659800631
RGI2000-v7.0-C-15-03387,84.12999463592709,28.766444,0.026194111411077158
RGI2000-v7.0-C-15-03388,84.1428824374508,28.816277499999998,0.04596583877575554
RGI2000-v7.0-C-15-03389,84.13355992541514,28.826220499999998,1.4034571534400602
RGI2000-v7.0-C-15-03390,84.12893015636497,28.833168,0.18549500118551188
RGI2000-v7.0-C-15-03391,84.1448745,28.837441,0.05697981105529177
RGI2000-v7.0-C-15-03392,84.15000871621388,28.832539,0.1718528478659682
RGI2000-v7.0-C-15-03393,84.16461442451819,28.825246,0.13595558922046153
RGI2000-v7.0-C-15-03394,84.17634966185014,28.820224,0.43208865749127195
RGI2000-v7.0-C-15-03395,84.18512941443615,28.816035499999998,0.1365175344629495
RGI2000-v7.0-C-15-03396,84.19176299770643,28.81223,0.051415844668898106
RGI2000-v7.0-C-15-03397,84.1858966140422,28.808293499999998,0.3088956679886268
RGI2000-v7.0-C-15-03398,84.18288531905512,28.8031145,0.6088836883885744
RGI2000-v7.0-C-15-03399,84.19132049999999,28.8047295,0.03542813649608789
RGI2000-v7.0-C-15-03400,84.2006948194913,28.8054985,0.1882757794243352
RGI2000-v7.0-C-15-03401,84.20220173111997,28.797956,0.2041613327896666
RGI2000-v7.0-C-15-03402,84.23950005897797,28.801124,1.2892291502110238
RGI2000-v7.0-C-15-03403,84.24097955711983,28.793409,0.3357070556501579
RGI2000-v7.0-C-15-03404,84.2438847254414,28.788957,0.09711208767331472
RGI2000-v7.0-C-15-03405,84.2351897795079,28.8207655,4.524192775542699
RGI2000-v7.0-C-15-03406,84.22845270306462,28.827150500000002,0.42257947526145445
RGI2000-v7.0-C-15-03407,84.21803575189536,28.836509,0.19164881281918766
RGI2000-v7.0-C-15-03408,84.21652445728114,28.846320499999997,0.13967693992402236
RGI2000-v7.0-C-15-03409,84.21725287729359,28.851167,0.550218213541647
RGI2000-v7.0-C-15-03410,84.20693645828419,28.8481895,0.7914186892937239
RGI2000-v7.0-C-15-03411,84.18288634402843,28.8527495,0.20500036508137232
RGI2000-v7.0-C-15-03412,84.16747507915038,28.8525115,0.1378711460566643
RGI2000-v7.0-C-15-03413,84.16271738769355,28.855346,0.027827327490869438
RGI2000-v7.0-C-15-03414,84.18768927709651,28.879191,94.41660856404472
RGI2000-v7.0-C-15-03415,84.18237533064516,28.909235000000002,0.3811582008185797
RGI2000-v7.0-C-15-03416,84.22011985609244,28.916987,0.42226980673942643
RGI2000-v7.0-C-15-03417,84.26782228397758,28.8849215,2.800130152357293
RGI2000-v7.0-C-15-03418,84.29471001082474,28.852975,0.09364779398162229
RGI2000-v7.0-C-15-03419,84.29876404365604,28.8471845,0.28433449514003745
RGI2000-v7.0-C-15-03420,84.30534045980421,28.840904,0.2913093979384659
RGI2000-v7.0-C-15-03421,84.32392113803323,28.843359999999997,0.37391898677925667
RGI2000-v7.0-C-15-03422,84.33378723174803,28.840153,0.04653107243136899
RGI2000-v7.0-C-15-03423,84.34188769021388,28.8328025,2.544281700538477
RGI2000-v7.0-C-15-03424,84.34924942251754,28.8523705,1.3211282826304467
RGI2000-v7.0-C-15-03425,84.3727465,28.797624499999998,0.2785689831166829
RGI2000-v7.0-C-15-03426,84.36821031418401,28.796016,0.12359969418673256
RGI2000-v7.0-C-15-03427,84.3634020246808,28.793531,0.18449369640108867
RGI2000-v7.0-C-15-03428,84.33454180172413,28.752142,1.7181391397009553
RGI2000-v7.0-C-15-03429,84.32372736808156,28.7569795,0.1932799141306473
RGI2000-v7.0-C-15-03430,84.3161276194422,28.728877500000003,2.1218557552287747
RGI2000-v7.0-C-15-03431,84.30553830522564,28.698352,0.21193424685582296
RGI2000-v7.0-C-15-03432,84.29285319051544,28.69094,0.03429790054905796
RGI2000-v7.0-C-15-03433,84.28961212371291,28.693487,0.03705501068708373
RGI2000-v7.0-C-15-03434,84.33798676353965,28.6653035,0.16063708111783392
RGI2000-v7.0-C-15-03435,84.3467488368115,28.659212,0.3506619181978738
RGI2000-v7.0-C-15-03436,84.33670681437195,28.6538465,0.10570853071736784
RGI2000-v7.0-C-15-03437,84.3279217217003,28.645152000000003,0.016013485373095684
RGI2000-v7.0-C-15-03438,84.32645514757934,28.630865,2.287544996046767
RGI2000-v7.0-C-15-03439,84.33958106899438,28.6192835,0.3847747267562387
RGI2000-v7.0-C-15-03440,84.32197623136186,28.6127705,1.3434486344234402
RGI2000-v7.0-C-15-03441,84.35321928607195,28.679595,0.1200603250567561
RGI2000-v7.0-C-15-03442,84.38733469545579,28.693601,0.1592651323045068
RGI2000-v7.0-C-15-03443,84.39972832667574,28.70479,0.2355775157663702
RGI2000-v7.0-C-15-03444,84.40887606019523,28.6774485,0.14087269277252426
RGI2000-v7.0-C-15-03445,84.40381615374713,28.675417000000003,0.20472521373620445
RGI2000-v7.0-C-15-03446,84.40479743215181,28.6684415,0.24200278655470508
RGI2000-v7.0-C-15-03447,84.4105182470187,28.665585,1.3436226809350684
RGI2000-v7.0-C-15-03448,84.41856664162214,28.667933,0.07955414523455306
RGI2000-v7.0-C-15-03449,84.4227895960084,28.6632775,0.03724445850770641
RGI2000-v7.0-C-15-03450,84.4226514123362,28.660024999999997,0.10597757958692516
RGI2000-v7.0-C-15-03451,84.46771957108014,28.710652,0.2950673365580049
RGI2000-v7.0-C-15-03452,84.48537145774822,28.699635999999998,0.5354214775040143
RGI2000-v7.0-C-15-03453,84.4892147261138,28.691888,0.05613823342807422
RGI2000-v7.0-C-15-03454,84.49648187164948,28.6954585,0.17290949457873087
RGI2000-v7.0-C-15-03455,84.50275054871145,28.67567,5.1868404136806205
RGI2000-v7.0-C-15-03456,84.50315816357238,28.653524,0.20670932496680508
RGI2000-v7.0-C-15-03457,84.5032481931643,28.6488975,0.41116109396481576
RGI2000-v7.0-C-15-03458,84.51090205283734,28.649758,0.11564307204899354
RGI2000-v7.0-C-15-03459,84.54009082869949,28.6548085,0.05973065085126721
RGI2000-v7.0-C-15-03460,84.53699440218946,28.672638,0.5814576994771361
RGI2000-v7.0-C-15-03461,84.55046985982142,28.6881105,0.15761481060061955
RGI2000-v7.0-C-15-03462,84.55601450255523,28.684631500000002,0.10205256087355358
RGI2000-v7.0-C-15-03463,84.56009640326079,28.6477735,0.08779383002295393
RGI2000-v7.0-C-15-03464,84.55924297307327,28.6434985,0.11906750331899459
RGI2000-v7.0-C-15-03465,84.5681918773973,28.6462925,0.33121635266258
RGI2000-v7.0-C-15-03466,84.58905827300615,28.6276255,0.08077718114211555
RGI2000-v7.0-C-15-03467,84.59989372056194,28.6318125,0.3698149423620208
RGI2000-v7.0-C-15-03468,84.59966086584159,28.6180565,4.634727018752498
RGI2000-v7.0-C-15-03469,84.59954405338542,28.6064825,0.030191260493966487
RGI2000-v7.0-C-15-03470,84.58739490128607,28.5995375,0.04081772968822959
RGI2000-v7.0-C-15-03471,84.58151874159664,28.60549,0.4512421908522032
RGI2000-v7.0-C-15-03472,84.60887530871443,28.5712105,0.3953510603380305
RGI2000-v7.0-C-15-03473,84.60841549282921,28.5609795,0.10769961918870143
RGI2000-v7.0-C-15-03474,84.60073263804273,28.559713,0.034995928944463496
RGI2000-v7.0-C-15-03475,84.56669538087341,28.547857999999998,0.18802593335878084
RGI2000-v7.0-C-15-03476,84.53183287040017,28.57057,62.89983220318254
RGI2000-v7.0-C-15-03477,84.52268576703479,28.570294,0.06271929039551728
RGI2000-v7.0-C-15-03478,84.51339094383283,28.563649499999997,0.760708867408268
RGI2000-v7.0-C-15-03479,84.50919422992982,28.5737145,5.6072677984319
RGI2000-v7.0-C-15-03480,84.50428947518057,28.556459,1.0908934370147951
RGI2000-v7.0-C-15-03481,84.52099499427698,28.5519525,0.04951654237442288
RGI2000-v7.0-C-15-03482,84.51215630979623,28.5374955,0.07671501835483793
RGI2000-v7.0-C-15-03483,84.48987807284769,28.526362499999998,6.123563107887014
RGI2000-v7.0-C-15-03484,84.51830954021739,28.512012,0.08444642546380292
RGI2000-v7.0-C-15-03485,84.51010669126819,28.4950315,0.12412480215017153
RGI2000-v7.0-C-15-03486,84.5067307623631,28.492834000000002,0.05305594531208802
RGI2000-v7.0-C-15-03487,84.52567201299826,28.471092,0.06521108340162372
RGI2000-v7.0-C-15-03488,84.5414169484155,28.479940499999998,3.1900043620457863
RGI2000-v7.0-C-15-03489,84.55600600283287,28.488870499999997,0.24248887525928792
RGI2000-v7.0-C-15-03490,84.5679941510179,28.478134,0.061977066514437795
RGI2000-v7.0-C-15-03491,84.57047983175306,28.473848,0.11503745864338731
RGI2000-v7.0-C-15-03492,84.5601082090036,28.470456,0.12362500470572069
RGI2000-v7.0-C-15-03493,84.59034239974915,28.481506000000003,0.27068762299369964
RGI2000-v7.0-C-15-03494,84.59571330066079,28.469435,0.05309379007536896
RGI2000-v7.0-C-15-03495,84.60196582580414,28.469618,0.15414395348164345
RGI2000-v7.0-C-15-03496,84.60695848026789,28.4610085,0.24890909713689058
RGI2000-v7.0-C-15-03497,84.61920774409165,28.4670365,0.16323859555672995
RGI2000-v7.0-C-15-03498,84.62722157737016,28.470568,0.3071384196264777
RGI2000-v7.0-C-15-03499,84.64308815678348,28.434965,0.3561223215822612
RGI2000-v7.0-C-15-03500,84.62920601379327,28.415675999999998,0.07025168751315551
RGI2000-v7.0-C-15-03501,84.6331613982623,28.398691,0.15689524067104307
RGI2000-v7.0-C-15-03502,84.62963185113122,28.393991999999997,0.5428199320347402
RGI2000-v7.0-C-15-03503,84.62877396474359,28.3882145,0.1401803210055745
RGI2000-v7.0-C-15-03504,84.63470268225656,28.3876925,0.12596621810561776
RGI2000-v7.0-C-15-03505,84.64225458070486,28.375466,0.2581427807605925
RGI2000-v7.0-C-15-03506,84.66249781052036,28.3657115,0.030956957541856935
RGI2000-v7.0-C-15-03507,84.67828151638817,28.348620500000003,0.15718602090500447
RGI2000-v7.0-C-15-03508,84.68251342205323,28.3409985,0.09503167304866281
RGI2000-v7.0-C-15-03509,84.68736154409336,28.339461999999997,0.09108889297483495
RGI2000-v7.0-C-15-03510,84.68782196978952,28.343359,0.6731956667933885
RGI2000-v7.0-C-15-03511,84.68811021014747,28.356867,1.5358893506087965
RGI2000-v7.0-C-15-03512,84.70051145925014,28.36243,0.2515571049370997
RGI2000-v7.0-C-15-03513,84.70210773693762,28.3540355,0.5674533667553262
RGI2000-v7.0-C-15-03514,84.71460330170778,28.353150499999998,0.18069123420310115
RGI2000-v7.0-C-15-03515,84.74226087992447,28.363750500000002,0.6970001390800771
RGI2000-v7.0-C-15-03516,84.75013072917561,28.363546499999998,0.0866265287596854
RGI2000-v7.0-C-15-03517,84.75492593373217,28.368518,0.8618417294390642
RGI2000-v7.0-C-15-03518,84.75591974634148,28.375111,0.024546113051298245
RGI2000-v7.0-C-15-03519,84.75815903159739,28.3759145,0.05045929695602685
RGI2000-v7.0-C-15-03520,84.75615623,28.378887,0.2284609846456655
RGI2000-v7.0-C-15-03521,84.75998555739162,28.3858575,0.16719843790279304
RGI2000-v7.0-C-15-03522,84.76251212994359,28.3887025,0.09562177069371777
RGI2000-v7.0-C-15-03523,84.77396063763177,28.395103499999998,0.5018733608149017
RGI2000-v7.0-C-15-03524,84.7786654986631,28.3901685,0.258951573572498
RGI2000-v7.0-C-15-03525,84.7863954476631,28.4006695,0.3555167756065911
RGI2000-v7.0-C-15-03526,84.79724845904437,28.394070499999998,0.26380753142902846
RGI2000-v7.0-C-15-03527,84.768892,28.372303000000002,0.39181727097467006
RGI2000-v7.0-C-15-03528,84.77761429559749,28.358544000000002,0.17901781904301073
RGI2000-v7.0-C-15-03529,84.70422424302774,28.400007,0.6266585243489597
RGI2000-v7.0-C-15-03530,84.699599,28.415938500000003,0.06055886719528515
RGI2000-v7.0-C-15-03531,84.7163727999237,28.4529105,0.8393979464884954
RGI2000-v7.0-C-15-03532,84.71294462682471,28.4587475,0.1377156202866142
RGI2000-v7.0-C-15-03533,84.72004907229143,28.478523000000003,162.21919996269804
RGI2000-v7.0-C-15-03534,84.75535402554334,28.469882,0.2622155457655663
RGI2000-v7.0-C-15-03535,84.76187428874735,28.467482500000003,0.057436300654501046
RGI2000-v7.0-C-15-03536,84.78231006770832,28.4791315,0.1609087116984264
RGI2000-v7.0-C-15-03537,84.79060707260484,28.4797875,0.26212201571619853
RGI2000-v7.0-C-15-03538,84.72493033175351,28.5107675,0.2524938946042064
RGI2000-v7.0-C-15-03539,84.6807062178743,28.477164000000002,0.2502387274576667
RGI2000-v7.0-C-15-03540,84.6613267243763,28.526091,0.11470937433613908
RGI2000-v7.0-C-15-03541,84.66471166879327,28.534277,0.8295801846411525
RGI2000-v7.0-C-15-03542,84.64086685603752,28.527226499999998,1.3032084954636713
RGI2000-v7.0-C-15-03543,84.63266782484091,28.528727500000002,0.6635659665780775
RGI2000-v7.0-C-15-03544,84.62328401275823,28.512372499999998,4.092894784303026
RGI2000-v7.0-C-15-03545,84.61179299515086,28.5109275,0.23185372807684254
RGI2000-v7.0-C-15-03546,84.60494978642242,28.510797,0.11447923433021549
RGI2000-v7.0-C-15-03547,84.53948506967214,28.4998185,0.40653051905002957
RGI2000-v7.0-C-15-03548,84.4875146716216,28.461243,0.05933563488680461
RGI2000-v7.0-C-15-03549,84.58472892391305,28.450068,7.393428686312674
RGI2000-v7.0-C-15-03550,84.59646676431336,28.418642499999997,0.28801869388529444
RGI2000-v7.0-C-15-03551,84.59685806382979,28.415316,0.10921863412866865
RGI2000-v7.0-C-15-03552,84.58180466018307,28.403917,0.08796094720710541
RGI2000-v7.0-C-15-03553,84.57703286765958,28.404561,0.21510773501384273
RGI2000-v7.0-C-15-03554,84.57572840546875,28.415695499999998,0.13461960661333808
RGI2000-v7.0-C-15-03555,84.66072526280988,28.3414145,0.0558292227939857
RGI2000-v7.0-C-15-03556,84.67120026666666,28.341988999999998,0.03149606469287567
RGI2000-v7.0-C-15-03557,84.74983730128207,28.590465000000002,0.07624725560662828
RGI2000-v7.0-C-15-03558,84.7792630383742,28.5834045,0.4669074278029287
RGI2000-v7.0-C-15-03562,84.7019282092464,28.6174835,39.882380761145264
RGI2000-v7.0-C-15-03563,84.68207391889084,28.6297035,0.07051546165473714
RGI2000-v7.0-C-15-03564,84.66993746303383,28.6263515,1.4615288611070392
RGI2000-v7.0-C-15-03565,84.59989190100663,28.6899555,0.06467986490211183
RGI2000-v7.0-C-15-03566,84.6232028928467,28.734389999999998,0.09011174925691967
RGI2000-v7.0-C-15-03568,84.64212553227452,28.7275615,0.09638829306096948
RGI2000-v7.0-C-15-03598,84.94325563467149,28.583717,0.11728197877893706
RGI2000-v7.0-C-15-03599,84.9241425242616,28.565306,0.5807621556458106
RGI2000-v7.0-C-15-03603,84.85138863945187,28.568856,0.07654318377590034
RGI2000-v7.0-C-15-03604,84.93795234216245,28.526823999999998,1.4997582843814745
RGI2000-v7.0-C-15-03605,84.94757060592158,28.524844,0.1246323368187429
RGI2000-v7.0-C-15-03606,84.95954938844673,28.5276305,0.8874055242918572
RGI2000-v7.0-C-15-03607,84.96618750088601,28.5212915,0.047527822710836845
RGI2000-v7.0-C-15-03608,84.9703520825603,28.511766,0.07003305673079727
RGI2000-v7.0-C-15-03609,84.95463160957263,28.5157285,0.9150240890032715
RGI2000-v7.0-C-15-03610,84.9802212546419,28.525406,1.990322613170387
RGI2000-v7.0-C-15-03611,84.97907751523178,28.556368999999997,19.540222644844988
RGI2000-v7.0-C-15-03612,84.99901565969388,28.571886499999998,0.35390350799097514
RGI2000-v7.0-C-15-03613,85.00071801816239,28.5843985,1.2891354718698755
RGI2000-v7.0-C-15-03614,85.007324125,28.5859485,0.11483518837222571
RGI2000-v7.0-C-15-03615,85.00842937301826,28.5825795,0.14534135687562627
RGI2000-v7.0-C-15-03616,85.01409130542407,28.5938005,1.5049874588505774
RGI2000-v7.0-C-15-03617,85.02826955974005,28.5929735,0.050491980958741765
RGI2000-v7.0-C-15-03618,85.03292433629707,28.5909085,0.18011363173591807
RGI2000-v7.0-C-15-03619,85.03463728846154,28.596592,0.08844019807634705
RGI2000-v7.0-C-15-03620,85.02663521973221,28.5996625,0.9640041686467096
RGI2000-v7.0-C-15-03621,85.02335353708722,28.6084135,1.3500025570346568
RGI2000-v7.0-C-15-03622,85.00219107489607,28.6094145,3.4130352848678567
RGI2000-v7.0-C-15-03625,85.01011210713983,28.6314565,0.05463322860963977
RGI2000-v7.0-C-15-03629,85.01595458836944,28.636871499999998,0.06057158296055807
RGI2000-v7.0-C-15-03631,85.04487168522952,28.65589,0.07475427770874687
RGI2000-v7.0-C-15-03632,85.04780107550164,28.666690000000003,0.2206365752918222
RGI2000-v7.0-C-15-03634,85.05836375395256,28.678378000000002,0.06161211637086094
RGI2000-v7.0-C-15-03635,85.06046722841737,28.6802565,0.046275501391048204
RGI2000-v7.0-C-15-03638,85.0689583069751,28.6777005,0.21460708796066832
RGI2000-v7.0-C-15-03639,85.08174569713358,28.6692695,1.9420710657062246
RGI2000-v7.0-C-15-03642,85.07598806896212,28.662805,0.26701475295545474
RGI2000-v7.0-C-15-03643,85.08111064874582,28.6604955,0.035688933939974035
RGI2000-v7.0-C-15-03645,85.13317894958783,28.6694045,0.6647272682666393
RGI2000-v7.0-C-15-03647,85.14351349876696,28.659436999999997,0.05509234120223022
RGI2000-v7.0-C-15-03648,85.14651133614484,28.656835,0.06160239616326504
RGI2000-v7.0-C-15-03652,85.18112798611111,28.6388915,0.7213110173022164
RGI2000-v7.0-C-15-03653,85.17982359269664,28.631773,0.17428649689254702
RGI2000-v7.0-C-15-03654,85.1788234771808,28.601666,0.044028857061795025
RGI2000-v7.0-C-15-03655,85.17287436081202,28.600437499999998,0.1271657953290286
RGI2000-v7.0-C-15-03656,85.18262698529638,28.5798905,0.06026655930983174
RGI2000-v7.0-C-15-03657,85.18446855527311,28.567359000000003,0.6704562822053656
RGI2000-v7.0-C-15-03660,85.17959477249315,28.541334,2.7406873666404623
RGI2000-v7.0-C-15-03661,85.1544572065674,28.545035,0.4979664653176794
RGI2000-v7.0-C-15-03662,85.14807869230769,28.54686,0.23728890935753125
RGI2000-v7.0-C-15-03663,85.14267614220184,28.553437,0.15354417086537922
RGI2000-v7.0-C-15-03664,85.13704081936743,28.5523605,0.15141323498222606
RGI2000-v7.0-C-15-03665,85.15457355882353,28.533411,0.12615421087562892
RGI2000-v7.0-C-15-03666,85.1570692692481,28.5275905,0.28009309837075846
RGI2000-v7.0-C-15-03667,85.15119752207085,28.50567,10.688077401470206
RGI2000-v7.0-C-15-03668,85.1388308131313,28.5095765,0.4748003491755638
RGI2000-v7.0-C-15-03669,85.13579366194969,28.503709999999998,0.0612749553958724
RGI2000-v7.0-C-15-03670,85.13122967190776,28.493219,1.284821588234408
RGI2000-v7.0-C-15-03671,85.1234424226493,28.489702,0.03416896117310722
RGI2000-v7.0-C-15-03672,85.11665472216035,28.489876,1.0767812058442223
RGI2000-v7.0-C-15-03673,85.1074962967194,28.4893445,0.08042853989087566
RGI2000-v7.0-C-15-03679,85.10113007180293,28.44403,0.13591126417701546
RGI2000-v7.0-C-15-03680,85.09456250865094,28.444015999999998,0.056636811250974736
RGI2000-v7.0-C-15-03681,85.09220020019829,28.4512815,0.6072724270010732
RGI2000-v7.0-C-15-03682,85.09155811273165,28.463757,0.1930845582543939
RGI2000-v7.0-C-15-03683,85.10159943154198,28.468209,1.914271671211542
RGI2000-v7.0-C-15-03684,85.10806804955367,28.4376115,0.5936022951587998
RGI2000-v7.0-C-15-03685,85.11823803767317,28.4036235,0.7393273589920168
RGI2000-v7.0-C-15-03686,85.1073401337321,28.400363,0.08253166802975273
RGI2000-v7.0-C-15-03687,85.10712134166667,28.391641,0.6065730270131064
RGI2000-v7.0-C-15-03688,85.10263784085778,28.3808925,0.30822515492731045
RGI2000-v7.0-C-15-03689,85.10989353463202,28.3614565,0.12650333060775834
RGI2000-v7.0-C-15-03690,85.07936472531512,28.376893000000003,0.34370967226134286
RGI2000-v7.0-C-15-03691,85.07092974543082,28.3834975,0.7733784645885363
RGI2000-v7.0-C-15-03692,85.07229000545357,28.367524,0.19609841810738557
RGI2000-v7.0-C-15-03693,85.04981115306683,28.368567,0.044344659144207564
RGI2000-v7.0-C-15-03694,85.04534098750722,28.3715725,0.08699729520900726
RGI2000-v7.0-C-15-03695,85.0445257991081,28.376678,0.17665122401352726
RGI2000-v7.0-C-15-03696,85.04298898178567,28.385249,5.483660043861553
RGI2000-v7.0-C-15-03697,85.02600173781951,28.393821,0.4067590207930666
RGI2000-v7.0-C-15-03698,85.01893187779444,28.390357,0.019523657436372986
RGI2000-v7.0-C-15-03699,85.0197616736433,28.388023,0.03663090812265383
RGI2000-v7.0-C-15-03700,85.00363632411273,28.3883685,0.22403003155852552
RGI2000-v7.0-C-15-03701,84.99419229374104,28.389671999999997,0.18380741135572176
RGI2000-v7.0-C-15-03702,84.99534262549656,28.39982,3.5606002778783448
RGI2000-v7.0-C-15-03703,85.01211879428803,28.403686,0.5388552540352847
RGI2000-v7.0-C-15-03704,85.01181659999177,28.413307,0.03569725879345509
RGI2000-v7.0-C-15-03705,85.0038822715311,28.415042,0.4933511092368695
RGI2000-v7.0-C-15-03706,84.992827,28.4167085,0.2316182700786995
RGI2000-v7.0-C-15-03707,85.03580017529234,28.417361,0.6183522985167428
RGI2000-v7.0-C-15-03708,85.06025577869417,28.4005985,0.1315467606984508
RGI2000-v7.0-C-15-03709,85.02518079895455,28.3497225,0.1307614878327247
RGI2000-v7.0-C-15-03710,85.01876632956534,28.3499415,0.2455390234045495
RGI2000-v7.0-C-15-03711,85.0238695,28.342119,0.06488571999923004
RGI2000-v7.0-C-15-03712,85.02733570829244,28.3367525,0.04008145146945491
RGI2000-v7.0-C-15-03713,85.03521893315809,28.3432365,1.0860975704027085
RGI2000-v7.0-C-15-03714,85.04265963043426,28.323271,0.23769722479100813
RGI2000-v7.0-C-15-03715,85.04493075904723,28.316364,0.2783542745583248
RGI2000-v7.0-C-15-03716,85.04215390289258,28.311431499999998,0.07667844091877728
RGI2000-v7.0-C-15-03717,85.05981386105427,28.3261915,0.2908870456257815
RGI2000-v7.0-C-15-03718,85.10191847940669,28.316736,0.7751607484657056
RGI2000-v7.0-C-15-03719,85.11741356802669,28.321371,0.064039299713931
RGI2000-v7.0-C-15-03720,85.11997331061374,28.315251500000002,0.2601447399129385
RGI2000-v7.0-C-15-03721,85.12331309487416,28.303824,1.033788438714005
RGI2000-v7.0-C-15-03722,85.132637076012,28.3011865,0.012062305620535518
RGI2000-v7.0-C-15-03723,85.13241543917556,28.2978035,0.0823399419828534
RGI2000-v7.0-C-15-03724,85.1381930160048,28.2960905,0.17588640045104653
RGI2000-v7.0-C-15-03725,85.14702116595288,28.2925835,0.17813313247020654
RGI2000-v7.0-C-15-03726,85.15695453385824,28.294915,0.563117805474856
RGI2000-v7.0-C-15-03727,85.16036998023338,28.287855,0.12743197634269476
RGI2000-v7.0-C-15-03728,85.1605078543346,28.2812955,0.12220690206062962
RGI2000-v7.0-C-15-03729,85.16368567272727,28.276232999999998,0.1277088470256896
RGI2000-v7.0-C-15-03730,85.16879391359811,28.2756365,0.593286946348338
RGI2000-v7.0-C-15-03731,85.17928934483683,28.26453,0.02439545963915508
RGI2000-v7.0-C-15-03732,85.18141800370685,28.2600055,0.16077831842590562
RGI2000-v7.0-C-15-03733,85.19363469275251,28.254641499999998,0.709817670904111
RGI2000-v7.0-C-15-03734,85.19870102052977,28.252782,0.03339245385321406
RGI2000-v7.0-C-15-03735,85.20403494971642,28.258052,5.261877224140088
RGI2000-v7.0-C-15-03736,85.21173196234207,28.264104000000003,0.28071390494417453
RGI2000-v7.0-C-15-03737,85.20040159598256,28.281641,0.02848545602442282
RGI2000-v7.0-C-15-03738,85.18787308829366,28.284533500000002,0.9018379404948008
RGI2000-v7.0-C-15-03739,85.18391790737698,28.292491,0.029052066548606103
RGI2000-v7.0-C-15-03740,85.1537065678375,28.283725500000003,0.15685357335180644
RGI2000-v7.0-C-15-03741,85.16243746683168,28.3192835,0.10544288653130574
RGI2000-v7.0-C-15-03742,85.1679963841438,28.3184,0.09414438933903747
RGI2000-v7.0-C-15-03743,85.15443881421331,28.323254,0.12997172309639202
RGI2000-v7.0-C-15-03758,85.19165312630517,28.325321,0.3808599502256035
RGI2000-v7.0-C-15-03898,85.59128093832453,28.304948,0.08446265827861049
RGI2000-v7.0-C-15-03899,85.58489136771736,28.303344,0.24636769793458219
RGI2000-v7.0-C-15-03902,85.6379241100629,28.264284,0.115728906249595
RGI2000-v7.0-C-15-03903,85.64238783767651,28.2655225,0.04497784685827336
RGI2000-v7.0-C-15-03904,85.6410304217218,28.255995499999997,14.570224844657794
RGI2000-v7.0-C-15-03905,85.65242361034043,28.2498195,0.3269278758202806
RGI2000-v7.0-C-15-03906,85.65425262504098,28.241704,1.788959508467716
RGI2000-v7.0-C-15-03907,85.66750882260067,28.245349,0.09920647089988746
RGI2000-v7.0-C-15-03908,85.66627991328359,28.252659,1.3827368758294831
RGI2000-v7.0-C-15-03909,85.67097915899198,28.2678565,0.7399511631589872
RGI2000-v7.0-C-15-03910,85.67906614682539,28.27206,0.044617691339310685
RGI2000-v7.0-C-15-03911,85.68288181243214,28.270152000000003,0.14891606133336635
RGI2000-v7.0-C-15-03912,85.69344704990085,28.274453,1.2558314386581266
RGI2000-v7.0-C-15-03913,85.695830691645,28.265957,0.08480711191079457
RGI2000-v7.0-C-15-03914,85.69489195230264,28.261049999999997,0.03574138332844988
RGI2000-v7.0-C-15-03915,85.6862420201808,28.295104000000002,0.23628259986633177
RGI2000-v7.0-C-15-03916,85.73386943010142,28.287353,0.1626212813850161
RGI2000-v7.0-C-15-03918,85.73890991397553,28.28165,0.1780831443173643
RGI2000-v7.0-C-15-03919,85.7403714528626,28.272839,0.845969987245553
RGI2000-v7.0-C-15-03920,85.72054144055355,28.207179,2.8519543558797884
RGI2000-v7.0-C-15-03921,85.73230779645459,28.201816,0.16147410439841903
RGI2000-v7.0-C-15-03922,85.73896376462419,28.19935,0.06503153628432073
RGI2000-v7.0-C-15-03923,85.76050895282279,28.2028475,0.07661557864142976
RGI2000-v7.0-C-15-03924,85.76291319042102,28.184252,0.9720208310112726
RGI2000-v7.0-C-15-03925,85.75284306117021,28.179357500000002,0.8089572686273611
RGI2000-v7.0-C-15-03926,85.74338070738446,28.169137,0.031739764630839044
RGI2000-v7.0-C-15-03927,85.74074892035398,28.163694999999997,0.13735091152782228
RGI2000-v7.0-C-15-03928,85.70627300318031,28.1712395,0.44290499074136447
RGI2000-v7.0-C-15-03929,85.69715651352689,28.1629025,2.123800426523263
RGI2000-v7.0-C-15-03930,85.68233551755853,28.1701375,0.10598822636756611
RGI2000-v7.0-C-15-03931,85.69165946945758,28.177895,0.17859266846789976
RGI2000-v7.0-C-15-03932,85.6831259644201,28.1820455,0.24122886532825727
RGI2000-v7.0-C-15-03933,85.67220317698873,28.182639,0.12196247442962302
RGI2000-v7.0-C-15-03934,85.67393627315768,28.1886355,0.3758426722787897
RGI2000-v7.0-C-15-03935,85.67085977962299,28.175824499999997,1.4616126071749076
RGI2000-v7.0-C-15-03936,85.66568037042683,28.1668345,0.0802912763622404
RGI2000-v7.0-C-15-03937,85.65477489232208,28.154439,0.19181614096622276
RGI2000-v7.0-C-15-03938,85.6493939148965,28.15166,0.032487183268015536
RGI2000-v7.0-C-15-03939,85.64408465117793,28.147784,0.07364535488312558
RGI2000-v7.0-C-15-03940,85.63804738452914,28.143346,0.03233680735072563
RGI2000-v7.0-C-15-03941,85.63300824120645,28.139509500000003,0.3939446721395163
RGI2000-v7.0-C-15-03942,85.62425885987261,28.134809,0.9269283334799109
RGI2000-v7.0-C-15-03943,85.62957841638666,28.124885,0.03165568883016232
RGI2000-v7.0-C-15-03944,85.63341933679703,28.1247865,0.2903084245988879
RGI2000-v7.0-C-15-03945,85.63862438922764,28.129245,0.13602261352567802
RGI2000-v7.0-C-15-03946,85.61653800892255,28.146728,0.2162039363741813
RGI2000-v7.0-C-15-03947,85.60437817425847,28.1493855,2.6579825768806833
RGI2000-v7.0-C-15-03948,85.59499282980616,28.1526885,0.06829853267090097
RGI2000-v7.0-C-15-03949,85.59182457317212,28.163365,3.452779838626544
RGI2000-v7.0-C-15-03950,85.57958702613338,28.151766000000002,0.18482008202500846
RGI2000-v7.0-C-15-03951,85.56803196398747,28.158932,0.05841998128965082
RGI2000-v7.0-C-15-03952,85.55331574002219,28.1632745,0.9296167124662724
RGI2000-v7.0-C-15-03953,85.55100622171852,28.174909999999997,0.8923639701224575
RGI2000-v7.0-C-15-03954,85.54744657557876,28.1755275,0.06938485338162616
RGI2000-v7.0-C-15-03955,85.54213174320434,28.1738545,1.0281454956054568
RGI2000-v7.0-C-15-03956,85.53562414007297,28.157193,2.1044383496807693
RGI2000-v7.0-C-15-03957,85.5114139154013,28.160873000000002,5.499362456614618
RGI2000-v7.0-C-15-03958,85.496839174946,28.171767,0.22404234180996282
RGI2000-v7.0-C-15-03959,85.49093741533545,28.172497,0.08874478710614095
RGI2000-v7.0-C-15-03960,85.50574760276797,28.179585,0.08257191132255665
RGI2000-v7.0-C-15-03961,85.50842037591926,28.180629000000003,0.06220744408065883
RGI2000-v7.0-C-15-03962,85.49520275,28.146147,0.3491340621960677
RGI2000-v7.0-C-15-03963,85.48796061185695,28.1459725,1.047942580814119
RGI2000-v7.0-C-15-03964,85.4796257508802,28.146149,0.07068681028188964
RGI2000-v7.0-C-15-03965,85.49138292996109,28.138748,0.1262959946704872
RGI2000-v7.0-C-15-03966,85.49715587974683,28.1355675,0.42980144422848754
RGI2000-v7.0-C-15-03967,85.48691014554012,28.106948,0.1519646260369098
RGI2000-v7.0-C-15-03968,85.47779398143001,28.105925,0.03728059449611435
RGI2000-v7.0-C-15-03969,85.47954838650895,28.101692,0.3555878641059303
RGI2000-v7.0-C-15-03970,85.47236527870564,28.107556000000002,0.31837364935389667
RGI2000-v7.0-C-15-03971,85.46546808554083,28.107383499999997,0.24144760680421246
RGI2000-v7.0-C-15-03972,85.4677345,28.115246499999998,0.02479100011585426
RGI2000-v7.0-C-15-03973,85.46997557278551,28.233671,0.08610525056518442
RGI2000-v7.0-C-15-03974,85.45930482943038,28.243171500000003,0.6100860567844432
RGI2000-v7.0-C-15-03975,85.45506920002535,28.2368335,0.4605887078281164
RGI2000-v7.0-C-15-03976,85.45205938425926,28.2525485,0.10995867842204089
RGI2000-v7.0-C-15-03977,85.47078082455016,28.2614075,0.03765733785252653
RGI2000-v7.0-C-15-03978,85.46425108051207,28.269951,0.15032038600370645
RGI2000-v7.0-C-15-03979,85.483408,28.245784999999998,0.05272858841416908
RGI2000-v7.0-C-15-03980,85.48570696237752,28.2392825,0.7580073493748689
RGI2000-v7.0-C-15-03981,85.49966813793104,28.243618,0.7224934650764894
RGI2000-v7.0-C-15-03982,85.50963601419753,28.239427499999998,0.3480753908732301
RGI2000-v7.0-C-15-03983,85.51544685062893,28.2360125,0.16142082350831471
RGI2000-v7.0-C-15-03984,85.52084575055065,28.2356285,0.20033183683020098
RGI2000-v7.0-C-15-03985,85.53301757227736,28.2379635,0.14300299814380546
RGI2000-v7.0-C-15-03986,85.53615665519324,28.2474745,0.900182416572816
RGI2000-v7.0-C-15-03987,85.52896386910302,28.2642315,24.201126917661632
RGI2000-v7.0-C-15-03988,85.5536102572187,28.271694,0.014640817997942271
RGI2000-v7.0-C-15-03989,85.55809848033866,28.267531499999997,0.032178354120886495
RGI2000-v7.0-C-15-03990,85.55614930117096,28.26332,0.051188622081495584
RGI2000-v7.0-C-15-03991,85.56317299540093,28.2554185,0.395478280108316
RGI2000-v7.0-C-15-03992,85.57483678291317,28.255042,4.175288829028235
RGI2000-v7.0-C-15-03993,85.6004245,28.248721,0.16554848255947724
RGI2000-v7.0-C-15-03994,85.6155720642767,28.175717,0.5475864105171142
RGI2000-v7.0-C-15-03995,85.62224082828283,28.171654,0.2826495720173139
RGI2000-v7.0-C-15-03996,85.61901620083627,28.165772500000003,0.4810469800307397
RGI2000-v7.0-C-15-03997,85.62138372619049,28.1583265,0.2447543816820731
RGI2000-v7.0-C-15-03998,85.6108743290653,28.1627595,0.058653236426974856
RGI2000-v7.0-C-15-03999,85.67048925,28.1511445,7.013495467741925
RGI2000-v7.0-C-15-04000,85.70299077643172,28.211356000000002,0.6941259294079478
RGI2000-v7.0-C-15-04001,85.50054492084007,28.255519,0.06493571721781329
RGI2000-v7.0-C-15-04035,85.0449341770362,28.5910775,1.086214609434789
RGI2000-v7.0-C-15-04036,85.05699617602593,28.596276500000002,0.08780757604390897
RGI2000-v7.0-C-15-04037,85.06820119566504,28.5944955,2.0691217687828636
RGI2000-v7.0-C-15-04038,85.05129561859707,28.562426,9.759675240582602
RGI2000-v7.0-C-15-04039,85.07469145833333,28.549574,0.1920786628838077
RGI2000-v7.0-C-15-04040,85.07388787315018,28.544407,0.0252716291660816
RGI2000-v7.0-C-15-04041,85.05803988969066,28.5356445,0.16087378249423911
RGI2000-v7.0-C-15-04042,85.2074804433669,28.2397815,0.06075953471211143
RGI2000-v7.0-C-15-04061,84.46885859892183,28.747022,240.30759959549223
RGI2000-v7.0-C-15-04065,84.52100865408055,28.619405999999998,0.1371639504959412
RGI2000-v7.0-C-15-04066,84.48050157416574,28.5731695,0.6940668309002216
RGI2000-v7.0-C-15-04067,84.47751834324791,28.56429,0.05673333127024349
RGI2000-v7.0-C-15-04068,84.46591274959465,28.560904999999998,0.4389806073536717
RGI2000-v7.0-C-15-04069,84.46325050795755,28.5528665,0.057567161027254954
RGI2000-v7.0-C-15-04070,84.46469131962448,28.545543000000002,0.030730187935972805
RGI2000-v7.0-C-15-04071,84.29109781883994,28.4702745,0.09800931209524134
RGI2000-v7.0-C-15-04072,84.24525669521557,28.445234,0.13090541587933077
RGI2000-v7.0-C-15-04073,84.241902418239,28.439265,0.06966562868368038
RGI2000-v7.0-C-15-04074,84.23909683547257,28.441041,0.09208546978538727
RGI2000-v7.0-C-15-04075,83.99102170772886,28.526361,0.8094921341497606
RGI2000-v7.0-C-15-04076,83.94777843521126,28.5315985,6.066838013482649
RGI2000-v7.0-C-15-04077,83.96473061845771,28.491274500000003,2.2042453535388495
RGI2000-v7.0-C-15-04078,83.89537996866508,28.563214,0.048486198538979265
RGI2000-v7.0-C-15-04079,83.88564392670953,28.571241,0.04519154972455387
RGI2000-v7.0-C-15-04080,83.87606263679245,28.704373500000003,0.11556255500625655
RGI2000-v7.0-C-15-04081,83.87283218228572,28.715409,1.4819747053492858
RGI2000-v7.0-C-15-04082,83.86249540351531,28.726204,0.20042430082848592
RGI2000-v7.0-C-15-04083,83.87808036743436,28.738501499999998,0.19890611849113182
RGI2000-v7.0-C-15-04084,83.88803403754414,28.7418765,0.7262510133027533
RGI2000-v7.0-C-15-04085,83.89516765217391,28.73999,0.060202807257565355
RGI2000-v7.0-C-15-04086,83.90165270553179,28.734104,0.05360550535712768
RGI2000-v7.0-C-15-04087,83.91359491449415,28.730875,0.1473563568044626
RGI2000-v7.0-C-15-04088,83.89872981963626,28.747891000000003,4.2024198655113825
RGI2000-v7.0-C-15-04089,83.90440161054876,28.7547255,0.08546230463231529
RGI2000-v7.0-C-15-04090,83.8984085999504,28.7708865,0.39973728003790415
RGI2000-v7.0-C-15-04091,83.90651484746348,28.779667,0.03769337830799409
RGI2000-v7.0-C-15-04092,83.91898957912088,28.776321,4.024997021667788
RGI2000-v7.0-C-15-04093,83.93002945786964,28.7657615,3.663984499409247
RGI2000-v7.0-C-15-04094,83.940914940382,28.7803385,0.22774347045652013
RGI2000-v7.0-C-15-04095,83.95309621973189,28.8048145,0.042971457576604755
RGI2000-v7.0-C-15-04096,83.94312264759037,28.812060000000002,2.4748735122021683
RGI2000-v7.0-C-15-04097,83.94409452267016,28.824621999999998,1.1280877013565092
RGI2000-v7.0-C-15-04098,83.95648671802935,28.830946500000003,0.05527843797528084
RGI2000-v7.0-C-15-04099,83.95967487914785,28.832845,0.04946707272500288
RGI2000-v7.0-C-15-04100,83.96220007974838,28.8377935,0.29399140512092153
RGI2000-v7.0-C-15-04101,83.95235252700179,28.836783500000003,1.381495001838061
RGI2000-v7.0-C-15-04102,83.96130203461,28.8268345,0.13169390589113514
RGI2000-v7.0-C-15-04103,83.98066417853573,28.8353015,2.290733085875152
RGI2000-v7.0-C-15-04104,83.98147124071593,28.818329,2.1647034428892162
RGI2000-v7.0-C-15-04105,83.98351549700351,28.8094495,0.16819459983897983
RGI2000-v7.0-C-15-04106,83.99274474947146,28.8075125,1.680236984490291
RGI2000-v7.0-C-15-04107,84.02945302734723,28.806236499999997,0.43707170967091546
RGI2000-v7.0-C-15-04108,84.02375249913686,28.826873,0.4249585404410433
RGI2000-v7.0-C-15-04109,84.04832614644351,28.8248325,0.2293321048691571
RGI2000-v7.0-C-15-04110,84.07293957337684,28.8440855,0.06091325117269531
RGI2000-v7.0-C-15-04111,84.07474454467055,28.859586,0.3147342825755553
RGI2000-v7.0-C-15-04112,84.06841658084016,28.8915835,1.4046210274336568
RGI2000-v7.0-C-15-04113,84.09609122244422,28.893541,0.06231027574841769
RGI2000-v7.0-C-15-04114,84.11545480754744,28.9360125,0.03596495405185359
RGI2000-v7.0-C-15-04115,84.12723659065733,28.951683,4.2857113709403984
RGI2000-v7.0-C-15-04116,84.15951054367608,28.9403785,0.20923826234342474
RGI2000-v7.0-C-15-04117,84.08033002980736,28.9408315,0.059826777888934625
RGI2000-v7.0-C-15-04118,84.15240108595738,29.019809000000002,0.28339301034131914
RGI2000-v7.0-C-15-04119,83.84279859506529,29.187357,0.08637185743498162
RGI2000-v7.0-C-15-04120,83.83919068992654,29.1836635,0.11241927463559812
RGI2000-v7.0-C-15-04121,83.83861700048678,29.194606999999998,0.16085258389226834
RGI2000-v7.0-C-15-04122,83.84026743075792,29.2020915,0.630081686195543
RGI2000-v7.0-C-15-04123,83.82827334517434,29.206997,0.25585183064024863
RGI2000-v7.0-C-15-04124,83.82562550227061,29.202749,0.02241920367111585
RGI2000-v7.0-C-15-04125,83.82205050188212,29.2042095,0.04310347043929245
RGI2000-v7.0-C-15-04126,83.82856438251012,29.217995,1.4204546053811502
RGI2000-v7.0-C-15-04127,83.81914100516039,29.229098999999998,1.6554425385948615
RGI2000-v7.0-C-15-04128,83.81141907822351,29.2355285,0.48981644846083217
RGI2000-v7.0-C-15-04129,83.80571799202187,29.2308675,0.07285710735831738
RGI2000-v7.0-C-15-04130,83.80028517528737,29.2274205,0.09429712846609453
RGI2000-v7.0-C-15-04131,83.80738457816712,29.224789,0.1500985783267993
RGI2000-v7.0-C-15-04132,83.81203039882864,29.256176,0.85985448561192
RGI2000-v7.0-C-15-04133,83.81953045082938,29.2559775,0.5414342239593557
RGI2000-v7.0-C-15-04134,83.82777110822116,29.257695499999997,0.3293792309789482
RGI2000-v7.0-C-15-04135,83.83574967102615,29.2518525,0.027261723440562942
RGI2000-v7.0-C-15-04136,83.84319696091953,29.254266,0.9569206684792639
RGI2000-v7.0-C-15-04137,83.83702447626804,29.276018,0.4226347830286178
RGI2000-v7.0-C-15-04138,83.82941710367979,29.2769775,0.47598207312050655
RGI2000-v7.0-C-15-04139,83.85299369987901,29.2766765,0.9461606384326401
RGI2000-v7.0-C-15-04140,83.86442515941545,29.279916,0.830505706348887
RGI2000-v7.0-C-15-04141,83.87259838597859,29.283743,0.06314736995441109
RGI2000-v7.0-C-15-04142,83.85095769387368,29.214285500000003,0.06001447333299093
RGI2000-v7.0-C-15-04143,83.79576982015011,28.7002965,0.03405872533519905
RGI2000-v7.0-C-15-04144,83.7920031578937,28.6992615,0.14635101114043728
RGI2000-v7.0-C-15-04145,83.74077777524347,28.647256499999997,0.04518224565590147
RGI2000-v7.0-C-15-04146,83.73961269596808,28.639635499999997,0.24511130778519424
RGI2000-v7.0-C-15-04147,83.74648768419382,28.6390025,0.10756097557484187
RGI2000-v7.0-C-15-04148,83.73252369010102,28.63654,0.03586584880233938
RGI2000-v7.0-C-15-04149,83.72462407841141,28.642121,0.10772272935037641
RGI2000-v7.0-C-15-04150,83.7205442300237,28.641759999999998,0.24176491705678368
RGI2000-v7.0-C-15-04152,85.50004355455353,28.128999999999998,0.9008146412347278
RGI2000-v7.0-C-15-04153,85.5034230513601,28.1216195,1.4190473534723185
RGI2000-v7.0-C-15-04154,85.51366689556963,28.118575999999997,0.10566591632229694
RGI2000-v7.0-C-15-04155,85.51299752822581,28.1107485,0.032279149553820406
RGI2000-v7.0-C-15-04156,85.52351344063706,28.137421500000002,0.07261713504406496
RGI2000-v7.0-C-15-04157,85.51930908651323,28.143506000000002,0.31159674436996027
RGI2000-v7.0-C-15-04158,85.51758387591215,28.148743500000002,0.40401714478444983
RGI2000-v7.0-C-15-04159,85.54383154323725,28.1468035,0.4005833038470486
RGI2000-v7.0-C-15-04160,85.60815818421253,28.127359,0.03304793115042188
RGI2000-v7.0-C-15-04161,85.61589832685573,28.124537500000002,0.06727207635505
RGI2000-v7.0-C-15-04162,85.61775485739895,28.130802,1.2572578585439442
RGI2000-v7.0-C-15-04163,85.68063350150274,28.1363365,0.1253100510910044
RGI2000-v7.0-C-15-04164,85.68506838341969,28.1340275,0.1332920992114607
RGI2000-v7.0-C-15-04165,85.6928477274866,28.1315495,0.02285500442063477
RGI2000-v7.0-C-15-04166,85.6948444250512,28.1356815,0.15025896333219782
RGI2000-v7.0-C-15-04167,85.69894965026738,28.1286165,0.0758684141278111
RGI2000-v7.0-C-15-04168,85.69695331395349,28.12505,0.26748430688185193
RGI2000-v7.0-C-15-04169,85.69595353803597,28.144253,1.868300503011984
RGI2000-v7.0-C-15-04170,85.72223007078424,28.1471595,0.5060857556058357
RGI2000-v7.0-C-15-04171,85.7492176761427,28.142595999999998,0.07233769034097104
RGI2000-v7.0-C-15-04172,85.7556405,28.138824,0.6334887761659547
RGI2000-v7.0-C-15-04173,85.7686110900222,28.135930000000002,1.0912513878929335
RGI2000-v7.0-C-15-04174,85.77814166311302,28.131713,0.0956420496237199
RGI2000-v7.0-C-15-04175,85.78142334187294,28.144056499999998,1.3253849519276273
RGI2000-v7.0-C-15-04176,85.77383258186813,28.1490515,0.14673270141871578
RGI2000-v7.0-C-15-04177,85.78189225,28.156308,0.222250664797884
RGI2000-v7.0-C-15-04178,85.76505212324727,28.158154500000002,11.445429807392049
RGI2000-v7.0-C-15-04179,85.81090389745223,28.137591,0.14899081805884376
RGI2000-v7.0-C-15-04180,85.81438608574496,28.134297500000002,0.026077585232872846
RGI2000-v7.0-C-15-04181,85.81898262449386,28.1326085,0.13695342912617853
RGI2000-v7.0-C-15-04182,85.81480231779662,28.124670000000002,0.14361408433665035
RGI2000-v7.0-C-15-04183,85.82404676241364,28.145314,0.1563162554881277
RGI2000-v7.0-C-15-04184,85.83246873684548,28.1595095,32.73656453872567
RGI2000-v7.0-C-15-04185,85.81673642528932,28.1745155,0.6335764951233028
RGI2000-v7.0-C-15-04237,86.18808508053692,28.170999000000002,0.1094982199664163
RGI2000-v7.0-C-15-04266,86.08918972327436,28.088527499999998,0.298692537231935
RGI2000-v7.0-C-15-04267,86.09092035520948,28.078252499999998,0.9557176766384008
RGI2000-v7.0-C-15-04268,86.09799079481819,28.069256,0.604282366607556
RGI2000-v7.0-C-15-04277,86.08408372787224,28.0227945,0.5573994539144369
RGI2000-v7.0-C-15-04278,86.08879104619565,28.017176499999998,0.944052499241658
RGI2000-v7.0-C-15-04279,86.09678701526539,28.0149125,1.1452731408930226
RGI2000-v7.0-C-15-04280,86.10827715908385,28.018520000000002,0.34946948874472106
RGI2000-v7.0-C-15-04281,86.10590213510355,28.0238725,0.048910562464505536
RGI2000-v7.0-C-15-04282,86.10411192459816,28.00069,2.74482143701468
RGI2000-v7.0-C-15-04295,86.09993104735449,28.0932765,0.27038897027541725
RGI2000-v7.0-C-15-04296,86.10826310624999,28.091865,0.031124258790995396
RGI2000-v7.0-C-15-04297,86.11486918092105,28.0897965,0.0836243940325161
RGI2000-v7.0-C-15-04298,86.10911133367557,28.0653445,0.05651580701937561
RGI2000-v7.0-C-15-04299,86.09695709514331,28.054769,0.7269310078773527
RGI2000-v7.0-C-15-04300,86.13293276206898,28.019246,0.9290031140301854
RGI2000-v7.0-C-15-04301,86.14517354967603,28.011011,0.6152944267654714
RGI2000-v7.0-C-15-04302,86.10732395343884,27.9882125,0.3545314067287018
RGI2000-v7.0-C-15-04311,86.11519265929653,27.966606,0.1562074998209385
RGI2000-v7.0-C-15-04312,86.11296103433538,27.9727645,0.5488710380986921
RGI2000-v7.0-C-15-04313,86.21323470132145,28.044032,0.03803616481244982
RGI2000-v7.0-C-15-04314,86.21549715380074,28.045537,0.05683380100019525
RGI2000-v7.0-C-15-04315,86.21612364047387,28.042589,0.04051057954673501
RGI2000-v7.0-C-15-04316,86.21788630276356,28.0497515,0.06037486947927962
RGI2000-v7.0-C-15-04317,86.20883078706765,28.049123,0.5805919230576683
RGI2000-v7.0-C-15-04318,86.20880337248323,28.055248,0.06984700199479317
RGI2000-v7.0-C-15-04319,86.2075106530221,28.065109,0.026707814718345824
RGI2000-v7.0-C-15-04320,86.20741448886415,28.068719,0.03974144245007269
RGI2000-v7.0-C-15-04321,86.2079697307496,28.071548999999997,0.03762221634157072
RGI2000-v7.0-C-15-04322,86.20968373376624,28.0741225,0.04933243614927841
RGI2000-v7.0-C-15-04323,86.2005825781244,28.077646,0.3749397135873723
RGI2000-v7.0-C-15-04324,86.20507329578066,28.088234,0.7360075476484264
RGI2000-v7.0-C-15-04325,86.20246918828124,28.0950675,0.09777581471323273
RGI2000-v7.0-C-15-04326,86.2062655867679,28.096983,0.05459048609538165
RGI2000-v7.0-C-15-04329,86.2168897449682,28.098678,0.16378127836213938
RGI2000-v7.0-C-15-04331,86.21852252331003,28.109634999999997,0.02559533681774916
RGI2000-v7.0-C-15-04371,86.30358682088519,27.959412,0.20124169011613144
RGI2000-v7.0-C-15-04372,86.2957208786307,27.962939499999997,0.2703415208534566
RGI2000-v7.0-C-15-04373,86.31059521884586,27.945195,0.7672531334065492
RGI2000-v7.0-C-15-04374,86.32463081818182,27.9442655,0.22280662328107612
RGI2000-v7.0-C-15-04375,86.33051356063116,27.941494499999997,0.5634150600470309
RGI2000-v7.0-C-15-04376,86.3355854911822,27.954466,0.48162104841794695
RGI2000-v7.0-C-15-04378,86.35842021937638,27.936836999999997,1.0295148957505376
RGI2000-v7.0-C-15-04381,86.37585919401891,27.934673500000002,0.3970717332218986
RGI2000-v7.0-C-15-04382,86.38354235728953,27.93073,1.5312346354008448
RGI2000-v7.0-C-15-04384,86.39614809482758,27.921401,0.8016435601682652
RGI2000-v7.0-C-15-04387,86.422508,27.904138500000002,0.2461172946184352
RGI2000-v7.0-C-15-04388,86.41238578459226,27.9011145,0.15158981333289967
RGI2000-v7.0-C-15-04389,86.43310854849366,27.899181499999997,0.47874140590922853
RGI2000-v7.0-C-15-04390,86.44394270212766,27.898046,0.031868282017870314
RGI2000-v7.0-C-15-04391,86.44597524621213,27.900364000000003,0.044922637755489075
RGI2000-v7.0-C-15-04392,86.45158877733546,27.9070635,0.06423146503620891
RGI2000-v7.0-C-15-04393,86.45921997823899,27.910563000000003,0.023018487476891315
RGI2000-v7.0-C-15-04394,86.46394860078941,27.922426,0.11365425284420491
RGI2000-v7.0-C-15-04395,86.48060277487173,27.92743,1.1889389699080866
RGI2000-v7.0-C-15-04396,86.48779185420524,27.923271,0.019738074258476748
RGI2000-v7.0-C-15-04397,86.48856023392999,27.921186,0.03148058077403351
RGI2000-v7.0-C-15-04398,86.49505336473683,27.8923,0.17554607798061267
RGI2000-v7.0-C-15-04399,86.48842210502306,27.8814895,1.5951925231669055
RGI2000-v7.0-C-15-04400,86.49168086669555,27.8703655,0.12367713853786481
RGI2000-v7.0-C-15-04401,86.49976651129796,27.864810499999997,1.9303069432789768
RGI2000-v7.0-C-15-04402,86.51274853797993,27.876593,0.258064792361485
RGI2000-v7.0-C-15-04403,86.51854820858895,27.865543000000002,114.0657438564997
RGI2000-v7.0-C-15-04404,86.5523298993671,27.870116,0.03766861159068078
RGI2000-v7.0-C-15-04405,86.56208455103416,27.8841045,0.12841778182893013
RGI2000-v7.0-C-15-04406,86.55992220810386,27.889705499999998,0.37272731160594996
RGI2000-v7.0-C-15-04407,86.55412929324895,27.893048,0.04475828277205385
RGI2000-v7.0-C-15-04408,86.55178654665643,27.8968565,0.03523284999253643
RGI2000-v7.0-C-15-04409,86.56506153493729,27.901908499999998,0.027774072650797278
RGI2000-v7.0-C-15-04410,86.56776098914884,27.900312,0.037918263042915526
RGI2000-v7.0-C-15-04411,86.56546618332465,27.906821,1.3092102174776057
RGI2000-v7.0-C-15-04412,86.5788924525,27.9174905,1.838134258957614
RGI2000-v7.0-C-15-04413,86.5911086919643,27.9256355,0.08699585146040036
RGI2000-v7.0-C-15-04414,86.59935092857143,27.9189935,0.045892824556303495
RGI2000-v7.0-C-15-04415,86.65897164456237,27.940683,0.013391056287255993
RGI2000-v7.0-C-15-04416,86.67249676630288,27.9314225,1.6750748854496307
RGI2000-v7.0-C-15-04417,86.6810478750381,27.9286375,0.051205182698002526
RGI2000-v7.0-C-15-04418,86.68404042298579,27.928136,0.040959906676623185
RGI2000-v7.0-C-15-04419,86.67821613755311,27.924436999999998,0.02819126838562315
RGI2000-v7.0-C-15-04420,86.66766245926584,27.9215095,0.037534566486569956
RGI2000-v7.0-C-15-04421,86.66540320240586,27.9248475,0.10940143913042762
RGI2000-v7.0-C-15-04422,86.66580761794964,27.913463999999998,0.11772075143687052
RGI2000-v7.0-C-15-04423,86.66712764229712,27.90685,0.13297203062515567
RGI2000-v7.0-C-15-04424,86.67057381907499,27.9053125,0.012317113610297975
RGI2000-v7.0-C-15-04425,86.67378805660377,27.911700500000002,0.0953498548507693
RGI2000-v7.0-C-15-04426,86.67914273201347,27.906036999999998,0.15763596233541063
RGI2000-v7.0-C-15-04427,86.67674430974857,27.8978535,0.9838702184455569
RGI2000-v7.0-C-15-04428,86.66999167676933,27.888064999999997,0.6340464707392658
RGI2000-v7.0-C-15-04429,86.66970855408806,27.8823235,0.10691235891476376
RGI2000-v7.0-C-15-04430,86.67373904799106,27.8787875,0.050035627146836154
RGI2000-v7.0-C-15-04431,86.67661995457098,27.8739545,0.029327735591827192
RGI2000-v7.0-C-15-04432,86.67927148205789,27.8612675,0.04081665282383177
RGI2000-v7.0-C-15-04433,86.67886784660206,27.857357,0.010649706214070576
RGI2000-v7.0-C-15-04434,86.69386006396488,27.883795499999998,0.05654298451178164
RGI2000-v7.0-C-15-04435,86.69455992778963,27.892758,0.18704079175313099
RGI2000-v7.0-C-15-04436,86.74830109939472,27.914091,0.023327812790455347
RGI2000-v7.0-C-15-04437,86.75122138072842,27.916173999999998,0.0229988118300033
RGI2000-v7.0-C-15-04438,86.75285769149035,27.9186755,0.47094136051768515
RGI2000-v7.0-C-15-04439,86.76385420118342,27.919562499999998,0.36745598758651965
RGI2000-v7.0-C-15-04440,86.76729551169265,27.9263485,0.0978197040038707
RGI2000-v7.0-C-15-04441,86.75786515680025,27.929165500000003,0.3534811003832337
RGI2000-v7.0-C-15-04442,86.75395065924278,27.946005999999997,0.09166350996046473
RGI2000-v7.0-C-15-04443,86.75324303342246,27.954684999999998,0.07077550812806674
RGI2000-v7.0-C-15-04444,86.75623425645003,27.960832500000002,0.33863001478221233
RGI2000-v7.0-C-15-04445,86.7516064778481,27.969748,0.0613442246497021
RGI2000-v7.0-C-15-04446,86.75758313873833,27.970883999999998,0.9339593177097264
RGI2000-v7.0-C-15-04447,86.76360397242647,27.976568,0.20313594433328175
RGI2000-v7.0-C-15-04448,86.77646089349099,27.967686,0.10194290509017179
RGI2000-v7.0-C-15-04449,86.78155534020044,27.9688855,0.04519791549770638
RGI2000-v7.0-C-15-04450,86.7879211870824,27.9711785,0.02578185517708559
RGI2000-v7.0-C-15-04451,86.79281653583709,27.963527,0.8303149350568196
RGI2000-v7.0-C-15-04452,86.79783144849785,27.967406,0.10287218883981807
RGI2000-v7.0-C-15-04453,86.79212615505034,27.953077,0.44046636101831715
RGI2000-v7.0-C-15-04454,86.83864816015466,27.9452275,0.015846065735964573
RGI2000-v7.0-C-15-04455,86.83909930111145,27.938369,0.08612945021368797
RGI2000-v7.0-C-15-04456,86.83065154977376,27.927287,0.12037403393606214
RGI2000-v7.0-C-15-04457,86.85190443574426,27.948965,0.04602849047739343
RGI2000-v7.0-C-15-04458,86.847963,27.951725500000002,0.17788869171904398
RGI2000-v7.0-C-15-04459,86.84905095473252,27.960847,0.02249408390516173
RGI2000-v7.0-C-15-04460,86.84912602814885,27.965261499999997,0.45561704995868557
RGI2000-v7.0-C-15-04461,86.86918069921472,27.972204,0.07991905483382344
RGI2000-v7.0-C-15-04462,86.88175197464788,27.960510499999998,0.04685045278301909
RGI2000-v7.0-C-15-04463,86.88738822369558,27.950764,0.03567590302035121
RGI2000-v7.0-C-15-04464,86.87446009210797,27.945270999999998,0.48098439969985995
RGI2000-v7.0-C-15-04465,86.8617700241546,27.9386805,4.314590498860801
RGI2000-v7.0-C-15-04466,86.90628871824462,27.9504695,1.332384191260802
RGI2000-v7.0-C-15-04467,86.93191010886856,27.921135,1.4155696318990585
RGI2000-v7.0-C-15-04468,86.9155185,27.886313,0.1417362852317306
RGI2000-v7.0-C-15-04469,86.91530613015233,27.868577000000002,0.14188162763717976
RGI2000-v7.0-C-15-04470,86.92077190177983,27.8673035,0.038939227309358775
RGI2000-v7.0-C-15-04471,86.92999586815338,27.8660455,0.025431568187046474
RGI2000-v7.0-C-15-04472,86.94062124595588,27.863930500000002,1.4121482821609606
RGI2000-v7.0-C-15-04473,86.92493007933317,27.8445575,0.45435351695724896
RGI2000-v7.0-C-15-04474,86.909448,27.854198500000003,0.02091385381457319
RGI2000-v7.0-C-15-04475,86.90706349140359,27.856478,0.0848534937933267
RGI2000-v7.0-C-15-04476,86.90374272838346,27.8589665,0.10680364140853252
RGI2000-v7.0-C-15-04477,86.89815394372386,27.8687135,9.738477933659297
RGI2000-v7.0-C-15-04478,86.89989952371602,27.842792,4.966832513927434
RGI2000-v7.0-C-15-04479,86.88484814685316,27.839474000000003,0.7587406341298865
RGI2000-v7.0-C-15-04480,86.88929699264706,27.8302045,0.032898406858336664
RGI2000-v7.0-C-15-04481,86.88711069855648,27.816741999999998,5.4948484876596675
RGI2000-v7.0-C-15-04482,86.87732648679753,27.805552,2.0199943787072154
RGI2000-v7.0-C-15-04483,86.86757506347439,27.803932,0.9739346923339849
RGI2000-v7.0-C-15-04484,86.86193053476615,27.8045745,0.10882192114345275
RGI2000-v7.0-C-15-04485,86.86275718097995,27.810644,0.06082070788729478
RGI2000-v7.0-C-15-04486,86.85800402498886,27.8177385,0.060086721337948575
RGI2000-v7.0-C-15-04487,86.84975714350102,27.8166195,0.07612470324080232
RGI2000-v7.0-C-15-04488,86.83919192297756,27.8174405,0.06396149455143132
RGI2000-v7.0-C-15-04489,86.8388149549543,27.813141,0.08189073733992873
RGI2000-v7.0-C-15-04490,86.8336837562876,27.8139875,0.01683714216039868
RGI2000-v7.0-C-15-04491,86.8310860235849,27.812964,0.02715794803590851
RGI2000-v7.0-C-15-04492,86.83208376646695,27.8077915,0.41148933520754843
RGI2000-v7.0-C-15-04493,86.82510563624722,27.8128435,0.08898386571056273
RGI2000-v7.0-C-15-04494,86.81631061581027,27.8069075,0.16901317750346687
RGI2000-v7.0-C-15-04495,86.81076058240535,27.808753,0.09817966615833834
RGI2000-v7.0-C-15-04496,86.804711,27.807706,0.28806392232146616
RGI2000-v7.0-C-15-04497,86.79668243192529,27.7998025,1.1434928177986086
RGI2000-v7.0-C-15-04498,86.79984746591063,27.792622,0.05603952776166828
RGI2000-v7.0-C-15-04499,86.79164174346583,27.791798,0.5213468294256057
RGI2000-v7.0-C-15-04500,86.78405012300115,27.7832485,0.022205325444686303
RGI2000-v7.0-C-15-04501,86.77604261033284,27.782505999999998,0.2256382952478719
RGI2000-v7.0-C-15-04502,86.77700429625855,27.7758845,0.04302885321090932
RGI2000-v7.0-C-15-04503,86.77829886904762,27.771365000000003,0.1058905220338264
RGI2000-v7.0-C-15-04504,86.77596726169548,27.795892000000002,0.07966103080759757
RGI2000-v7.0-C-15-04505,86.76999113664007,27.7994475,0.26163387252606274
RGI2000-v7.0-C-15-04506,86.81434280769231,27.7780195,0.10878450947748684
RGI2000-v7.0-C-15-04507,86.81912973267984,27.764187,0.12521029867731653
RGI2000-v7.0-C-15-04508,86.82003964638261,27.7531085,0.05846121125336649
RGI2000-v7.0-C-15-04509,86.81326197629309,27.75063,0.04023424512785374
RGI2000-v7.0-C-15-04510,86.80720532451403,27.7510205,0.059481821547396556
RGI2000-v7.0-C-15-04511,86.81196534576094,27.745317999999997,0.29247409875075686
RGI2000-v7.0-C-15-04512,86.82005483531287,27.7460895,0.051829083692831256
RGI2000-v7.0-C-15-04513,86.83016242375886,27.748176,0.2729055832716653
RGI2000-v7.0-C-15-04514,86.85335944933185,27.7587825,0.08967096963782387
RGI2000-v7.0-C-15-04515,86.8568349777668,27.7526065,0.3019184731067893
RGI2000-v7.0-C-15-04516,86.85154953084688,27.7683195,0.0305226252282882
RGI2000-v7.0-C-15-04517,86.85497220142737,27.769797,0.025657264824008
RGI2000-v7.0-C-15-04518,86.8537451007432,27.7893945,0.1945602932640382
RGI2000-v7.0-C-15-04519,86.85698328619154,27.795049499999998,0.1474490414323011
RGI2000-v7.0-C-15-04520,86.85978020247488,27.793355499999997,0.3662148010065955
RGI2000-v7.0-C-15-04521,86.86518956372657,27.794385,0.055657568252564654
RGI2000-v7.0-C-15-04522,86.85233220455642,27.8063985,1.246171806420784
RGI2000-v7.0-C-15-04523,86.86754058014313,27.8213115,1.0749720738019988
RGI2000-v7.0-C-15-04524,86.85797444282238,27.853101000000002,0.05966284095896527
RGI2000-v7.0-C-15-04525,86.85913903288497,27.858456,0.023459104452403227
RGI2000-v7.0-C-15-04526,86.85728834465479,27.8605595,0.14198410924459495
RGI2000-v7.0-C-15-04527,86.8502382943281,27.860290499999998,0.35682253967625444
RGI2000-v7.0-C-15-04528,86.86879111278915,27.857709999999997,0.974788057720768
RGI2000-v7.0-C-15-04529,86.85896039489953,27.875828499999997,1.0697582773547372
RGI2000-v7.0-C-15-04530,86.78947008230722,27.898421,0.1740646503052501
RGI2000-v7.0-C-15-04531,86.7809371787078,27.8952945,0.3832035607459632
RGI2000-v7.0-C-15-04532,86.77402056683069,27.900115,0.03053371814886201
RGI2000-v7.0-C-15-04533,86.77190798719377,27.906005,0.0707432454045605
RGI2000-v7.0-C-15-04534,86.76668149604743,27.9034955,0.30273567040180527
RGI2000-v7.0-C-15-04535,86.76798717483297,27.910521000000003,0.06563886549520351
RGI2000-v7.0-C-15-04536,86.75615005467296,27.908571000000002,0.409413113364241
RGI2000-v7.0-C-15-04537,86.75544318910892,27.9011455,0.15065255754061474
RGI2000-v7.0-C-15-04538,86.75573093792651,27.8930205,0.016827171286890676
RGI2000-v7.0-C-15-04539,86.76844560858586,27.889712,0.21037752254840258
RGI2000-v7.0-C-15-04540,86.7830660311111,27.906515,0.6208802194449283
RGI2000-v7.0-C-15-04541,86.7701814922292,27.9908195,0.018643913600485756
RGI2000-v7.0-C-15-04542,86.77325461414668,27.9973465,0.012283852896751555
RGI2000-v7.0-C-15-04543,86.79607977575361,27.9957075,0.043655544890573855
RGI2000-v7.0-C-15-04544,86.82143582050901,28.0027635,0.2606475011902353
RGI2000-v7.0-C-15-04545,86.83179679056123,28.004733,0.3896431945495647
RGI2000-v7.0-C-15-04546,86.84193928495793,28.0095995,0.052349939105904526
RGI2000-v7.0-C-15-04547,86.84354255338653,28.012096,0.0948641926763224
RGI2000-v7.0-C-15-04548,86.84623830649352,28.014584499999998,0.020320899775972227
RGI2000-v7.0-C-15-04549,86.86328249333333,28.024115000000002,0.013282500029877957
RGI2000-v7.0-C-15-04616,86.60541773547689,28.069395999999998,0.0403579398787502
RGI2000-v7.0-C-15-04617,86.60489003845635,28.066260999999997,0.03012723766143062
RGI2000-v7.0-C-15-04618,86.60610187408818,28.064025,0.01461748540353902
RGI2000-v7.0-C-15-04619,86.59916593987342,28.065022,0.04862328314090465
RGI2000-v7.0-C-15-04620,86.60665684793034,28.0525925,0.3079611656861483
RGI2000-v7.0-C-15-04621,86.60770642213805,28.045536,0.22617832353610912
RGI2000-v7.0-C-15-04622,86.60851465065593,28.040632000000002,0.02635839159784997
RGI2000-v7.0-C-15-04623,86.60039726754333,28.0438695,0.14547578758743568
RGI2000-v7.0-C-15-04624,86.6005992476469,28.0347705,0.033157905735713554
RGI2000-v7.0-C-15-04625,86.6027860325922,28.030131,0.13500785616873273
RGI2000-v7.0-C-15-04626,86.60728784660574,28.023491,0.026585317919912612
RGI2000-v7.0-C-15-04627,86.63554479284464,27.997508,0.14601309028352963
RGI2000-v7.0-C-15-04628,86.64317843681319,27.994866000000002,0.4264875931405502
RGI2000-v7.0-C-15-04629,86.64414370898942,28.0010995,0.8924324036902261
RGI2000-v7.0-C-15-04630,86.63832524274838,27.984296999999998,0.6758212570399449
RGI2000-v7.0-C-15-04631,86.6429180389247,27.980943500000002,0.05331128317269913
RGI2000-v7.0-C-15-04632,86.64754573425861,27.9683035,0.016061474310081206
RGI2000-v7.0-C-15-04633,86.64397119192422,27.9674935,0.13965825189094536
RGI2000-v7.0-C-15-04634,86.65084306408014,27.964232,0.04902137379406071
RGI2000-v7.0-C-15-04635,86.65295641898734,27.967817500000002,0.05419095346244812
RGI2000-v7.0-C-15-04636,86.6527245021059,27.9583215,0.2577256429026615
RGI2000-v7.0-C-15-04637,86.66869028307889,27.9996225,0.03517902862337906
RGI2000-v7.0-C-15-04638,86.661453,28.0201125,0.048964977199552784
RGI2000-v7.0-C-15-04639,86.66260177925676,28.0265705,0.9254893574958417
RGI2000-v7.0-C-15-04640,86.65677889616254,28.034003,0.0462666109048252
RGI2000-v7.0-C-15-04641,86.66452927022058,28.0366085,0.12315588027103747
RGI2000-v7.0-C-15-04642,86.69890266254696,28.046969,0.44589103701579746
RGI2000-v7.0-C-15-04643,86.73083587078747,28.0076645,0.1487349952636332
RGI2000-v7.0-C-15-04644,86.72332955281804,27.983325,0.6443637421020013
RGI2000-v7.0-C-15-04647,86.74705608259666,28.090128999999997,0.2928653204823174
RGI2000-v7.0-C-15-04648,86.74357206411638,28.090895500000002,0.056004946276423134
RGI2000-v7.0-C-15-04757,86.569399,28.0692005,0.07324106860338482
RGI2000-v7.0-C-15-04758,86.57342973552338,28.0670465,0.10242623575767128
RGI2000-v7.0-C-15-04759,86.5723603565227,28.0430565,0.057862631268436666
RGI2000-v7.0-C-15-04760,86.5535721265001,28.008874,0.042662460567833405
RGI2000-v7.0-C-15-04761,86.558680217011,28.0065995,0.10145479216663655
RGI2000-v7.0-C-15-04762,86.54850864768451,27.9967255,7.029206518150227
RGI2000-v7.0-C-15-04763,86.57736421950386,27.990201499999998,0.060008430356644854
RGI2000-v7.0-C-15-04764,86.53391223225627,27.973559,0.37539996182764473
RGI2000-v7.0-C-15-04765,86.51672078109284,27.982461,0.071660823262297
RGI2000-v7.0-C-15-04769,86.53401080884272,28.0206175,0.08493736543537163
RGI2000-v7.0-C-15-04819,86.52651491673178,27.927698999999997,0.06991291865961519
RGI2000-v7.0-C-15-04820,86.56377160110458,27.857034,4.087291787091038
RGI2000-v7.0-C-15-04821,86.55083064820676,27.8517655,0.03404679031653072
RGI2000-v7.0-C-15-04822,86.57053614847487,27.843833500000002,0.2885191142337355
RGI2000-v7.0-C-15-04823,86.58090830428958,27.8455675,0.33695575825243523
RGI2000-v7.0-C-15-04824,86.5801768952733,27.839913000000003,0.16573000737808247
RGI2000-v7.0-C-15-04825,86.58771394865994,27.85155,0.6905353912117222
RGI2000-v7.0-C-15-04826,86.58037464866864,27.8548345,0.39160693247246936
RGI2000-v7.0-C-15-04827,86.57878269625323,27.818042,0.21242669031786876
RGI2000-v7.0-C-15-04828,86.56807422727273,27.819188,0.5465437892022297
RGI2000-v7.0-C-15-04829,86.55739752959792,27.8103645,0.15057971269536713
RGI2000-v7.0-C-15-04830,86.55269336688937,27.818022,0.9014178885750616
RGI2000-v7.0-C-15-04831,86.52420344881334,27.816546000000002,0.04513384112894634
RGI2000-v7.0-C-15-04832,86.50356625621879,27.8189505,0.06698131382999455
RGI2000-v7.0-C-15-04833,86.49493738243243,27.817708,0.8180929931228681
RGI2000-v7.0-C-15-04834,86.4988559611958,27.809958,0.1865947218186008
RGI2000-v7.0-C-15-04835,86.48878916952589,27.8039485,0.24012621756908192
RGI2000-v7.0-C-15-04836,86.48431927587968,27.8059625,0.2513149158182852
RGI2000-v7.0-C-15-04837,86.47545976811594,27.807591000000002,0.09066816588023605
RGI2000-v7.0-C-15-04838,86.47842382506363,27.8124885,0.05816375247414623
RGI2000-v7.0-C-15-04839,86.48338693678707,27.8192115,0.3826014371441353
RGI2000-v7.0-C-15-04840,86.4815627331081,27.824392500000002,0.04186083998163207
RGI2000-v7.0-C-15-04841,86.47924846236559,27.8273095,0.503953368208713
RGI2000-v7.0-C-15-04842,86.47173429964329,27.829467,0.027920897725745263
RGI2000-v7.0-C-15-04843,86.46803147214982,27.8314245,0.7391826392354793
RGI2000-v7.0-C-15-04844,86.45573554361708,27.8338225,0.1365637801597257
RGI2000-v7.0-C-15-04845,86.44981208090266,27.830721500000003,0.01909104636526516
RGI2000-v7.0-C-15-04846,86.4544650213923,27.8399695,0.5249156744120187
RGI2000-v7.0-C-15-04847,86.44695203815147,27.8472005,0.03706321929080489
RGI2000-v7.0-C-15-04848,86.44534317624955,27.852578,0.07270820649918557
RGI2000-v7.0-C-15-04849,86.45030398058253,27.8552135,0.7675872647375334
RGI2000-v7.0-C-15-04850,86.43621325613839,27.8389145,0.033745002510500915
RGI2000-v7.0-C-15-04851,86.42622867817042,27.8321585,9.928085876051119
RGI2000-v7.0-C-15-04852,86.41153357489452,27.819902,0.03973674756384402
RGI2000-v7.0-C-15-04853,86.41492613107823,27.8165475,0.07082402686141215
RGI2000-v7.0-C-15-04854,86.4132054845152,27.8152765,0.0738797542732378
RGI2000-v7.0-C-15-04855,86.42027300000001,27.810025,0.022273502620529385
RGI2000-v7.0-C-15-04856,86.42623707605992,27.808405999999998,0.43707061334273273
RGI2000-v7.0-C-15-04857,86.43595875367978,27.8086545,0.026986089325543063
RGI2000-v7.0-C-15-04858,86.43912693254599,27.802478999999998,0.06969304686369994
RGI2000-v7.0-C-15-04859,86.44361724156852,27.8028415,0.02999118911905645
RGI2000-v7.0-C-15-04860,86.46678293421053,27.813747499999998,2.782286221805833
RGI2000-v7.0-C-15-04861,86.50296459324704,27.799014,1.5200931444825345
RGI2000-v7.0-C-15-04862,86.49999590264869,27.786070000000002,0.2825554752279503
RGI2000-v7.0-C-15-04863,86.51268645016148,27.7850695,1.804854425504623
RGI2000-v7.0-C-15-04864,86.51973466301969,27.7787155,0.310059682430532
RGI2000-v7.0-C-15-04865,86.5175612763663,27.775036999999998,0.01783785641686626
RGI2000-v7.0-C-15-04866,86.51306928202247,27.773348,0.18310812532980106
RGI2000-v7.0-C-15-04867,86.50491392715868,27.765865,0.2136512101686573
RGI2000-v7.0-C-15-04868,86.54731120914062,27.757711999999998,0.02538136295780922
RGI2000-v7.0-C-15-04869,86.56410424799301,27.74751,0.07448876240393038
RGI2000-v7.0-C-15-04870,86.56306439866505,27.7339865,0.039139168024087234
RGI2000-v7.0-C-15-04871,86.56369947796144,27.730924,0.5197789555585254
RGI2000-v7.0-C-15-04872,86.55216044403099,27.727777500000002,1.0753710561894019
RGI2000-v7.0-C-15-04873,86.5487855020408,27.723125500000002,0.42920079523839644
RGI2000-v7.0-C-15-04874,86.55570278089797,27.715657,0.4260335366100639
RGI2000-v7.0-C-15-04875,86.541800922123,27.706667,0.24595026255775487
RGI2000-v7.0-C-15-04876,86.59588793155025,27.737791,3.2613036108129854
RGI2000-v7.0-C-15-04877,86.60692112500001,27.726709,0.20552178941574406
RGI2000-v7.0-C-15-04878,86.61013034433962,27.722324,0.3713494541687889
RGI2000-v7.0-C-15-04879,86.61196769285714,27.717075,0.05376917637464213
RGI2000-v7.0-C-15-04880,86.6162659059633,27.713113,0.06551858343004238
RGI2000-v7.0-C-15-04881,86.62254899226234,27.712296000000002,0.5710872179789848
RGI2000-v7.0-C-15-04882,86.63336793229108,27.7115195,0.16231488088721258
RGI2000-v7.0-C-15-04883,86.63245323631956,27.7021215,0.04413660532362513
RGI2000-v7.0-C-15-04884,86.63054863301883,27.722996000000002,0.9090958927061334
RGI2000-v7.0-C-15-04885,86.6191411565917,27.7267785,0.027304092273821214
RGI2000-v7.0-C-15-04886,86.62663926748303,27.739780500000002,3.0463772049508724
RGI2000-v7.0-C-15-04887,86.60877753054262,27.755601499999997,0.3298145831246168
RGI2000-v7.0-C-15-04888,86.60824348395722,27.764298,1.0673370908491429
RGI2000-v7.0-C-15-04889,86.60332029763548,27.7691645,0.03631794623726753
RGI2000-v7.0-C-15-04890,86.607458106508,27.771729999999998,0.035514087447822994
RGI2000-v7.0-C-15-04891,86.59782121097047,27.77086,0.21983809241661728
RGI2000-v7.0-C-15-04892,86.55585824960632,27.774699,0.2557232145917086
RGI2000-v7.0-C-15-04893,86.590773,27.8177735,0.3425287515188214
RGI2000-v7.0-C-15-04894,86.6066479325183,27.8139075,0.0666805653852359
RGI2000-v7.0-C-15-04895,86.63142540929832,27.794221,0.7614970399118701
RGI2000-v7.0-C-15-04896,86.63830873817332,27.7864485,0.0367146820076832
RGI2000-v7.0-C-15-04897,86.64727160288066,27.786186999999998,1.0731150763414885
RGI2000-v7.0-C-15-04898,86.65630493200742,27.782624,0.027740804151457417
RGI2000-v7.0-C-15-04899,86.65620231214149,27.771221,0.2776448288816584
RGI2000-v7.0-C-15-04900,86.66193096540178,27.7696435,0.10457265316303022
RGI2000-v7.0-C-15-04901,86.64579919136605,27.774894500000002,0.038331216752545916
RGI2000-v7.0-C-15-04902,86.78219210469406,27.7326115,0.02203483179317209
RGI2000-v7.0-C-15-04903,86.79858874881516,27.726657000000003,1.7513091084167975
RGI2000-v7.0-C-15-04904,86.79567711297764,27.7178465,0.671696046213984
RGI2000-v7.0-C-15-04905,86.79359857150357,27.7140145,0.026613168240141122
RGI2000-v7.0-C-15-04906,86.79314653159145,27.710628,0.15201233045511703
RGI2000-v7.0-C-15-04907,86.78647034572849,27.700916499999998,0.3111912120896882
RGI2000-v7.0-C-15-04908,86.78393931879978,27.6950425,0.2483485425901647
RGI2000-v7.0-C-15-04909,86.78760504512579,27.6881085,0.10776424424850897
RGI2000-v7.0-C-15-04910,86.79148268968379,27.687834,0.10744339473166054
RGI2000-v7.0-C-15-04911,86.78897586870696,27.6819,0.1435570295971958
RGI2000-v7.0-C-15-04912,86.7844449612555,27.6859705,0.013074121998596179
RGI2000-v7.0-C-15-04913,86.77696334223072,27.7009795,0.02314570555733606
RGI2000-v7.0-C-15-04914,86.7801791647001,27.705617,0.0700466586787121
RGI2000-v7.0-C-15-04915,86.80358899317103,27.738123,0.9767035193095633
RGI2000-v7.0-C-15-04916,86.79375992188267,27.7463635,0.2960130210345199
RGI2000-v7.0-C-15-04917,86.83301482605194,27.774199,12.39771695614174
RGI2000-v7.0-C-15-04918,86.8231688396347,27.800891999999997,1.0609566989009627
RGI2000-v7.0-C-15-04919,86.88587709650923,27.779106499999997,0.032580472047013455
RGI2000-v7.0-C-15-04920,86.8965472751336,27.777526,4.595370976143549
RGI2000-v7.0-C-15-04921,86.90895277170645,27.774732,0.3312372767304538
RGI2000-v7.0-C-15-04922,86.9167796610629,27.7707805,0.30607931195841953
RGI2000-v7.0-C-15-04923,86.91680254808318,27.766911,0.034703944851898434
RGI2000-v7.0-C-15-04924,86.91878810748128,27.7636735,0.06754471123794274
RGI2000-v7.0-C-15-04925,86.91981351000896,27.7593235,0.11505009256839896
RGI2000-v7.0-C-15-04926,86.91151674209246,27.759562000000003,0.10594726580879399
RGI2000-v7.0-C-15-04927,86.91250810171104,27.754610999999997,0.23413187634974875
RGI2000-v7.0-C-15-04928,86.90575867042628,27.753414,0.23464408566092912
RGI2000-v7.0-C-15-04929,86.9030992995128,27.7595665,0.21406356533445106
RGI2000-v7.0-C-15-04930,86.89813420311566,27.756055500000002,0.4253433578409892
RGI2000-v7.0-C-15-04931,86.88955714628821,27.748200500000003,0.40707313411274393
RGI2000-v7.0-C-15-04932,86.89749984260705,27.7412285,0.1494807784556811
RGI2000-v7.0-C-15-04933,86.87711863307119,27.727077,0.03765783870123764
RGI2000-v7.0-C-15-04934,86.8631970907613,27.721849499999998,1.7508221212594992
RGI2000-v7.0-C-15-04935,86.84560406589674,27.7174175,0.03643663166602862
RGI2000-v7.0-C-15-04936,86.84537914590526,27.710154,0.25798621756436496
RGI2000-v7.0-C-15-04937,86.84356566593985,27.705571499999998,0.012913404832513499
RGI2000-v7.0-C-15-04938,86.84093966902861,27.701646500000003,0.0971525985121438
RGI2000-v7.0-C-15-04939,86.836128,27.7151705,0.07958706839768265
RGI2000-v7.0-C-15-04940,86.85713298904909,27.705438,1.5595964692419315
RGI2000-v7.0-C-15-04941,86.891235220948,27.709094,17.416345144930215
RGI2000-v7.0-C-15-04942,86.91264739130435,27.692348,1.0976214616996414
RGI2000-v7.0-C-15-04943,86.92002938281485,27.688022,0.607881425985864
RGI2000-v7.0-C-15-04944,86.92923775,27.684735500000002,0.06903451981868704
RGI2000-v7.0-C-15-04945,86.90416259691358,27.683463000000003,0.22364196681808082
RGI2000-v7.0-C-15-04946,86.89080588678647,27.669285000000002,0.1250429536606781
RGI2000-v7.0-C-15-04947,86.87926316838974,27.662606,4.408464128701538
RGI2000-v7.0-C-15-04948,86.87775509946948,27.6482715,0.03554694049888718
RGI2000-v7.0-C-15-04949,86.86611176311297,27.6377405,0.10946805519656835
RGI2000-v7.0-C-15-04950,86.86160855989016,27.661019000000003,0.1928951559461125
RGI2000-v7.0-C-15-04951,86.8652463777735,27.669921000000002,0.8946175752556755
RGI2000-v7.0-C-15-04952,86.96015176177337,27.7239475,0.07411475969108706
RGI2000-v7.0-C-15-04953,86.97314507499999,27.738839,0.04692956468252265
RGI2000-v7.0-C-15-04954,86.98258670002532,27.736466999999998,4.296239598081423
RGI2000-v7.0-C-15-04955,86.99319788672616,27.729197999999997,0.25873192982744636
RGI2000-v7.0-C-15-04956,87.00047925694444,27.728721999999998,0.031789891410098935
RGI2000-v7.0-C-15-04957,86.99240048591821,27.710836,3.8390400890581073
RGI2000-v7.0-C-15-04958,86.985242,27.695549999999997,1.1571213846019464
RGI2000-v7.0-C-15-04959,86.98411699366628,27.6809085,0.19543195564979635
RGI2000-v7.0-C-15-04960,86.98641988879353,27.676902499999997,0.01866206098653179
RGI2000-v7.0-C-15-04961,86.98693290532545,27.67214,0.055817359524513936
RGI2000-v7.0-C-15-04962,86.98436308830897,27.6585745,0.06279391139226083
RGI2000-v7.0-C-15-04963,86.9811395,27.655732999999998,0.02895841543080207
RGI2000-v7.0-C-15-04964,86.98115172984814,27.6533315,0.07549834985083181
RGI2000-v7.0-C-15-04965,86.9856867215909,27.650751,0.04389401759323353
RGI2000-v7.0-C-15-04966,86.97900934687499,27.647408499999997,0.12772007322305495
RGI2000-v7.0-C-15-04967,87.01286894622126,27.704563,1.256946799842894
RGI2000-v7.0-C-15-04968,87.01854527155172,27.717862500000003,2.074056020141802
RGI2000-v7.0-C-15-04969,87.02889558749891,27.7356835,0.12437188028157314
RGI2000-v7.0-C-15-04970,87.0475193738759,27.742083,1.524881139031094
RGI2000-v7.0-C-15-04971,87.06051399948025,27.768721499999998,0.20119770260601322
RGI2000-v7.0-C-15-04972,87.06752576046512,27.7685065,0.09755993731725789
RGI2000-v7.0-C-15-04973,87.07149196594735,27.7691255,0.14914995351941043
RGI2000-v7.0-C-15-04974,87.07921672413794,27.768572,0.720128507118506
RGI2000-v7.0-C-15-04975,87.08512841331658,27.7606975,3.1865707119228293
RGI2000-v7.0-C-15-04976,87.09601042884614,27.77514,0.8002253145316033
RGI2000-v7.0-C-15-04977,87.10732929630682,27.781651500000002,0.047746397473629534
RGI2000-v7.0-C-15-04978,87.11296647239004,27.7805245,0.8642028361702343
RGI2000-v7.0-C-15-04979,87.12638172884103,27.7627145,5.598008216849054
RGI2000-v7.0-C-15-04980,87.12313108877285,27.7455325,0.5247377638192854
RGI2000-v7.0-C-15-04981,87.13380144318135,27.746221,0.13088592279098296
RGI2000-v7.0-C-15-04982,87.14064452308004,27.745367,0.17154247773325654
RGI2000-v7.0-C-15-04983,87.1960358785558,27.772865,0.2806390871080161
RGI2000-v7.0-C-15-04984,87.16993427118507,27.802311500000002,0.8042947203028981
RGI2000-v7.0-C-15-04985,87.16480151888035,27.8106485,1.9723895045922122
RGI2000-v7.0-C-15-04988,87.21598171788577,27.816612,0.36897608316467256
RGI2000-v7.0-C-15-04993,87.09927128082563,27.861311,4.000147899665722
RGI2000-v7.0-C-15-04994,87.08871812713359,27.8685735,4.533717819492437
RGI2000-v7.0-C-15-04995,87.08205313047219,27.889615,0.042824113995536366
RGI2000-v7.0-C-15-04996,87.08241810993303,27.8984885,0.03811788727970568
RGI2000-v7.0-C-15-04997,87.0653416440716,27.891339,3.0717435196608798
RGI2000-v7.0-C-15-04998,87.05542738888889,27.876201000000002,0.11459476189109476
RGI2000-v7.0-C-15-04999,87.05415029202084,27.8496065,0.1700332142783413
RGI2000-v7.0-C-15-05000,87.05911044959936,27.8457275,0.3946917106972119
RGI2000-v7.0-C-15-05001,87.05512560222222,27.839745,0.2020514458767157
RGI2000-v7.0-C-15-05002,87.0945882745098,27.842783,0.3167393102798901
RGI2000-v7.0-C-15-05003,87.10732260376885,27.842257,1.5282431993671681
RGI2000-v7.0-C-15-05004,87.11527465625,27.835018499999997,0.641592487102032
RGI2000-v7.0-C-15-05005,87.112999959311,27.8291085,0.552001224200936
RGI2000-v7.0-C-15-05006,87.11978174176647,27.8171115,0.16504249753272773
RGI2000-v7.0-C-15-05007,87.13557726361657,27.819968000000003,5.696804955367115
RGI2000-v7.0-C-15-05008,87.0791115597723,27.7874615,0.399340932609081
RGI2000-v7.0-C-15-05009,87.06295722786815,27.780516,0.9496717856844376
RGI2000-v7.0-C-15-05010,87.05522784297872,27.78394,0.21916422882830525
RGI2000-v7.0-C-15-05011,87.00547934375,27.7649105,25.33029691091656
RGI2000-v7.0-C-15-05012,86.97904199999999,27.75331,1.3086050480268214
RGI2000-v7.0-C-15-05013,86.96520523928591,27.7665175,0.38714358934174936
RGI2000-v7.0-C-15-05014,86.97397002555988,27.7741355,1.65421626305671
RGI2000-v7.0-C-15-05015,86.97196783798537,27.7859695,0.600535148229693
RGI2000-v7.0-C-15-05016,87.00604132235227,27.8073955,0.023692874742110296
RGI2000-v7.0-C-15-05017,87.02249991127195,27.8659595,0.06733199112732928
RGI2000-v7.0-C-15-05018,87.01543621428573,27.867604,0.08401725633676736
RGI2000-v7.0-C-15-05019,86.96798057072361,27.882547000000002,0.07600079070058723
RGI2000-v7.0-C-15-05020,86.92533119165515,27.818617,0.06850163687090607
RGI2000-v7.0-C-15-05021,86.91894713521756,27.814401500000002,1.3217334990031873
RGI2000-v7.0-C-15-05022,86.89861932775378,27.798119,0.02610266675518798
RGI2000-v7.0-C-15-05023,86.89432155311704,27.7963515,0.056329850705010044
RGI2000-v7.0-C-15-05024,86.90027713282937,27.790477000000003,0.1056508531141582
RGI2000-v7.0-C-15-05025,87.04700309374999,27.9094595,6.851504044759212
RGI2000-v7.0-C-15-05026,87.04447758494784,27.9210125,0.021213582862179087
RGI2000-v7.0-C-15-05036,87.00146675052744,27.9542095,0.05099715481589566
RGI2000-v7.0-C-15-05217,87.57403142213104,27.858833,0.2276414672890488
RGI2000-v7.0-C-15-05221,87.59192575025419,27.833332,0.12633882317175585
RGI2000-v7.0-C-15-05223,87.61645259318746,27.808259,0.5805142499312612
RGI2000-v7.0-C-15-05224,87.6626156637682,27.804491,0.023423675035882316
RGI2000-v7.0-C-15-05227,87.66264787311016,27.819646499999998,0.015616805305103345
RGI2000-v7.0-C-15-05228,87.66402324773443,27.8292915,0.6533245675616746
RGI2000-v7.0-C-15-05233,87.69671713942307,27.8104855,0.4569192189427735
RGI2000-v7.0-C-15-05234,87.71857697077922,27.804547,0.05014873540293924
RGI2000-v7.0-C-15-05235,87.72115950423729,27.799782,0.12375713883925304
RGI2000-v7.0-C-15-05258,87.792687584503,27.899711,0.4134095116704658
RGI2000-v7.0-C-15-05260,87.82535106818182,27.917184499999998,0.40535160123421937
RGI2000-v7.0-C-15-05261,87.85405263806545,27.9022505,5.520229613355813
RGI2000-v7.0-C-15-05262,87.88549887131519,27.871457499999998,0.20362270007748035
RGI2000-v7.0-C-15-05263,87.87888401029448,27.864838499999998,0.01676610395380515
RGI2000-v7.0-C-15-05264,87.87482649233716,27.8602835,0.05270037909663381
RGI2000-v7.0-C-15-05265,87.87410302873563,27.8538465,0.20220568213389994
RGI2000-v7.0-C-15-05266,87.90341615843698,27.815452999999998,0.30796786417863836
RGI2000-v7.0-C-15-05267,87.90464753291536,27.80848,0.17651807100124806
RGI2000-v7.0-C-15-05268,87.89631895903483,27.8089425,0.12725957955795897
RGI2000-v7.0-C-15-05269,87.94946024560464,27.811006,0.04112358503799581
RGI2000-v7.0-C-15-05270,87.98195887100083,27.8016035,0.01865775107798599
RGI2000-v7.0-C-15-05271,87.98479219444445,27.804102999999998,0.06688660024228847
RGI2000-v7.0-C-15-05272,87.98479754855117,27.7984875,0.264290578873674
RGI2000-v7.0-C-15-05273,87.98487826754882,27.792785000000002,0.12617211356219205
RGI2000-v7.0-C-15-05274,87.98783428479658,27.790814,0.0535343841165831
RGI2000-v7.0-C-15-05275,88.0048299621294,27.8078285,0.7076135688007209
RGI2000-v7.0-C-15-05276,88.00054103692307,27.815059,0.08974152822407368
RGI2000-v7.0-C-15-05277,88.00716816385571,27.817708500000002,0.17943874642675992
RGI2000-v7.0-C-15-05278,87.99529071854353,27.820114,0.06911416239647603
RGI2000-v7.0-C-15-05279,88.02192490634482,27.829347499999997,0.5057707866138872
RGI2000-v7.0-C-15-05280,88.02445355233232,27.833559,0.024006281355003434
RGI2000-v7.0-C-15-05281,88.02561060881104,27.837136,0.10001881359500132
RGI2000-v7.0-C-15-05282,88.02128772222223,27.839028,0.09919194068231749
RGI2000-v7.0-C-15-05283,88.01820126565846,27.837647,0.08554062513941338
RGI2000-v7.0-C-15-05284,88.01160370160422,27.8486275,0.10266337770224808
RGI2000-v7.0-C-15-05285,88.01607191705077,27.85329,0.18662852902277016
RGI2000-v7.0-C-15-05286,88.0119652306867,27.85491,0.028347173212661485
RGI2000-v7.0-C-15-05287,88.04115009254505,27.878548000000002,0.03004198345317084
RGI2000-v7.0-C-15-05288,88.04320189382726,27.885337,0.024498513275928772
RGI2000-v7.0-C-15-05297,88.06363888073562,27.8406915,1.3098123279586715
RGI2000-v7.0-C-15-05298,88.06751044494375,27.8084785,0.06730188780372401
RGI2000-v7.0-C-15-05299,88.07451386616702,27.806815999999998,0.02499982100840882
RGI2000-v7.0-C-15-05300,88.0842927947889,27.812573,0.8351258786604684
RGI2000-v7.0-C-15-05301,88.11792700149253,27.813038,0.05995678523009357
RGI2000-v7.0-C-15-05302,88.12547908942588,27.796738,0.05121010862279734
RGI2000-v7.0-C-15-05303,88.10691066158537,27.772118499999998,0.24556951056165074
RGI2000-v7.0-C-15-05304,88.10120928245685,27.771794,0.2577293666365838
RGI2000-v7.0-C-15-05305,88.0945754701825,27.774229,0.12111744562626761
RGI2000-v7.0-C-15-05306,88.07976414027763,27.77494,0.06411861524428424
RGI2000-v7.0-C-15-05307,88.07607256992567,27.7777975,0.11835701328827113
RGI2000-v7.0-C-15-05308,88.06159251153247,27.7673975,1.3375336490149343
RGI2000-v7.0-C-15-05309,88.04774322671307,27.7707975,0.012352181037881268
RGI2000-v7.0-C-15-05310,88.04142166721854,27.7461765,0.07512345834412187
RGI2000-v7.0-C-15-05311,88.04066269953485,27.737508,5.283316980452401
RGI2000-v7.0-C-15-05312,88.04376955800726,27.7321495,0.0948950967294546
RGI2000-v7.0-C-15-05313,88.04777248072824,27.7325655,0.10014510589430316
RGI2000-v7.0-C-15-05314,88.05229213163756,27.723186,0.9333376806120827
RGI2000-v7.0-C-15-05315,88.05061040661644,27.714086,0.3739921839515596
RGI2000-v7.0-C-15-05316,88.05960670353214,27.71588,0.6753532140843531
RGI2000-v7.0-C-15-05317,88.06746354545456,27.715913999999998,0.1524845490225577
RGI2000-v7.0-C-15-05318,88.05351277294167,27.742413499999998,0.11493873305179636
RGI2000-v7.0-C-15-05319,88.02824444991847,27.748261999999997,0.1332864721154972
RGI2000-v7.0-C-15-05320,88.02541977777778,27.752944,0.14777936821722315
RGI2000-v7.0-C-15-05321,88.0093264599856,27.7565465,0.5057494393328504
RGI2000-v7.0-C-15-05322,88.00464459925618,27.741844,0.06460128371636953
RGI2000-v7.0-C-15-05323,88.00781405453726,27.737092500000003,0.028533357099545378
RGI2000-v7.0-C-15-05324,88.00400031484901,27.736266,0.08038443046904231
RGI2000-v7.0-C-15-05325,88.01147144968553,27.7343515,0.4902188587353041
RGI2000-v7.0-C-15-05326,88.03703505122124,27.703740000000003,8.282828531057104
RGI2000-v7.0-C-15-05327,88.02058034888549,27.688775,1.184991253942355
RGI2000-v7.0-C-15-05328,88.01126441881014,27.689799999999998,0.0802102091290698
RGI2000-v7.0-C-15-05329,88.00697705311207,27.690185,0.1619908137507841
RGI2000-v7.0-C-15-05330,88.00773174513122,27.685017000000002,0.1728074760578764
RGI2000-v7.0-C-15-05331,88.01077142806561,27.694981499999997,0.24926021593463524
RGI2000-v7.0-C-15-05332,88.00073060377358,27.6952,0.5087663482076481
RGI2000-v7.0-C-15-05333,87.98840782608696,27.693199,0.14130201935454825
RGI2000-v7.0-C-15-05334,87.98274755291351,27.691535000000002,0.43358316369733474
RGI2000-v7.0-C-15-05335,87.98973771306208,27.687131,0.021457795582738633
RGI2000-v7.0-C-15-05336,87.99212058632025,27.686472000000002,0.036438274543295714
RGI2000-v7.0-C-15-05337,87.98335116291497,27.6745215,2.2926110579162167
RGI2000-v7.0-C-15-05338,87.98081140128313,27.666774,0.11049627668250804
RGI2000-v7.0-C-15-05339,87.97498254565218,27.6649475,0.662562890528185
RGI2000-v7.0-C-15-05340,87.98092850610067,27.6587925,0.18488689976976638
RGI2000-v7.0-C-15-05341,87.97548671358831,27.656827999999997,0.060551523045277736
RGI2000-v7.0-C-15-05342,87.96609603414635,27.6556575,0.024618477224496324
RGI2000-v7.0-C-15-05343,87.98958406457876,27.6538775,0.12104615521573897
RGI2000-v7.0-C-15-05344,87.99509851409277,27.657007999999998,0.6702500237650261
RGI2000-v7.0-C-15-05345,88.00958905355392,27.666326,1.3727290335585296
RGI2000-v7.0-C-15-05346,88.01156545890856,27.6262835,1.296909457169434
RGI2000-v7.0-C-15-05347,88.00394368577327,27.6138515,0.3300158893872913
RGI2000-v7.0-C-15-05348,87.99650601458629,27.612139,0.03570823492180801
RGI2000-v7.0-C-15-05349,87.9974158143731,27.617694,0.5193297357032318
RGI2000-v7.0-C-15-05350,87.99176422957692,27.6181525,0.4739654167327411
RGI2000-v7.0-C-15-05351,87.98181779978586,27.608401,0.20832955949522955
RGI2000-v7.0-C-15-05352,87.97835910601898,27.5996595,1.0740483725173096
RGI2000-v7.0-C-15-05353,87.9677589516129,27.6068325,0.031558246151396574
RGI2000-v7.0-C-15-05354,88.0279244751773,27.619772,0.3424818904802712
RGI2000-v7.0-C-15-05355,88.03248705400455,27.6129325,0.23767898183935107
RGI2000-v7.0-C-15-05356,88.0363710397662,27.611293,0.03505519191507084
RGI2000-v7.0-C-15-05357,88.03783350404764,27.615749,0.4901983246528659
RGI2000-v7.0-C-15-05358,88.08863261566724,27.6412345,0.309662739925001
RGI2000-v7.0-C-15-05359,88.09434178921133,27.6411655,0.0699758102448722
RGI2000-v7.0-C-15-05360,88.07318902,27.6682355,0.25489008218266135
RGI2000-v7.0-C-15-05361,88.10296730668736,27.7321245,0.0976656136919338
RGI2000-v7.0-C-15-05362,88.14954175300176,27.767658,0.03421902223338178
RGI2000-v7.0-C-15-05363,88.1877770479808,27.806635,0.07805442755112549
RGI2000-v7.0-C-15-05445,87.99651516028807,27.888232000000002,0.18031810575167742
RGI2000-v7.0-C-15-05446,87.98974968454935,27.885534,0.08578251687808273
RGI2000-v7.0-C-15-05447,87.9526255,27.8493425,0.130062862141272
RGI2000-v7.0-C-15-05448,87.96643592721261,27.7756395,0.13462633014986491
RGI2000-v7.0-C-15-05449,87.97589543200837,27.767482,0.037830279654382765
RGI2000-v7.0-C-15-05450,87.93462894021738,27.736113500000002,0.04105195163942607
RGI2000-v7.0-C-15-05451,87.91790536728152,27.744402,0.05210987114798509
RGI2000-v7.0-C-15-05452,87.89804246894622,27.752495,0.1938701895555548
RGI2000-v7.0-C-15-05453,87.89048337910975,27.732848,0.08082512329619022
RGI2000-v7.0-C-15-05454,87.872462795406,27.737339499999997,0.019555873414965334
RGI2000-v7.0-C-15-05455,87.87022765221775,27.727838,0.037126810325270695
RGI2000-v7.0-C-15-05456,87.90949259240935,27.7244165,0.5024941398123954
RGI2000-v7.0-C-15-05457,87.92726781782946,27.7111925,0.1778723562113086
RGI2000-v7.0-C-15-05458,87.921535,27.696126,0.05509775470078077
RGI2000-v7.0-C-15-05459,87.90600503127061,27.6924165,1.5533772172246527
RGI2000-v7.0-C-15-05460,87.8179616894869,27.748732500000003,0.04366105206954444
RGI2000-v7.0-C-15-05461,87.8173909123532,27.759556500000002,0.01184364905816948
RGI2000-v7.0-C-15-05462,87.81587238225902,27.761397,0.021601960232468093
RGI2000-v7.0-C-15-05463,87.822754617513,27.759242999999998,0.03904044758831522
RGI2000-v7.0-C-15-05464,87.81451219518954,27.7677455,0.09893484971765741
RGI2000-v7.0-C-15-05465,87.81208154988923,27.772537999999997,1.0412390440515786
RGI2000-v7.0-C-15-05466,87.81033849064042,27.776196499999998,0.05394338943129645
RGI2000-v7.0-C-15-05467,87.8049716508165,27.778345,0.06325514110793144
RGI2000-v7.0-C-15-05468,87.80922563409081,27.765009,0.06603871828605413
RGI2000-v7.0-C-15-05469,87.80486060728354,27.7635935,0.3854628390110024
RGI2000-v7.0-C-15-05470,87.8007806292373,27.759902500000003,0.07579621828526624
RGI2000-v7.0-C-15-05471,87.7982111361386,27.758364999999998,0.39449817041476865
RGI2000-v7.0-C-15-05472,87.78710265860215,27.738694,0.04205336299360765
RGI2000-v7.0-C-15-05473,87.7657547554856,27.785384999999998,0.06723187414296503
RGI2000-v7.0-C-15-05474,87.7631199476636,27.7905845,0.05281394240555255
RGI2000-v7.0-C-15-05475,87.78594618298432,27.8082105,0.13060475026998097
RGI2000-v7.0-C-15-05476,87.79582643907301,27.802485500000003,6.926249600568633
RGI2000-v7.0-C-15-05477,87.80792475999885,27.812378000000002,0.04348080121452606
RGI2000-v7.0-C-15-05478,87.81260202451358,27.8085235,0.1341447060365036
RGI2000-v7.0-C-15-05479,87.82083655825242,27.813778499999998,0.4900467845587735
RGI2000-v7.0-C-15-05480,87.82589941522677,27.8161865,0.09521599531815406
RGI2000-v7.0-C-15-05481,87.82714534469633,27.8204865,0.11633888098180188
RGI2000-v7.0-C-15-05482,87.82507481113537,27.826347,0.12290575735388747
RGI2000-v7.0-C-15-05483,87.82069169541283,27.826573,0.06127144170803363
RGI2000-v7.0-C-15-05484,87.82226471602928,27.831657,0.16149695424156435
RGI2000-v7.0-C-15-05485,87.81776329625669,27.821723,0.103563735415247
RGI2000-v7.0-C-15-05486,87.81599237234043,27.818785,0.2999156804393965
RGI2000-v7.0-C-15-05487,87.79748224007962,27.8229585,0.04374100525793104
RGI2000-v7.0-C-15-05488,87.78883675933633,27.8330185,0.14466958923005008
RGI2000-v7.0-C-15-05489,87.7733659812913,27.839757499999997,0.07018193278683829
RGI2000-v7.0-C-15-05491,87.78252295219124,27.869563999999997,0.05869595221856939
RGI2000-v7.0-C-15-05499,87.81227603285123,27.7993755,0.16277475593184376
RGI2000-v7.0-C-15-05500,87.81658754917413,27.7941815,0.08527241821052
RGI2000-v7.0-C-15-05501,87.68406435071942,27.770408,0.5380243750671503
RGI2000-v7.0-C-15-05502,87.67511033003953,27.780911,0.5211451908447251
RGI2000-v7.0-C-15-05503,87.67146371284224,27.7902395,2.5611039969677916
RGI2000-v7.0-C-15-05504,87.66555397747231,27.7742515,0.02550370605529963
RGI2000-v7.0-C-15-05505,87.66579795772059,27.7709985,0.27086601169542995
RGI2000-v7.0-C-15-05506,87.66030145402299,27.766385999999997,0.12341979748224466
RGI2000-v7.0-C-15-05507,87.67111495531915,27.7632765,2.005384550506871
RGI2000-v7.0-C-15-05508,87.68017757301402,27.7524455,0.12188194273492947
RGI2000-v7.0-C-15-05509,87.68576137113402,27.751761000000002,0.029216646858124112
RGI2000-v7.0-C-15-05510,87.68545561932939,27.7558185,0.09864496690814421
RGI2000-v7.0-C-15-05511,87.65901054455364,27.7545105,1.8485611802284014
RGI2000-v7.0-C-15-05512,87.65963348394226,27.7465825,0.09437322696546031
RGI2000-v7.0-C-15-05513,87.65220184906948,27.7422565,0.22123785802958543
RGI2000-v7.0-C-15-05514,87.63956719711732,27.724745,0.08509656806426992
RGI2000-v7.0-C-15-05515,87.63207468162393,27.718640999999998,1.7896520183712443
RGI2000-v7.0-C-15-05516,87.62207477152207,27.7206555,0.6694242018907346
RGI2000-v7.0-C-15-05517,87.61201810458738,27.718074,0.9494112382653084
RGI2000-v7.0-C-15-05518,87.60830483019218,27.7251305,0.09731035104913167
RGI2000-v7.0-C-15-05519,87.61071143975903,27.727240000000002,0.05721947573458834
RGI2000-v7.0-C-15-05520,87.61102385800612,27.7057015,1.6453908344829726
RGI2000-v7.0-C-15-05521,87.61462883168704,27.6993665,0.05782581476136717
RGI2000-v7.0-C-15-05522,87.61972593810043,27.69332,0.537302529070234
RGI2000-v7.0-C-15-05523,87.61551269756356,27.686851500000003,0.039187033456629584
RGI2000-v7.0-C-15-05524,87.61127198275861,27.689704499999998,0.4120931241519531
RGI2000-v7.0-C-15-05525,87.60815926069182,27.685102999999998,0.02225256820172852
RGI2000-v7.0-C-15-05526,87.60516752962086,27.675607,0.02588082829952928
RGI2000-v7.0-C-15-05527,87.62043375488398,27.6727795,0.9599814574136417
RGI2000-v7.0-C-15-05528,87.62481859875,27.707103500000002,0.19462584169280092
RGI2000-v7.0-C-15-05529,87.6296993727274,27.707531,0.22588992989980075
RGI2000-v7.0-C-15-05530,87.64093910545023,27.706744999999998,0.1323461943394677
RGI2000-v7.0-C-15-05531,87.64357969891827,27.7097765,0.0977077811100699
RGI2000-v7.0-C-15-05532,87.70640518033176,27.6778135,0.025691808814025534
RGI2000-v7.0-C-15-05533,88.01605705010121,27.5574255,0.047367485140612266
RGI2000-v7.0-C-15-05534,88.02829158944954,27.553514,0.13847049424343721
RGI2000-v7.0-C-15-05535,88.03214929862938,27.554855,0.04043872061964373
RGI2000-v7.0-C-15-05536,88.03521917516017,27.556538,0.12592223348006729
RGI2000-v7.0-C-15-05537,88.03935665290253,27.5584925,0.0788446562141085
RGI2000-v7.0-C-15-05538,88.03908012764852,27.5536585,0.031482298504554994
RGI2000-v7.0-C-15-05539,88.04240515935484,27.552559000000002,0.01644800997840063
RGI2000-v7.0-C-15-05540,88.04651921096774,27.5572705,0.16907152150595928
RGI2000-v7.0-C-15-05541,88.05721110553527,27.561190500000002,5.716666419988529
RGI2000-v7.0-C-15-05542,88.07667345753481,27.563374500000002,0.07158190916570967
RGI2000-v7.0-C-15-05544,88.05801778448276,27.535035,0.2871828700873646
RGI2000-v7.0-C-15-05545,88.06263016316944,27.528118,0.06834077187962821
RGI2000-v7.0-C-15-05546,88.06557491079059,27.5285275,0.041713671226930336
RGI2000-v7.0-C-15-07001,86.44227925663111,27.8924865,0.08996610493029789
RGI2000-v7.0-C-15-07002,86.4174661660584,27.859138,0.03525530732775218
RGI2000-v7.0-C-15-07003,86.41613490308504,27.8548495,0.34735736566740344
RGI2000-v7.0-C-15-07004,86.4074749534879,27.859103,0.38080015070874745
RGI2000-v7.0-C-15-07005,86.39821210127931,27.859911500000003,0.24438041730115465
RGI2000-v7.0-C-15-07006,86.39572751993167,27.857107499999998,0.06904130030851378
RGI2000-v7.0-C-15-07007,86.39009359632712,27.8555725,0.06157910441732873
RGI2000-v7.0-C-15-07008,86.38909631170887,27.8612225,0.07892916082169671
RGI2000-v7.0-C-15-07009,86.38696003864675,27.8637485,0.13191108348578526
RGI2000-v7.0-C-15-07010,86.3838701925,27.8582125,0.039182609238958985
RGI2000-v7.0-C-15-07011,86.37803710747127,27.861479,0.03682503027442964
RGI2000-v7.0-C-15-07012,86.36784994020356,27.856777,0.019896535819761356
RGI2000-v7.0-C-15-07013,86.36616777143021,27.856180000000002,0.01647313334221433
RGI2000-v7.0-C-15-07014,86.36638756121931,27.8588565,0.05217837549780585
RGI2000-v7.0-C-15-07015,86.35995822477766,27.865546000000002,0.530842961400643
RGI2000-v7.0-C-15-07016,86.36198147468528,27.8709355,0.09187007376665488
RGI2000-v7.0-C-15-07017,86.36002795332038,27.878092000000002,0.02521621171482188
RGI2000-v7.0-C-15-07018,86.35403725909646,27.8805445,0.07107576784515018
RGI2000-v7.0-C-15-07019,86.35183021082949,27.8749205,0.047708151603351734
RGI2000-v7.0-C-15-07020,86.3493989957782,27.9244685,0.030976039016592873
RGI2000-v7.0-C-15-07021,86.34499852542373,27.926113,0.07463147822713509
RGI2000-v7.0-C-15-07022,86.41384396828704,27.8055825,0.38044491184066803
RGI2000-v7.0-C-15-07023,86.41325578529501,27.794061,0.6440790252137508
RGI2000-v7.0-C-15-07024,86.41817350762528,27.788715,0.538856092611101
RGI2000-v7.0-C-15-07025,86.42593006881236,27.7841955,0.05345371318396505
RGI2000-v7.0-C-15-07026,86.4086008584485,27.776268,0.5548725761214256
RGI2000-v7.0-C-15-07027,86.39563743991397,27.771352999999998,0.058552906783941414
RGI2000-v7.0-C-15-07028,86.4095009850322,27.7633,0.05160426158260883
RGI2000-v7.0-C-15-07029,86.4157934572163,27.7652465,0.07953365573514529
RGI2000-v7.0-C-15-07030,86.421410535865,27.766647,0.043636577238962845
RGI2000-v7.0-C-15-07031,86.41282638293305,27.755101500000002,0.03376236018675429
RGI2000-v7.0-C-15-07051,85.86973551039458,28.112156,2.3514783256878364
RGI2000-v7.0-C-15-07052,85.8671348075232,28.0993255,0.23358056455826468
RGI2000-v7.0-C-15-07053,85.85805908374763,28.096384,0.2929943157931961
RGI2000-v7.0-C-15-07054,85.85124299382335,28.1204125,0.21132346249559728
RGI2000-v7.0-C-15-07055,85.85199518656094,28.123587999999998,0.030438471548536856
RGI2000-v7.0-C-15-07056,85.85162255575348,28.128261000000002,0.1561400123070519
RGI2000-v7.0-C-15-07059,85.89169942623074,28.083907500000002,2.1648777789872287
RGI2000-v7.0-C-15-07060,85.9029280966464,28.0845135,0.12209826278259259
RGI2000-v7.0-C-15-07061,85.89862156021897,28.073526,0.11881870738676327
RGI2000-v7.0-C-15-07062,85.8888639334865,28.0722325,0.26451742207725487
RGI2000-v7.0-C-15-07063,85.88977069946438,28.067596,0.027645041915142072
RGI2000-v7.0-C-15-07064,85.89561393924555,28.0510515,0.16824074561300825
RGI2000-v7.0-C-15-07065,85.90417407558576,28.0479845,0.3133893230549457
RGI2000-v7.0-C-15-07069,85.91540073421528,28.0457655,0.6924574102637701
RGI2000-v7.0-C-15-07070,85.89936493894231,28.038853,0.022816277738377008
